box_id	path	cardinality	description
	/IRenvelope		
[N001]	/IRenvelope/IRheader	1..1	Standard header for IR forms
[N002]	/IRenvelope/CompanyTaxReturn	1..1	Company tax return
[N003]	/IRenvelope/CompanyTaxReturn/@ReturnType	1..1	What type of return is this?
[N004]	/IRenvelope/CompanyTaxReturn/CompanyInformation	1..1	Company information
[1]	/IRenvelope/CompanyTaxReturn/CompanyInformation/CompanyName	1..1	Company name as registered at companies house
[2]	/IRenvelope/CompanyTaxReturn/CompanyInformation/RegistrationNumber	0..1	Company registration number
[3]	/IRenvelope/CompanyTaxReturn/CompanyInformation/Reference	1..1	Unique taxpayer reference
[4]	/IRenvelope/CompanyTaxReturn/CompanyInformation/CompanyType	1..1	Type of company
[N009]	/IRenvelope/CompanyTaxReturn/CompanyInformation/NorthernIreland	0..1	Northern Ireland
[5]	/IRenvelope/CompanyTaxReturn/CompanyInformation/NorthernIreland/NItradingActivity	1..1	NI trading activity
[6]	/IRenvelope/CompanyTaxReturn/CompanyInformation/NorthernIreland/SME	0..1	SME
[7]	/IRenvelope/CompanyTaxReturn/CompanyInformation/NorthernIreland/NIemployer	0..1	NI employer
[8]	/IRenvelope/CompanyTaxReturn/CompanyInformation/NorthernIreland/SpecialCircumstances	0..1	Special circumstances
[N010]	/IRenvelope/CompanyTaxReturn/CompanyInformation/PeriodCovered	1..1	Period covered by this return
[30]	/IRenvelope/CompanyTaxReturn/CompanyInformation/PeriodCovered/From	1..1	Date of the beginning of the company's return for period
[35]	/IRenvelope/CompanyTaxReturn/CompanyInformation/PeriodCovered/To	1..1	Date of the end of the company's return for the period
[N014]	/IRenvelope/CompanyTaxReturn/ReturnInfoSummary	1..1	Summary of return information
[40]	/IRenvelope/CompanyTaxReturn/ReturnInfoSummary/ThisPeriod	0..1	A repayment is due for this return period
[45]	/IRenvelope/CompanyTaxReturn/ReturnInfoSummary/EarlierPeriod	0..1	Claim or relief affecting an earlier period
[50]	/IRenvelope/CompanyTaxReturn/ReturnInfoSummary/MultipleReturns	0..1	Making more than one return for this company now
[55]	/IRenvelope/CompanyTaxReturn/ReturnInfoSummary/ProvisionalFigures	0..1	This return contains estimated figures
[60]	/IRenvelope/CompanyTaxReturn/ReturnInfoSummary/PartOfNonSmallGroup	0..1	Company part of a group that is not small
[65]	/IRenvelope/CompanyTaxReturn/ReturnInfoSummary/RegisteredAvoidanceScheme	0..1	Notice of disclosable avoidance schemes
[N022]	/IRenvelope/CompanyTaxReturn/ReturnInfoSummary/TransferPricing	0..1	Transfer pricing
[70]	/IRenvelope/CompanyTaxReturn/ReturnInfoSummary/TransferPricing/Adjustment	0..1	Compensating adjustment claimed
[75]	/IRenvelope/CompanyTaxReturn/ReturnInfoSummary/TransferPricing/SME	0..1	Company qualifies for SME exemption
[N025]	/IRenvelope/CompanyTaxReturn/ReturnInfoSummary/Accounts	1..1	Accounts
[80A]	/IRenvelope/CompanyTaxReturn/ReturnInfoSummary/Accounts/ThisPeriodAccounts	0..1	I attach accounts for the period to which this return relates
[85A]	/IRenvelope/CompanyTaxReturn/ReturnInfoSummary/Accounts/DifferentPeriod	0..1	I attach accounts for a different period
[90A]	/IRenvelope/CompanyTaxReturn/ReturnInfoSummary/Accounts/NoAccountsReason	0..1	Reason for no XBRL accounts
[N028a]	/IRenvelope/CompanyTaxReturn/ReturnInfoSummary/Computations	1..1	Computations
[80B]	/IRenvelope/CompanyTaxReturn/ReturnInfoSummary/Computations/ThisPeriodComputations	1..1	I attach computations for the period to which this return relates
[85B]	/IRenvelope/CompanyTaxReturn/ReturnInfoSummary/Computations/DifferentPeriod	1..1	I attach computations for a different period
[90B]	/IRenvelope/CompanyTaxReturn/ReturnInfoSummary/Computations/NoComputationsReason	1..1	Reason for no computations
[N029]	/IRenvelope/CompanyTaxReturn/ReturnInfoSummary/SupplementaryPages	0..1	Supplementary pages
[95]	/IRenvelope/CompanyTaxReturn/ReturnInfoSummary/SupplementaryPages/CT600A	0..1	Loans to participators by close companies
[100]	/IRenvelope/CompanyTaxReturn/ReturnInfoSummary/SupplementaryPages/CT600B	0..1	Controlled foreign companies, foreign permanent establishment exemptions, hybrid and other mismatches
[105]	/IRenvelope/CompanyTaxReturn/ReturnInfoSummary/SupplementaryPages/CT600C	0..1	Group and Consortium
[110]	/IRenvelope/CompanyTaxReturn/ReturnInfoSummary/SupplementaryPages/CT600D	0..1	Insurance
[115]	/IRenvelope/CompanyTaxReturn/ReturnInfoSummary/SupplementaryPages/CT600E	0..1	Charities and Community Amateur Sports Clubs
[120]	/IRenvelope/CompanyTaxReturn/ReturnInfoSummary/SupplementaryPages/CT600F	0..1	Tonnage tax
[125]	/IRenvelope/CompanyTaxReturn/ReturnInfoSummary/SupplementaryPages/CT600G	0..1	Northern Ireland
[130]	/IRenvelope/CompanyTaxReturn/ReturnInfoSummary/SupplementaryPages/CT600H	0..1	Cross-border royalties
[135]	/IRenvelope/CompanyTaxReturn/ReturnInfoSummary/SupplementaryPages/CT600I	0..1	Supplementary charge in respect of ring fence trade
[140]	/IRenvelope/CompanyTaxReturn/ReturnInfoSummary/SupplementaryPages/CT600J	0..1	Disclosure of tax avoidance schemes
[141]	/IRenvelope/CompanyTaxReturn/ReturnInfoSummary/SupplementaryPages/CT600K	0..1	Restitution tax
[142]	/IRenvelope/CompanyTaxReturn/ReturnInfoSummary/SupplementaryPages/CT600L	0..1	Research and Development
[143]	/IRenvelope/CompanyTaxReturn/ReturnInfoSummary/SupplementaryPages/CT600M	0..1	Freeports and Investment Zones
[144]	/IRenvelope/CompanyTaxReturn/ReturnInfoSummary/SupplementaryPages/CT600N	0..1	Residential Property Developer Tax
[96]	/IRenvelope/CompanyTaxReturn/ReturnInfoSummary/SupplementaryPages/CT600P	0..1	Creative Industries
[N040]	/IRenvelope/CompanyTaxReturn/Turnover	0..1	Turnover of the company
[145]	/IRenvelope/CompanyTaxReturn/Turnover/Total	0..1	Total turnover from trade or profession
[150]	/IRenvelope/CompanyTaxReturn/Turnover/OtherFinancialConcerns	0..1	Banks, building societies, insurance companies and other financial concerns
[N041]	/IRenvelope/CompanyTaxReturn/CompanyTaxCalculation	1..1	Company tax calculation
[N042]	/IRenvelope/CompanyTaxReturn/CompanyTaxCalculation/Income	1..1	Income
[N043]	/IRenvelope/CompanyTaxReturn/CompanyTaxCalculation/Income/Trading	0..1	Trading and professional
[155]	/IRenvelope/CompanyTaxReturn/CompanyTaxCalculation/Income/Trading/Profits	0..1	Trading profits
[160]	/IRenvelope/CompanyTaxReturn/CompanyTaxCalculation/Income/Trading/LossesBroughtForward	0..1	Trading losses brought forward set against trading profits
[165]	/IRenvelope/CompanyTaxReturn/CompanyTaxCalculation/Income/Trading/NetProfits	0..1	Net trading profits
[170]	/IRenvelope/CompanyTaxReturn/CompanyTaxCalculation/Income/NonTradingLoanProfitsAndGains	0..1	Bank, building society or other interest, and profits from non-trading loan relationships
[172]	/IRenvelope/CompanyTaxReturn/CompanyTaxCalculation/Income/IncomeStatedNet	0..1	Is income stated net after carrying back deficits from a later accounting period?
[175]	/IRenvelope/CompanyTaxReturn/CompanyTaxCalculation/Income/NonLoanAnnuitiesAnnualPaymentsDiscounts	0..1	Annual payments not otherwise charged to Corporation Tax and from which Income Tax has not been deducted
[180]	/IRenvelope/CompanyTaxReturn/CompanyTaxCalculation/Income/NonUKdividends	0..1	Non-exempt dividends or distributions from non-UK resident companies
[185]	/IRenvelope/CompanyTaxReturn/CompanyTaxCalculation/Income/DeductedIncome	0..1	Income from which income tax has been deducted
[190]	/IRenvelope/CompanyTaxReturn/CompanyTaxCalculation/Income/PropertyBusinessIncome	0..1	Income from a property business
[195]	/IRenvelope/CompanyTaxReturn/CompanyTaxCalculation/Income/NonTradingGainsIntangibles	0..1	Non-trading gains on intangible fixed assets
[200]	/IRenvelope/CompanyTaxReturn/CompanyTaxCalculation/Income/TonnageTaxProfits	0..1	Tonnage tax profits
[205]	/IRenvelope/CompanyTaxReturn/CompanyTaxCalculation/Income/OtherIncome	0..1	Income not falling under any other heading
[N045]	/IRenvelope/CompanyTaxReturn/CompanyTaxCalculation/ChargeableGains	0..1	Chargeable gains
[210]	/IRenvelope/CompanyTaxReturn/CompanyTaxCalculation/ChargeableGains/GrossGains	0..1	Gross chargeable gains
[215]	/IRenvelope/CompanyTaxReturn/CompanyTaxCalculation/ChargeableGains/AllowableLosses	0..1	Allowable losses including losses brought forward
[220]	/IRenvelope/CompanyTaxReturn/CompanyTaxCalculation/ChargeableGains/NetChargeableGains	1..1	Net chargeable gains
[225]	/IRenvelope/CompanyTaxReturn/CompanyTaxCalculation/LossesBroughtForward	0..1	Losses brought forward against certain investment income
[230]	/IRenvelope/CompanyTaxReturn/CompanyTaxCalculation/NonTradeDeficitsOnLoans	0..1	Non-trade deficits on loan relationships (including interest) and derivative contracts (financial instruments) brought forward set against non-trading profits
[235]	/IRenvelope/CompanyTaxReturn/CompanyTaxCalculation/ProfitsBeforeOtherDeductions	0..1	Profits before other deductions and reliefs
[N046]	/IRenvelope/CompanyTaxReturn/CompanyTaxCalculation/DeductionsAndReliefs	0..1	Deductions and reliefs
[240]	/IRenvelope/CompanyTaxReturn/CompanyTaxCalculation/DeductionsAndReliefs/UnquotedShares	0..1	Losses on unquoted shares
[245]	/IRenvelope/CompanyTaxReturn/CompanyTaxCalculation/DeductionsAndReliefs/ManagementExpenses	0..1	Management expenses
[250]	/IRenvelope/CompanyTaxReturn/CompanyTaxCalculation/DeductionsAndReliefs/UKpropertyBusinessLosses	0..1	UK property business losses for this or previous accounting period
[255]	/IRenvelope/CompanyTaxReturn/CompanyTaxCalculation/DeductionsAndReliefs/CapitalAllowances	0..1	Capital allowances for the purposes of management of the business
[260]	/IRenvelope/CompanyTaxReturn/CompanyTaxCalculation/DeductionsAndReliefs/NonTradeDeficits	0..1	Non-trade deficits for this accounting period from loan relationships and derivative contracts (financial instruments)
[263]	/IRenvelope/CompanyTaxReturn/CompanyTaxCalculation/DeductionsAndReliefs/CarriedForwardNonTradeDeficits	0..1	Carried forward non-trade deficits from loan relationships and derivative contracts (financial instruments)
[265]	/IRenvelope/CompanyTaxReturn/CompanyTaxCalculation/DeductionsAndReliefs/NonTradingLossIntangibles	0..1	Non-trading losses on intangible fixed assets
[275]	/IRenvelope/CompanyTaxReturn/CompanyTaxCalculation/DeductionsAndReliefs/TradingLosses	0..1	Trading losses of this or a later accounting period
[280]	/IRenvelope/CompanyTaxReturn/CompanyTaxCalculation/DeductionsAndReliefs/TradingLossesCarriedBack	0..1	Are amounts carried back from later accounting periods included in trading losses?
[285]	/IRenvelope/CompanyTaxReturn/CompanyTaxCalculation/DeductionsAndReliefs/TradingLossesCarriedForward	0..1	Trading losses carried forward and claimed against total profits
[290]	/IRenvelope/CompanyTaxReturn/CompanyTaxCalculation/DeductionsAndReliefs/NonTradeCapitalAllowances	0..1	Non-trade capital allowances
[295]	/IRenvelope/CompanyTaxReturn/CompanyTaxCalculation/DeductionsAndReliefs/Total	0..1	Total of deductions and reliefs
[N047]	/IRenvelope/CompanyTaxReturn/CompanyTaxCalculation/ChargesAndReliefs	0..1	Charges and reliefs
[300]	/IRenvelope/CompanyTaxReturn/CompanyTaxCalculation/ChargesAndReliefs/ProfitsBeforeDonationsAndGroupRelief	0..1	Profits before qualifying donations and group relief
[305]	/IRenvelope/CompanyTaxReturn/CompanyTaxCalculation/ChargesAndReliefs/QualifyingDonations	0..1	Qualifying donations
[310]	/IRenvelope/CompanyTaxReturn/CompanyTaxCalculation/ChargesAndReliefs/GroupRelief	0..1	Group relief
[312]	/IRenvelope/CompanyTaxReturn/CompanyTaxCalculation/ChargesAndReliefs/GroupReliefForCarriedForwardLosses	0..1	Group relief for carried forward losses
[315]	/IRenvelope/CompanyTaxReturn/CompanyTaxCalculation/ChargeableProfits	1..1	Profits chargeable to corporation tax
[320]	/IRenvelope/CompanyTaxReturn/CompanyTaxCalculation/RingFenceProfitsIncluded	0..1	Ring fence profits included
[325]	/IRenvelope/CompanyTaxReturn/CompanyTaxCalculation/NorthernIrelandProfitsIncluded	0..1	Northern Ireland profits included
[N051]	/IRenvelope/CompanyTaxReturn/CompanyTaxCalculation/CorporationTaxChargeable	0..1	Corporation tax chargeable
[N049]	/IRenvelope/CompanyTaxReturn/CompanyTaxCalculation/CorporationTaxChargeable/AssociatedCompanies	0..1	Associated companies
[326]	/IRenvelope/CompanyTaxReturn/CompanyTaxCalculation/CorporationTaxChargeable/AssociatedCompanies/ThisPeriod	0..1	Number of associated companies in this period
[N054]	/IRenvelope/CompanyTaxReturn/CompanyTaxCalculation/CorporationTaxChargeable/AssociatedCompanies/AssociatedCompaniesFinancialYears	0..1	Associated companies financial years
[327]	/IRenvelope/CompanyTaxReturn/CompanyTaxCalculation/CorporationTaxChargeable/AssociatedCompanies/AssociatedCompaniesFinancialYears/FirstYear	1..1	Number of associated companies in the first financial year
[328]	/IRenvelope/CompanyTaxReturn/CompanyTaxCalculation/CorporationTaxChargeable/AssociatedCompanies/AssociatedCompaniesFinancialYears/SecondYear	1..1	Number of associated companies in the second financial year
[329]	/IRenvelope/CompanyTaxReturn/CompanyTaxCalculation/CorporationTaxChargeable/AssociatedCompanies/StartingOrSmallCompaniesRate	0..1	Is the company chargeable at the small profit rate or entitled to marginal relief?
[N052]	/IRenvelope/CompanyTaxReturn/CompanyTaxCalculation/CorporationTaxChargeable/FinancialYearOne	1..1	Financial year one
[330]	/IRenvelope/CompanyTaxReturn/CompanyTaxCalculation/CorporationTaxChargeable/FinancialYearOne/Year	1..1	Financial year one
[N053]	/IRenvelope/CompanyTaxReturn/CompanyTaxCalculation/CorporationTaxChargeable/FinancialYearOne/Details	1..3	Details
[335]	/IRenvelope/CompanyTaxReturn/CompanyTaxCalculation/CorporationTaxChargeable/FinancialYearOne/Details/Profit	1..1	Amounts of profit
[340]	/IRenvelope/CompanyTaxReturn/CompanyTaxCalculation/CorporationTaxChargeable/FinancialYearOne/Details/TaxRate	1..1	Rates of tax
[345]	/IRenvelope/CompanyTaxReturn/CompanyTaxCalculation/CorporationTaxChargeable/FinancialYearOne/Details/Tax	1..1	Tax
[N052b]	/IRenvelope/CompanyTaxReturn/CompanyTaxCalculation/CorporationTaxChargeable/FinancialYearTwo	0..1	Financial year two
[380]	/IRenvelope/CompanyTaxReturn/CompanyTaxCalculation/CorporationTaxChargeable/FinancialYearTwo/Year	1..1	Financial year two
[N053b]	/IRenvelope/CompanyTaxReturn/CompanyTaxCalculation/CorporationTaxChargeable/FinancialYearTwo/Details	1..3	Details
[385]	/IRenvelope/CompanyTaxReturn/CompanyTaxCalculation/CorporationTaxChargeable/FinancialYearTwo/Details/Profit	1..1	Amounts of profit
[390]	/IRenvelope/CompanyTaxReturn/CompanyTaxCalculation/CorporationTaxChargeable/FinancialYearTwo/Details/TaxRate	1..1	Rates of tax
[395]	/IRenvelope/CompanyTaxReturn/CompanyTaxCalculation/CorporationTaxChargeable/FinancialYearTwo/Details/Tax	1..1	Tax
[430]	/IRenvelope/CompanyTaxReturn/CompanyTaxCalculation/CorporationTax	0..1	Corporation tax
[435]	/IRenvelope/CompanyTaxReturn/CompanyTaxCalculation/MarginalReliefForRingFenceTrades	0..1	Marginal relief
[440]	/IRenvelope/CompanyTaxReturn/CompanyTaxCalculation/NetCorporationTaxChargeable	1..1	Corporation tax chargeable
[N055]	/IRenvelope/CompanyTaxReturn/CompanyTaxCalculation/TaxReliefsAndDeductions	0..1	Tax reliefs and deductions
[445]	/IRenvelope/CompanyTaxReturn/CompanyTaxCalculation/TaxReliefsAndDeductions/CommunityInvestmentRelief	0..1	Community investment relief
[N056]	/IRenvelope/CompanyTaxReturn/CompanyTaxCalculation/TaxReliefsAndDeductions/DoubleTaxation	0..1	Double taxation
[450]	/IRenvelope/CompanyTaxReturn/CompanyTaxCalculation/TaxReliefsAndDeductions/DoubleTaxation/DoubleTaxationRelief	0..1	Double taxation relief
[455]	/IRenvelope/CompanyTaxReturn/CompanyTaxCalculation/TaxReliefsAndDeductions/DoubleTaxation/UnderlyingRate	0..1	Does double taxation relief include an underlying rate relief claim?
[460]	/IRenvelope/CompanyTaxReturn/CompanyTaxCalculation/TaxReliefsAndDeductions/DoubleTaxation/AmountCarriedBack	0..1	Does double taxation relief include any amount carried back from a later period?
[465]	/IRenvelope/CompanyTaxReturn/CompanyTaxCalculation/TaxReliefsAndDeductions/AdvancedCorporationTax	0..1	Advanced corporation tax
[470]	/IRenvelope/CompanyTaxReturn/CompanyTaxCalculation/TaxReliefsAndDeductions/TotalReliefsAndDeductions	0..1	Total reliefs and deductions in terms of tax
[F056]	/IRenvelope/CompanyTaxReturn/CompanyTaxCalculation/CJRS	0..1	Coronavirus Job Retention Scheme
[471]	/IRenvelope/CompanyTaxReturn/CompanyTaxCalculation/CJRS/CJRSreceived	1..1	CJRS received
[472]	/IRenvelope/CompanyTaxReturn/CompanyTaxCalculation/CJRS/CJRSdue	0..1	CJRS entitlement
[473]	/IRenvelope/CompanyTaxReturn/CompanyTaxCalculation/CJRS/CJRSoverpaymentAlreadyAssessed	0..1	CJRS overpayment already assessed or voluntary disclosed
[474]	/IRenvelope/CompanyTaxReturn/CompanyTaxCalculation/CJRS/JobRetentionBonusOverpayment	0..1	Job retention bonus overpayment
[F092]	/IRenvelope/CompanyTaxReturn/EnergyProfitsLevy	0..1	Energy Levies
[986]	/IRenvelope/CompanyTaxReturn/EnergyProfitsLevy/EOGPLamounts	0..1	Energy (Oil and Gas) Profits Levy (EOGPL) amounts liable
[987]	/IRenvelope/CompanyTaxReturn/EnergyProfitsLevy/EGLamounts	0..1	Electricity Generator Levy (EGL) exceptional generation receipts
[F050]	/IRenvelope/CompanyTaxReturn/CalculationOfTaxOutstandingOrOverpaid	1..1	
[475]	/IRenvelope/CompanyTaxReturn/CalculationOfTaxOutstandingOrOverpaid/NetCorporationTaxLiability	0..1	Net corporation tax liability
[480]	/IRenvelope/CompanyTaxReturn/CalculationOfTaxOutstandingOrOverpaid/LoansToParticipators	0..1	Tax payable on loans to participators
[485]	/IRenvelope/CompanyTaxReturn/CalculationOfTaxOutstandingOrOverpaid/CT600AreliefDue	0..1	Have you completed 'relief due' box in supplementary page CT600A?
[490]	/IRenvelope/CompanyTaxReturn/CalculationOfTaxOutstandingOrOverpaid/CFCtaxPayable	0..1	CFC tax payable
[495]	/IRenvelope/CompanyTaxReturn/CalculationOfTaxOutstandingOrOverpaid/BankLevyPayable	0..1	Bank levy payable
[496]	/IRenvelope/CompanyTaxReturn/CalculationOfTaxOutstandingOrOverpaid/BankSurchargePayable	0..1	Bank surcharge payable
[497]	/IRenvelope/CompanyTaxReturn/CalculationOfTaxOutstandingOrOverpaid/RPDTpayable	0..1	Residential Property Developer Tax (RPDT) payable
[500]	/IRenvelope/CompanyTaxReturn/CalculationOfTaxOutstandingOrOverpaid/CFCandBankLevyTotal	0..1	CFC, bank levy, bank surcharge and RPDT payable
[501]	/IRenvelope/CompanyTaxReturn/CalculationOfTaxOutstandingOrOverpaid/EOGPLpayable	0..1	EOGPL payable
[502]	/IRenvelope/CompanyTaxReturn/CalculationOfTaxOutstandingOrOverpaid/EGLpayable	0..1	EGL payable
[505]	/IRenvelope/CompanyTaxReturn/CalculationOfTaxOutstandingOrOverpaid/SupplementaryCharge	0..1	Supplementary charge (ring fence trades) payable
[510]	/IRenvelope/CompanyTaxReturn/CalculationOfTaxOutstandingOrOverpaid/TaxChargeable	0..1	Tax chargeable
[N058]	/IRenvelope/CompanyTaxReturn/CalculationOfTaxOutstandingOrOverpaid/IncomeTax	0..1	Income tax
[515]	/IRenvelope/CompanyTaxReturn/CalculationOfTaxOutstandingOrOverpaid/IncomeTax/DeductedIncomeTax	0..1	Income tax deducted from gross income included in profits
[520]	/IRenvelope/CompanyTaxReturn/CalculationOfTaxOutstandingOrOverpaid/IncomeTax/TaxRepayable	0..1	Income tax repayable to the company
[525]	/IRenvelope/CompanyTaxReturn/CalculationOfTaxOutstandingOrOverpaid/TaxPayable	1..1	Tax payable before restitution tax, CJRS and job retention bonus overpayments
[526]	/IRenvelope/CompanyTaxReturn/CalculationOfTaxOutstandingOrOverpaid/CJRSoverpaymentsNowDue	0..1	CJRS and job retention bonus overpayments now due
[527]	/IRenvelope/CompanyTaxReturn/CalculationOfTaxOutstandingOrOverpaid/RestitutionTax	0..1	Restitution tax
[528]	/IRenvelope/CompanyTaxReturn/CalculationOfTaxOutstandingOrOverpaid/TaxPayableIncludingRestitutionTax	0..1	Tax payable after restitution tax, CJRS and job retention bonus overpayments - this is your self-assessment
[N059]	/IRenvelope/CompanyTaxReturn/TaxReconciliation	0..1	Tax reconciliation
[530]	/IRenvelope/CompanyTaxReturn/TaxReconciliation/ResearchAndDevelopmentCredit	0..1	Research and development credit
[535]	/IRenvelope/CompanyTaxReturn/TaxReconciliation/VaccineCredit	0..1	Not currently used
[540]	/IRenvelope/CompanyTaxReturn/TaxReconciliation/CreativeCredit	0..1	Creatives tax credit
[541]	/IRenvelope/CompanyTaxReturn/TaxReconciliation/AVECandVGEC	0..1	Audio-Visual expenditure credit and Video Games expenditure credit
[545]	/IRenvelope/CompanyTaxReturn/TaxReconciliation/ResearchAndDevelopmentVaccineOrCreativeTaxCredit	0..1	Total of research and development credit, creatives tax credit and AVEC/VGEC
[550]	/IRenvelope/CompanyTaxReturn/TaxReconciliation/LandRemediationCredit	0..1	Land remediation tax credit
[555]	/IRenvelope/CompanyTaxReturn/TaxReconciliation/LifeAssuranceCompanyCredit	0..1	Life assurance company tax credit
[560]	/IRenvelope/CompanyTaxReturn/TaxReconciliation/LandOrLifeCredit	0..1	Total land remediation tax credit and life assurance company tax credit
[565]	/IRenvelope/CompanyTaxReturn/TaxReconciliation/CapitalAllowancesFirstYearCredit	0..1	Capital allowances first-year tax credit
[570]	/IRenvelope/CompanyTaxReturn/TaxReconciliation/SurplusResearchAndDevelopmentCreditsOrCreativeCreditPayable	0..1	Surplus research and development credits and creatives tax credit payable
[575]	/IRenvelope/CompanyTaxReturn/TaxReconciliation/LandOrLifeCreditPayable	0..1	Land remediation or life assurance company tax credit payable
[580]	/IRenvelope/CompanyTaxReturn/TaxReconciliation/CapitalAllowancesFirstYearCreditPayable	0..1	Capital allowances first-year tax credit payable
[585]	/IRenvelope/CompanyTaxReturn/TaxReconciliation/RingFenceCorpTaxIncluded	0..1	Ring fence corporation tax included
[586]	/IRenvelope/CompanyTaxReturn/TaxReconciliation/NIcorporationTaxIncluded	0..1	NI Corporation Tax included
[590]	/IRenvelope/CompanyTaxReturn/TaxReconciliation/RingFenceSupplementaryChargeIncluded	0..1	Ring fence supplementary charge included
[595]	/IRenvelope/CompanyTaxReturn/TaxReconciliation/TaxAlreadyPaid	0..1	Tax already paid (and not already repaid)
[N059b]	/IRenvelope/CompanyTaxReturn/TaxReconciliation/TaxOutstandingOrOverpaid	0..1	Tax outstanding or overpaid
[600]	/IRenvelope/CompanyTaxReturn/TaxReconciliation/TaxOutstandingOrOverpaid/TaxOutstanding	0..1	Tax outstanding
[605]	/IRenvelope/CompanyTaxReturn/TaxReconciliation/TaxOutstandingOrOverpaid/TaxOverpaid	0..1	Tax overpaid including surplus or payable credits
[610]	/IRenvelope/CompanyTaxReturn/TaxReconciliation/RefundsSurrendered	0..1	Group tax refunds surrendered to this company
[614]	/IRenvelope/CompanyTaxReturn/TaxReconciliation/AVECVGECsurrenderedToThisCompany	0..1	Audio-Visual expenditure credit / Video Games expenditure credit surrendered to this company
[615]	/IRenvelope/CompanyTaxReturn/TaxReconciliation/RandDExpenditureCreditsSurrendered	0..1	Research and development expenditure credits surrendered to this company
[N118]	/IRenvelope/CompanyTaxReturn/TaxReconciliation/ExporterInformation	0..1	During the return period, did the company export goods and/or services to individuals enterprises or organisations outside the United Kingdom?
[616]	/IRenvelope/CompanyTaxReturn/TaxReconciliation/ExporterInformation/GoodsExported	0..1	Goods exported outside-UK
[617]	/IRenvelope/CompanyTaxReturn/TaxReconciliation/ExporterInformation/ServicesExported	0..1	Services exported outside-UK
[618]	/IRenvelope/CompanyTaxReturn/TaxReconciliation/ExporterInformation/NeitherGoodsNorServicesExported	0..1	Neither goods nor services exported outside-UK
[N060]	/IRenvelope/CompanyTaxReturn/IndicatorsAndInformation	0..1	Indicators
[620]	/IRenvelope/CompanyTaxReturn/IndicatorsAndInformation/FrankedInvestmentIncome	0..1	Franked investment income / Exempt ABGH distributions
[625]	/IRenvelope/CompanyTaxReturn/IndicatorsAndInformation/NumberOf51groupCompanies	0..1	Number of 51% group companies
[630]	/IRenvelope/CompanyTaxReturn/IndicatorsAndInformation/InstalmentPayments	0..1	Should have made (whether it has or not) instalment payments as a large company under the Corporation Tax (Instalment Payments) Regulations
[631]	/IRenvelope/CompanyTaxReturn/IndicatorsAndInformation/VeryLargeQIPs	0..1	Should have made (whether it has or not) instalment payments as a very large company under the Corporation Tax (Instalment Payments) Regulations
[635]	/IRenvelope/CompanyTaxReturn/IndicatorsAndInformation/GroupPayment	0..1	Is the company in a group payment arrangement for this period?
[640]	/IRenvelope/CompanyTaxReturn/IndicatorsAndInformation/IntangibleAssets	0..1	Has the company written down or sold intangible assets?
[645]	/IRenvelope/CompanyTaxReturn/IndicatorsAndInformation/CrossBorderRoyalty	0..1	Has the company made cross-border royalty payments?
[647]	/IRenvelope/CompanyTaxReturn/IndicatorsAndInformation/EatOutToHelpOutScheme	0..1	Eat Out to Help Out Scheme: reimbursed discounts included as taxable income
[N061]	/IRenvelope/CompanyTaxReturn/EnhancedExpenditure	0..1	R&D and creatives enhanced expenditure
[650]	/IRenvelope/CompanyTaxReturn/EnhancedExpenditure/SMEclaim	0..1	Put an 'X' in box 650 if the claim is made by a small or medium-sized enterprise (SME) including a SME subcontractor to a large company
[653]	/IRenvelope/CompanyTaxReturn/EnhancedExpenditure/RAndDIntensiveSMEclaim	0..1	Put an 'X' in box 653 if the claim is made by an R&D intensive SME
[655]	/IRenvelope/CompanyTaxReturn/EnhancedExpenditure/LargeCompanyClaim	0..1	Put an 'X' in box 655 if the claim is made by a large company
[656]	/IRenvelope/CompanyTaxReturn/EnhancedExpenditure/RAndDClaimNotificationForm	0..1	Put an 'X' in box 656 to confirm that a R&D claim notification form has been submitted
[657]	/IRenvelope/CompanyTaxReturn/EnhancedExpenditure/AdditionalRAndDForm	0..1	Put an 'X' in box 657 to confirm that an R&D additional information form has been submitted
[658]	/IRenvelope/CompanyTaxReturn/EnhancedExpenditure/AdditionalCreativesForm	0..1	Put an 'X' in box 658 to confirm that a Creatives claim additional information form has been submitted
[659]	/IRenvelope/CompanyTaxReturn/EnhancedExpenditure/RAndDExpenditureSME	0..1	R&D expenditure qualifying for SME/R&D intensive SME relief
[660]	/IRenvelope/CompanyTaxReturn/EnhancedExpenditure/RandDEnhancedExpenditure	0..1	R&D enhanced expenditure
[663]	/IRenvelope/CompanyTaxReturn/EnhancedExpenditure/CreativesCoreExpenditure	0..1	Creatives core expenditure
[665]	/IRenvelope/CompanyTaxReturn/EnhancedExpenditure/CreativeEnhancedExpenditure	0..1	Creatives additional deduction
[670]	/IRenvelope/CompanyTaxReturn/EnhancedExpenditure/RandDAndCreativeEnhancedExpenditure	0..1	R&D enhanced expenditure and creatives additional deduction
[675]	/IRenvelope/CompanyTaxReturn/EnhancedExpenditure/SMEclaimAsLargeCompany	0..1	R&D enhanced expenditure of a SME on work sub-contracted to it by a large company
[680]	/IRenvelope/CompanyTaxReturn/EnhancedExpenditure/VaccineResearch	0..1	Vaccines research expenditure
[685]	/IRenvelope/CompanyTaxReturn/LandRemediationEnhancedExpenditure	0..1	Enter the total enhanced expenditure
[N062]	/IRenvelope/CompanyTaxReturn/AllowancesAndCharges	0..1	Charges and allowances included in calculation of trading profits and losses
[688/689]	/IRenvelope/CompanyTaxReturn/AllowancesAndCharges/FullExpensing	0..1	Machinery and plant - Full Expensing
[690]	/IRenvelope/CompanyTaxReturn/AllowancesAndCharges/AIACapitalAllowancesInc	0..1	Annual investment allowance
[691/692]	/IRenvelope/CompanyTaxReturn/AllowancesAndCharges/MachineryAndPlantSuperDeduction	0..1	Machinery and plant - super-deduction
[693/694]	/IRenvelope/CompanyTaxReturn/AllowancesAndCharges/MachineryAndPlantSpecialRateAllowance	0..1	Machinery and plant - special rate allowance
[696]	/IRenvelope/CompanyTaxReturn/AllowancesAndCharges/FortyPercentFirstYearAllowance	0..1	40% first-year allowance
[695/700]	/IRenvelope/CompanyTaxReturn/AllowancesAndCharges/MachineryAndPlantSpecialRatePool	0..1	Machinery and plant - special rate pool
[705/710]	/IRenvelope/CompanyTaxReturn/AllowancesAndCharges/MachineryAndPlantMainPool	0..1	Machinery and plant - main pool
[711]	/IRenvelope/CompanyTaxReturn/AllowancesAndCharges/StructuresAndBuildingsCapitalAllowances	0..1	Structures and buildings - Capital allowances
[713/714]	/IRenvelope/CompanyTaxReturn/AllowancesAndCharges/ElectricChargePoints	0..1	Electric vehicle charge-points
[715/720]	/IRenvelope/CompanyTaxReturn/AllowancesAndCharges/BusinessPremisesRenovationIncluded	0..1	Business premises renovation included in calculation
[721/722]	/IRenvelope/CompanyTaxReturn/AllowancesAndCharges/EnterpriseZones	0..1	Enterprise zones
[723/724]	/IRenvelope/CompanyTaxReturn/AllowancesAndCharges/ZeroEmissionsGoodsVehicles	0..1	Zero-emission goods vehicles
[726/727]	/IRenvelope/CompanyTaxReturn/AllowancesAndCharges/ZeroEmissionsCars	0..1	Zero-emission cars
[725/730]	/IRenvelope/CompanyTaxReturn/AllowancesAndCharges/Others	0..1	Other allowances and charges
[N063]	/IRenvelope/CompanyTaxReturn/NotIncluded	0..1	Charges and allowances not included in calculation of trading profits and losses
[733/734]	/IRenvelope/CompanyTaxReturn/NotIncluded/FullExpensing	0..1	Machinery and plant - Full Expensing
[735]	/IRenvelope/CompanyTaxReturn/NotIncluded/AIACapitalAllowancesNotInc	0..1	Annual investment allowance not included in calculation
[736]	/IRenvelope/CompanyTaxReturn/NotIncluded/StructuresAndBuildingsCapitalAllowances	0..1	Structures and buildings - Capital allowances
[737/738]	/IRenvelope/CompanyTaxReturn/NotIncluded/ElectricChargePoints	0..1	Electric vehicle charge-points
[740/745]	/IRenvelope/CompanyTaxReturn/NotIncluded/BusinessPremisesRenovationNotIncluded	0..1	Business premises renovation not included
[741/742]	/IRenvelope/CompanyTaxReturn/NotIncluded/MachineryAndPlantSuperDeduction	0..1	Machinery and plant - super-deduction
[743/744]	/IRenvelope/CompanyTaxReturn/NotIncluded/MachineryAndPlantSpecialRateAllowance	0..1	Machinery and plant - special rate allowance
[739]	/IRenvelope/CompanyTaxReturn/NotIncluded/FortyPercentFirstYearAllowance	0..1	40% first-year allowance
[746/747]	/IRenvelope/CompanyTaxReturn/NotIncluded/EnterpriseZones	0..1	Enterprise zones
[748/749]	/IRenvelope/CompanyTaxReturn/NotIncluded/ZeroEmissionsGoodsVehicles	0..1	Zero-emission goods vehicles
[751/752]	/IRenvelope/CompanyTaxReturn/NotIncluded/ZeroEmissionsCars	0..1	Zero-emission cars
[750/755]	/IRenvelope/CompanyTaxReturn/NotIncluded/OtherAllowancesAndCharges	0..1	Other allowances and charges
[N065]	/IRenvelope/CompanyTaxReturn/QualifyingExpenditure	0..1	
[760]	/IRenvelope/CompanyTaxReturn/QualifyingExpenditure/MachineryAndPlantExpenditure	0..1	Machinery and plant on which first year allowance is claimed
[765]	/IRenvelope/CompanyTaxReturn/QualifyingExpenditure/DesignatedEnvironmentallyFriendlyMachineryAndPlant	0..1	Designated environmentally friendly machinery and plant
[770]	/IRenvelope/CompanyTaxReturn/QualifyingExpenditure/MachineryAndPlantLongLife	0..1	Machinery and plant on long-life assets and integral features
[771]	/IRenvelope/CompanyTaxReturn/QualifyingExpenditure/StructuresAndBuildings	0..1	Structures and buildings
[772]	/IRenvelope/CompanyTaxReturn/QualifyingExpenditure/MachineryAndPlantSuperDeduction	0..1	Machinery and plant - super-deduction
[773]	/IRenvelope/CompanyTaxReturn/QualifyingExpenditure/MachineryAndPlantSpecialRateAllowance	0..1	Machinery and plant - special rate allowance
[775]	/IRenvelope/CompanyTaxReturn/QualifyingExpenditure/OtherMachineryAndPlant	0..1	Other machinery and plant
[N064]	/IRenvelope/CompanyTaxReturn/LossesDeficitsAndExcess	0..1	Losses, deficits and excess amounts
[N200]	/IRenvelope/CompanyTaxReturn/LossesDeficitsAndExcess/AmountArising	0..1	
[780/785]	/IRenvelope/CompanyTaxReturn/LossesDeficitsAndExcess/AmountArising/LossesOfTradesUK	0..1	Losses of trades carried on wholly or partly in the UK
[790]	/IRenvelope/CompanyTaxReturn/LossesDeficitsAndExcess/AmountArising/LossesOfTradesOutsideUK	0..1	Losses of trades carried on wholly outside the UK
[795/800]	/IRenvelope/CompanyTaxReturn/LossesDeficitsAndExcess/AmountArising/Loans	0..1	Non-trade deficits on loan relationships and derivative contracts
[805/810]	/IRenvelope/CompanyTaxReturn/LossesDeficitsAndExcess/AmountArising/UKpropertyBusinessLosses	0..1	UK property business losses
[815]	/IRenvelope/CompanyTaxReturn/LossesDeficitsAndExcess/AmountArising/OverseasPropertyBusinessLosses	0..1	Overseas property business losses
[820]	/IRenvelope/CompanyTaxReturn/LossesDeficitsAndExcess/AmountArising/MiscLosses	0..1	Losses from miscellaneous transactions
[825]	/IRenvelope/CompanyTaxReturn/LossesDeficitsAndExcess/AmountArising/CapitalLosses	0..1	Capital losses
[830/835]	/IRenvelope/CompanyTaxReturn/LossesDeficitsAndExcess/AmountArising/NonTradingLossesIntangibles	0..1	Non-trading losses intangibles
[N201]	/IRenvelope/CompanyTaxReturn/LossesDeficitsAndExcess/ExcessAmounts	0..1	
[840]	/IRenvelope/CompanyTaxReturn/LossesDeficitsAndExcess/ExcessAmounts/NonTradeCapital	0..1	Excess non-trade capital allowances
[845]	/IRenvelope/CompanyTaxReturn/LossesDeficitsAndExcess/ExcessAmounts/QualifyingDonations	0..1	Qualifying donations
[850/855]	/IRenvelope/CompanyTaxReturn/LossesDeficitsAndExcess/ExcessAmounts/ManagementExpenses	0..1	Excess management expenses
[N203]	/IRenvelope/CompanyTaxReturn/NorthernIrelandInformation	0..1	Northern Ireland information
[856]	/IRenvelope/CompanyTaxReturn/NorthernIrelandInformation/NIagainstUK	0..1	Amount of group relief claimed which relates to NI trading losses used against rest of UK/mainstream profits
[857]	/IRenvelope/CompanyTaxReturn/NorthernIrelandInformation/NIagainstNI	0..1	Amount of group relief claimed which relates to NI trading losses used against NI trading profits
[858]	/IRenvelope/CompanyTaxReturn/NorthernIrelandInformation/UKagainstNI	0..1	Amount of group relief claimed which relates to rest of UK/mainstream losses used against NI trading profits
[N066]	/IRenvelope/CompanyTaxReturn/OverpaymentsAndRepayments	0..1	Overpayments and repayments
[860]	/IRenvelope/CompanyTaxReturn/OverpaymentsAndRepayments/OwnRepaymentsLowerLimit	0..1	What is the smallest sum you wish to be repaid?
[N202]	/IRenvelope/CompanyTaxReturn/OverpaymentsAndRepayments/RepaymentsForThePeriodCoveredByThisReturn	0..1	
[865]	/IRenvelope/CompanyTaxReturn/OverpaymentsAndRepayments/RepaymentsForThePeriodCoveredByThisReturn/CorporationTax	0..1	Repayment of corporation tax
[870]	/IRenvelope/CompanyTaxReturn/OverpaymentsAndRepayments/RepaymentsForThePeriodCoveredByThisReturn/IncomeTax	0..1	Repayment of income tax
[875]	/IRenvelope/CompanyTaxReturn/OverpaymentsAndRepayments/RepaymentsForThePeriodCoveredByThisReturn/RandDTaxCredit	0..1	Payable Research and Development tax credit
[880]	/IRenvelope/CompanyTaxReturn/OverpaymentsAndRepayments/RepaymentsForThePeriodCoveredByThisReturn/RandDExpenditureCredit	0..1	Payable Research and Development expenditure credit
[885]	/IRenvelope/CompanyTaxReturn/OverpaymentsAndRepayments/RepaymentsForThePeriodCoveredByThisReturn/CreativeCredit	0..1	Payable creatives tax credit
[886]	/IRenvelope/CompanyTaxReturn/OverpaymentsAndRepayments/RepaymentsForThePeriodCoveredByThisReturn/PayableAVECandVGEC	0..1	Payable Audio-Visual expenditure credit and Video Games expenditure credit
[890]	/IRenvelope/CompanyTaxReturn/OverpaymentsAndRepayments/RepaymentsForThePeriodCoveredByThisReturn/LandRemediationCredit	0..1	Payable land remediation or life assurance company tax credit
[895]	/IRenvelope/CompanyTaxReturn/OverpaymentsAndRepayments/RepaymentsForThePeriodCoveredByThisReturn/PayableCapitalAllowancesFirstYearCredit	0..1	Payable capital allowances first-year tax credit
[N075]	/IRenvelope/CompanyTaxReturn/OverpaymentsAndRepayments/Surrender	0..1	Surrender
[900]	/IRenvelope/CompanyTaxReturn/OverpaymentsAndRepayments/Surrender/Amount	1..1	The following amount is to be surrendered
[N077]	/IRenvelope/CompanyTaxReturn/OverpaymentsAndRepayments/Surrender/JointNotice	1..1	Status of the Joint Notice
[905]	/IRenvelope/CompanyTaxReturn/OverpaymentsAndRepayments/Surrender/JointNotice/Attached	1..1	Joint notice is attached
[910]	/IRenvelope/CompanyTaxReturn/OverpaymentsAndRepayments/Surrender/JointNotice/WillFollow	1..1	Joint notice will follow
[915]	/IRenvelope/CompanyTaxReturn/OverpaymentsAndRepayments/Surrender/StopUntilNotice	0..1	Please stop repayment of the following amount until the Notice is sent
[N081]	/IRenvelope/CompanyTaxReturn/OverpaymentsAndRepayments/BankAccountDetails	0..1	Bank details for person to whom repayment is to be made
[920]	/IRenvelope/CompanyTaxReturn/OverpaymentsAndRepayments/BankAccountDetails/BankName	1..1	Name of bank or building society
[925]	/IRenvelope/CompanyTaxReturn/OverpaymentsAndRepayments/BankAccountDetails/SortCode	1..1	Branch sort code
[930]	/IRenvelope/CompanyTaxReturn/OverpaymentsAndRepayments/BankAccountDetails/AccountNumber	1..1	Account number
[935]	/IRenvelope/CompanyTaxReturn/OverpaymentsAndRepayments/BankAccountDetails/AccountName	1..1	Name of account
[940]	/IRenvelope/CompanyTaxReturn/OverpaymentsAndRepayments/BankAccountDetails/BuildingSocReference	0..1	Building society reference
[943]	/IRenvelope/CompanyTaxReturn/OverpaymentsAndRepayments/RAndDCreditWithCondition	0..1	Put an 'X' in box 943 if there is an R&D payable credit and one of the conditions listed in the CT600 guide is applicable
[N087]	/IRenvelope/CompanyTaxReturn/OverpaymentsAndRepayments/PaymentToPerson	0..1	Payments to a person other than the company
[955]	/IRenvelope/CompanyTaxReturn/OverpaymentsAndRepayments/PaymentToPerson/Recipient	1..1	Person authorised to receive payment
[960]	/IRenvelope/CompanyTaxReturn/OverpaymentsAndRepayments/PaymentToPerson/Address	1..1	Address of person
[965]	/IRenvelope/CompanyTaxReturn/OverpaymentsAndRepayments/PaymentToPerson/NomineeReference	1..1	Nominee reference
[N091]	/IRenvelope/CompanyTaxReturn/Declaration	1..1	Declaration
[N092]	/IRenvelope/CompanyTaxReturn/Declaration/AcceptDeclaration	1..1	I declare that the information I have given on this Company Tax Return and any supplementary pages is correct and complete to the best of my knowledge and belief. I understand that giving false information in the return, or concealing any part of the company's profits or tax payable, can lead to both the company and me being prosecuted.
[975]	/IRenvelope/CompanyTaxReturn/Declaration/Name	1..1	Name of signatory
[985]	/IRenvelope/CompanyTaxReturn/Declaration/Status	1..1	Status of the signatory
[N095]	/IRenvelope/CompanyTaxReturn/LoansByCloseCompanies	0..1	Loans to participators by close companies.
[N096]	/IRenvelope/CompanyTaxReturn/ControlledForeignCompanies	0..1	Controlled foreign companies, foreign permanent establishment exemptions, hybrid and other mismatches
[N097]	/IRenvelope/CompanyTaxReturn/GroupAndConsortium	0..1	Group and Consortium
[N098]	/IRenvelope/CompanyTaxReturn/Insurance	0..1	Insurance
[N099]	/IRenvelope/CompanyTaxReturn/Charity	0..1	Charities and Community Amateur Sports Clubs
[N100]	/IRenvelope/CompanyTaxReturn/TonnageTax	0..1	Tonnage tax
[N101]	/IRenvelope/CompanyTaxReturn/NorthernIreland	0..1	Northern Ireland
[N102]	/IRenvelope/CompanyTaxReturn/CrossBorderRoyalties	0..1	Cross-border royalties
[N103]	/IRenvelope/CompanyTaxReturn/RingFenceTrade	0..1	Supplementary charge in respect of ring fence trade
[N104]	/IRenvelope/CompanyTaxReturn/TaxAvoidanceSchemes	0..1	Disclosure of tax avoidance schemes
[N113]	/IRenvelope/CompanyTaxReturn/RestitutionTax	0..1	Restitution tax
[N115]	/IRenvelope/CompanyTaxReturn/ResearchAndDevelopment	0..1	Research and Development
[N117]	/IRenvelope/CompanyTaxReturn/Freeports	0..1	Freeports and Investment Zones
[N120]	/IRenvelope/CompanyTaxReturn/ResidentialPropertyDeveloperTax	0..1	Residential Property Developer Tax
[N123]	/IRenvelope/CompanyTaxReturn/CreativeIndustries	0..1	Creative Industries
[N109]	/IRenvelope/CompanyTaxReturn/WelshReturn	0..1	To indicate that the form was completed in Welsh
[N110]	/IRenvelope/CompanyTaxReturn/JointAccounts	0..1	To indicate joint filing of accounts with Companies House
[N105]	/IRenvelope/CompanyTaxReturn/AttachedFiles	0..1	Files submitted with the CT600 return, e.g. Accounts, Covering Letter
[N106]	/IRenvelope/CompanyTaxReturn/AttachedFiles/Attachment	1..∞	Attached File, base 64 encoded
[N107]	/IRenvelope/CompanyTaxReturn/AttachedFiles/XBRLsubmission	1..1	Files submitted with the CT600 return in XBRL format.
[N106]	/IRenvelope/CompanyTaxReturn/AttachedFiles/Attachment	0..∞	Attached File, base 64 encoded
	/IRheader		
[Keys]	/IRheader/Keys	0..1	
[Key]	/IRheader/Keys/Key	1..∞	
[Type]	/IRheader/Keys/Key/@Type	0..1	
	/IRheader/PeriodEnd	1..1	
	/IRheader/Principal	0..1	
	/IRheader/Principal/Contact	1..1	
	/IRheader/Agent	0..1	
	/IRheader/Agent/AgentID	0..1	
	/IRheader/Agent/Company	0..1	
	/IRheader/Agent/Address	0..1	Represents an international address
[Line]	/IRheader/Agent/Address/Line	1..4	A line of the address
[Postcode]	/IRheader/Agent/Address/PostCode	0..1	Generic postal or zip code
[Country]	/IRheader/Agent/Address/Country	0..1	Country within address
	/IRheader/Agent/Contact	0..1	
	/IRheader/DefaultCurrency	0..1	Default currency for amounts where currency is not specified. This is currently restricted to only allow GBP.
	/IRheader/Manifest	0..1	
	/IRheader/Manifest/Contains	1..1	
	/IRheader/IRmark	0..1	
	/IRheader/IRmark/@Type	1..1	
	/IRheader/Sender	1..1	
	/Contains		
[Reference]	/Contains/Reference	1..∞	
[Namespace]	/Contains/Reference/Namespace	1..1	
[SchemaVersion]	/Contains/Reference/SchemaVersion	1..1	
[TopElementName]	/Contains/Reference/TopElementName	1..1	
[DESCRIPTION]	[AttachmentStructure]/@Description	0..1	Description of the attached file
[FILENAME4]	[AttachmentStructure]/@Filename	1..1	
[FORMAT]	[AttachmentStructure]/@Format	1..1	Format of the file attached
[SIZE]	[AttachmentStructure]/@Size	0..1	Size of attached file in bytes
[TYPE2]	[AttachmentStructure]/@Type	1..1	Type of attachment
	[PeriodType]/From	1..1	Date of the beginning of the period
	[PeriodType]/To	1..1	Date of the end of the period
	[IRnonNegativeWholeUnitsMonetaryStructure]/@Currency	0..1	Currency symbol such as GBP or EUR
	[CTaddressStructure]/Line	2..3	
	[CTaddressStructure]/AdditionalLine	0..1	
	[CTaddressStructure]/PostCode	0..1	
[INSTANCE]	[XBRLsubmissionDetails]/Instance	1..1	Container element for the XBRL instance document
[FILENAME]	[XBRLsubmissionDetails]/Instance/@Filename	0..1	Filename of the instance. Use of this attribute is deprecated.
[BASETAXONOMYVERSIONDATE]	[XBRLsubmissionDetails]/Instance/@BaseTaxonomyVersionDate	0..1	Taxonomy version date of the base taxonomy
[ENCODEDINLINEXBRLDOCUMENT]	[XBRLsubmissionDetails]/Instance/EncodedInlineXBRLDocument	1..∞	
[ENCODEDIXBRLFILENAME]	[XBRLsubmissionDetails]/Instance/EncodedInlineXBRLDocument/@Filename	0..1	Filename of the encoded iXBRL document
[ENTRYPOINT]	[XBRLsubmissionDetails]/Instance/EncodedInlineXBRLDocument/@entryPoint	0..1	Is this document the entry point for the instance?
[RAWXBRLDOCUMENT]	[XBRLsubmissionDetails]/Instance/RawXBRLDocument	1..1	
[RAWXBRLFILENAME]	[XBRLsubmissionDetails]/Instance/RawXBRLDocument/@Filename	0..1	Filename of the raw XBRL document
[INLINEXBRLDOCUMENT]	[XBRLsubmissionDetails]/Instance/InlineXBRLDocument	1..∞	
[INLINEXBRLFILENAME]	[XBRLsubmissionDetails]/Instance/InlineXBRLDocument/@Filename	0..1	Filename of the inline XBRL document
[ENTRYPOINT2]	[XBRLsubmissionDetails]/Instance/InlineXBRLDocument/@entryPoint	0..1	Is this document the entry point for the instance?
[EXTENSION]	[XBRLsubmissionDetails]/Extension	0..1	Extension taxonomy details
[TAXONOMY]	[XBRLsubmissionDetails]/Extension/Taxonomy	1..1	Container element for an extension Taxonomy document
[FILENAME2]	[XBRLsubmissionDetails]/Extension/Taxonomy/@Filename	1..1	Filename of the Taxonomy document
[LINKBASE]	[XBRLsubmissionDetails]/Extension/Linkbase	0..5	Container element for extension linkbases
[TYPE]	[XBRLsubmissionDetails]/Extension/Linkbase/@Type	1..1	The type of linkbase attached
[FILENAME3]	[XBRLsubmissionDetails]/Extension/Linkbase/@Filename	1..1	Filename of the linkbase
[XBRLACCOUNTS]	[XBRLsubmission]/Accounts	1..1	Submission of Accounts
[XBRLCOMPUTATIONS]	[XBRLsubmission]/Computation	1..1	Submission of Computation
	[XBRLsubmission]/Accounts	0..1	Submission of Accounts
	[ChargeAndAllowance]/BalancingCharges	0..1	
	[ChargeAndAllowance]/CapitalAllowances	0..1	
[Arising]	[ArisingAndMaximum]/Arising	0..1	
[Surrender Maximum]	[ArisingAndMaximum]/SurrenderMaximum	0..1	
[A5]	[CTA]/BeforeEndPeriod	1..1	Have loans made during the period been released, or written off before the end of the period?
[LOANSINFORMATION]	[CTA]/LoansInformation	0..1	Loans information
[LOAN]	[CTA]/LoansInformation/Loan	1..∞	Loan
[A10A]	[CTA]/LoansInformation/Loan/Name	1..1	Name of participator or associate
[A10B]	[CTA]/LoansInformation/Loan/AmountOfLoan	1..1	Amount of loan
[A15]	[CTA]/LoansInformation/TotalLoans	1..1	Total Loans within S419 ICTA 1988 made during the return period which have not been repaid, released or written off before the end of the period
[A20]	[CTA]/LoansInformation/TaxChargeable	1..1	Tax due before any relief for loans repaid, released or written off after the end of the period
[RELIEFEARLIERTHAN]	[CTA]/ReliefEarlierThan	0..1	Loans made during the returning period - Relief for amounts repaid, released or written off after the end of the period but eariler than 9 months and 1 day after the end of the period
[A25]	[CTA]/ReliefEarlierThan/Loan	1..∞	Loan
[A25A]	[CTA]/ReliefEarlierThan/Loan/Name	1..1	Name of participator or associate
[A25B]	[CTA]/ReliefEarlierThan/Loan/AmountRepaid	0..1	Amount repaid
[A25C]	[CTA]/ReliefEarlierThan/Loan/AmountReleasedOrWrittenOff	0..1	Amount released or written off
[A25D]	[CTA]/ReliefEarlierThan/Loan/Date	1..1	Date of repayment, release or write off
[A30]	[CTA]/ReliefEarlierThan/TotalAmountRepaid	0..1	Total amount repaid
[A35]	[CTA]/ReliefEarlierThan/TotalAmountReleasedOrWritten	0..1	Total amount released or written
[A40]	[CTA]/ReliefEarlierThan/TotalLoans	1..1	Total loans
[A45]	[CTA]/ReliefEarlierThan/ReliefDue	1..1	Relief due
[LOANLATERRELIEFNOW]	[CTA]/LoanLaterReliefNow	0..1	Loans made during the return period which have been repaid, released or written off more than 9 months after the end of the period and where relief is due now
[A50]	[CTA]/LoanLaterReliefNow/Loan	1..∞	Loan
[A50A]	[CTA]/LoanLaterReliefNow/Loan/Name	1..1	Name of participator or associate
[A50B]	[CTA]/LoanLaterReliefNow/Loan/AmountRepaid	0..1	Amount repaid
[A50C]	[CTA]/LoanLaterReliefNow/Loan/AmountReleasedOrWrittenOff	0..1	Amount released or written off
[A50D]	[CTA]/LoanLaterReliefNow/Loan/Date	1..1	Date of repayment, release or write off
[A55]	[CTA]/LoanLaterReliefNow/TotalAmountRepaid	0..1	Total amount repaid
[A60]	[CTA]/LoanLaterReliefNow/TotalAmountReleasedOrWritten	0..1	Total amount released or written
[A65]	[CTA]/LoanLaterReliefNow/TotalLoans	1..1	Total loans
[A70]	[CTA]/LoanLaterReliefNow/ReliefDue	1..1	Relief due
[A75]	[CTA]/TotalLoansOutstanding	0..1	Total loans outstanding
[A80]	[CTA]/TaxPayable	1..1	Tax payable s419
[COMPANYINFORMATIONPAGEB]	[CTB]/CompanyInformation	0..∞	Company information
[B5A]	[CTB]/CompanyInformation/Name	1..1	Name of controlled foreign company
[B5B]	[CTB]/CompanyInformation/Territory	1..1	Territory of residence for S749 purposes
[B5C]	[CTB]/CompanyInformation/ExemptionDue	1..1	Exemption due (if any)
[SB010b]	[CTB]/CompanyInformation/CFCTaxCalculation	1..1	CFCTaxCalculation
[B5D]	[CTB]/CompanyInformation/CFCTaxCalculation/Percentage	1..1	Percentage of apportionable profits and creditable tax
[B5E]	[CTB]/CompanyInformation/CFCTaxCalculation/ChargeableProfits	1..1	Chargeable profits
[B5F]	[CTB]/CompanyInformation/CFCTaxCalculation/TaxOnChargeable	1..1	Tax on chargeable profits
[B5G]	[CTB]/CompanyInformation/CFCTaxCalculation/CreditableTax	0..1	Creditable tax
[B5H]	[CTB]/CompanyInformation/CFCTaxCalculation/ReliefsInTaxTerms	0..1	Reliefs in terms of tax
[B5I]	[CTB]/CompanyInformation/CFCTaxCalculation/ACTrestricted	0..1	ACT as restricted
[B5J]	[CTB]/CompanyInformation/CFCTaxCalculation/CFCchargeDue	1..1	CFC charge due
[B10]	[CTB]/TotalTaxChargeable	0..1	Total tax on chargeable profits
[B15]	[CTB]/TotalCreditableTax	0..1	Total creditable tax
[B20]	[CTB]/TotalReliefInTaxTerms	0..1	Total reliefs in terms of tax
[B25]	[CTB]/TotalACTrestricted	0..1	Total ACT as restricted
[B30]	[CTB]/TotalCFCtaxChargeble	0..1	Total CFC tax chargeble
[B35]	[CTB]/ForeignPermanentEstablishmentExemption	0..1	This is the first period where an election for foreign permanent establishment exemption applies
[HYBRID]	[CTB]/HybridAndOtherMismatches	0..1	Hybrid and other mismatches
[B40]	[CTB]/HybridAndOtherMismatches/HybridEntity	0..1	The company is a hybrid entity
[B45]	[CTB]/HybridAndOtherMismatches/TransactionsWithHybridEntities	0..1	There were any transactions with hybrid entities in the same control group as this company
[B50]	[CTB]/HybridAndOtherMismatches/HybridDeductionMismatches	0..1	There were any hybrid or otherwise impermissible deduction/non-inclusion mismatches in connection with a financial instrument
[B55]	[CTB]/HybridAndOtherMismatches/ExcessivePEdeduction	0..1	There was an excessive PE deduction
[B60]	[CTB]/HybridAndOtherMismatches/MultinationalDeductionMismatch	0..1	There has been a multinational payee deduction/non-inclusion mismatch
[B65]	[CTB]/HybridAndOtherMismatches/Part6Acounteraction	0..1	There has been a counteraction under Part 6A TIOPA 2010
[B70]	[CTB]/HybridAndOtherMismatches/TotalCounteraction	0..1	Total counteraction
[B75]	[CTB]/HybridAndOtherMismatches/TotalS259LAdeduction	0..1	Total S259LA deduction
[B80]	[CTB]/HybridAndOtherMismatches/TotalAllocationDIIsurplus	0..1	Total claim for allocation of DII surplus that the company has made
[B85]	[CTB]/HybridAndOtherMismatches/TotalDIIsurplusConsentedTo	0..1	Total claim of DII surplus that the company has consented to
[CLAIMTOGROUPRELIEF]	[CTC]/ClaimToGroupRelief	0..1	Claims to group relief
[COMPANYINFORMATIONPAGEC]	[CTC]/ClaimToGroupRelief/CompanyInformation	1..1	Surrendering company information
[COMPANY]	[CTC]/ClaimToGroupRelief/CompanyInformation/Company	1..∞	Surrendering company
[C5A]	[CTC]/ClaimToGroupRelief/CompanyInformation/Company/Name	1..1	Name of surrendering company
[C5B]	[CTC]/ClaimToGroupRelief/CompanyInformation/Company/AccountingPeriod	0..1	Accounting period of surrendering company
[C5C]	[CTC]/ClaimToGroupRelief/CompanyInformation/Company/TaxReference	1..1	Tax reference of surrendering company
[C5D]	[CTC]/ClaimToGroupRelief/CompanyInformation/Company/AmountClaimed	1..1	Amount claimed
[C10]	[CTC]/ClaimToGroupRelief/CompanyInformation/TotalAmountClaimed	1..1	Total group relief claimed
[C15]	[CTC]/ClaimToGroupRelief/NonResidentCompany	0..1	Group relief claim involves losses of a trade carried on in the UK through a Permanent Establishment by a non-resident company
[C20]	[CTC]/ClaimToGroupRelief/LossesGeneratedAbroad	0..1	Group relief claim involves losses of a non-resident company other than those covered by SC023, or involves a non-resident link company
[CLAIMAUTHORISATION]	[CTC]/ClaimToGroupRelief/ClaimAuthorisation	0..1	Authorisation of claim
[SC161]	[CTC]/ClaimToGroupRelief/ClaimAuthorisation/CopyOfNoticesOfConsentAttached	1..1	Notice/s of consent attached?
[AUTHORISATION]	[CTC]/ClaimToGroupRelief/ClaimAuthorisation/AuthorisationForSimplifiedArrangements	1..1	Authorisation of claim to group relief for simplified arrangements
[C25]	[CTC]/ClaimToGroupRelief/ClaimAuthorisation/AuthorisationForSimplifiedArrangements/AuthorisationWhereSimplifiedArrangement	1..1	Authorisation of claim where a simplified arrangement applies
[C30]	[CTC]/ClaimToGroupRelief/ClaimAuthorisation/AuthorisationForSimplifiedArrangements/CompanyName	1..1	Name of authorised company
[C35]	[CTC]/ClaimToGroupRelief/ClaimAuthorisation/AuthorisationForSimplifiedArrangements/NameOfAuthorisedPerson	1..1	Name of person authorised to sign
[C40]	[CTC]/ClaimToGroupRelief/ClaimAuthorisation/AuthorisationForSimplifiedArrangements/Status	1..1	Status
[SURRENDEREDGROUPRELIEF]	[CTC]/SurrenderedGroupRelief	0..1	Amounts surrendered as group relief
[C45]	[CTC]/SurrenderedGroupRelief/TradingLosses	0..1	Trading losses - total
[C46]	[CTC]/SurrenderedGroupRelief/NItradingLosses	0..1	Trading losses - Northern Ireland
[C50]	[CTC]/SurrenderedGroupRelief/ExcessNonTrading	0..1	Excess non-trade capital allowances over income from which they are primarily deductible
[C55]	[CTC]/SurrenderedGroupRelief/NonTradingDeficit	0..1	Non-trading deficit on loan relationships
[C60]	[CTC]/SurrenderedGroupRelief/ExcessDonations	0..1	Excess qualifying charitable donations over profits
[C65]	[CTC]/SurrenderedGroupRelief/ExcessLosses	0..1	Excess UK property business losses over profits
[C70]	[CTC]/SurrenderedGroupRelief/ExcessManagementExpenses	0..1	Excess of management expenses over profits
[C75]	[CTC]/SurrenderedGroupRelief/NonTradingLossesOnIntangibleFixedAssets	0..1	Non-trading losses on intangible fixed assets
[C80]	[CTC]/SurrenderedGroupRelief/TotalSurrender	1..1	Total surrendered as group relief
[SURRENDERINFORMATION]	[CTC]/SurrenderedGroupRelief/SurrenderInformation	1..1	Details of surrender
[COMPANY2]	[CTC]/SurrenderedGroupRelief/SurrenderInformation/Company	1..∞	Details of claimant company surrender
[C85A]	[CTC]/SurrenderedGroupRelief/SurrenderInformation/Company/Name	1..1	Name of claimant company
[C85B]	[CTC]/SurrenderedGroupRelief/SurrenderInformation/Company/AccountingPeriod	0..1	Accounting period of claimant company
[C85C]	[CTC]/SurrenderedGroupRelief/SurrenderInformation/Company/TaxReference	1..1	Tax reference of claimant company
[C85D]	[CTC]/SurrenderedGroupRelief/SurrenderInformation/Company/AmountSurrendered	1..1	Amount surrendered
[C90]	[CTC]/SurrenderedGroupRelief/SurrenderInformation/AmountSurrenderedTotal	1..1	Total amount surrendered
[CONSENTTOSURRENDER]	[CTC]/SurrenderedGroupRelief/ConsentToSurrender	1..1	Consent to surrender
[CONSENTOPTIONS]	[CTC]/SurrenderedGroupRelief/ConsentToSurrender/ConsentOptions	0..1	Type of consent
[SC150]	[CTC]/SurrenderedGroupRelief/ConsentToSurrender/ConsentOptions/SimplifiedArrangementInForce	0..1	Is a simplified arrangement in force?
[SC151]	[CTC]/SurrenderedGroupRelief/ConsentToSurrender/ConsentOptions/NoticeOfConsentCompleted	0..1	Has CT600C notice of consent been completed?
[SC152]	[CTC]/SurrenderedGroupRelief/ConsentToSurrender/ConsentOptions/CopyOfNoticesOfConsentAttached	0..1	Notice/s of consent attached?
[DECLARATION]	[CTC]/SurrenderedGroupRelief/ConsentToSurrender/Declaration	0..1	Declaration of consent
[C95]	[CTC]/SurrenderedGroupRelief/ConsentToSurrender/Declaration/CompanyName	1..1	Name of company surrendering relief
[C100]	[CTC]/SurrenderedGroupRelief/ConsentToSurrender/Declaration/TaxReference	1..1	Tax reference of company surrendering relief
[C105/C110]	[CTC]/SurrenderedGroupRelief/ConsentToSurrender/Declaration/AccountingPeriod	1..1	Accounting period of company surrendering relief
[SC156]	[CTC]/SurrenderedGroupRelief/ConsentToSurrender/Declaration/AcceptDeclaration	1..1	I certify that all the information I have given on these pages is correct and complete to the best of my knowledge and belief.
[C115]	[CTC]/SurrenderedGroupRelief/ConsentToSurrender/Declaration/Name	1..1	Name of signatory
[C120]	[CTC]/SurrenderedGroupRelief/ConsentToSurrender/Declaration/Status	1..1	Status of the signatory
[GROUPRELIEFCFL]	[CTC]/GroupReliefForCarriedForwardLosses	0..1	Claims to group relief for carried forward losses
[COMPANYINFORMATIONPAGEC2]	[CTC]/GroupReliefForCarriedForwardLosses/CompanyInformation	1..1	Surrendering company information
[COMPANY3]	[CTC]/GroupReliefForCarriedForwardLosses/CompanyInformation/Company	1..∞	Details of surrenderer company claimant
[C125A]	[CTC]/GroupReliefForCarriedForwardLosses/CompanyInformation/Company/Name	1..1	Name of surrendering company
[C125B]	[CTC]/GroupReliefForCarriedForwardLosses/CompanyInformation/Company/AccountingPeriod	0..1	Accounting period of surrendering company
[C125C]	[CTC]/GroupReliefForCarriedForwardLosses/CompanyInformation/Company/TaxReference	1..1	Tax reference of surrendering company
[C125D]	[CTC]/GroupReliefForCarriedForwardLosses/CompanyInformation/Company/AmountClaimed	1..1	Amount claimed
[C130]	[CTC]/GroupReliefForCarriedForwardLosses/CompanyInformation/TotalAmountClaimed	1..1	Total group relief claimed
[C135]	[CTC]/GroupReliefForCarriedForwardLosses/NonResidentCompany	0..1	Group relief claim for carried forward losses involves losses of a trade carried on in the UK through a Permanent Establishment by a non-resident company
[CLAIMAUTHORISATION2]	[CTC]/GroupReliefForCarriedForwardLosses/ClaimAuthorisation	0..1	Authorisation of claim
[SC172]	[CTC]/GroupReliefForCarriedForwardLosses/ClaimAuthorisation/CopyOfNoticesOfConsentAttached	1..1	Notice/s of consent attached?
[AUTHORISATION2]	[CTC]/GroupReliefForCarriedForwardLosses/ClaimAuthorisation/AuthorisationForSimplifiedArrangements	1..1	Authorisation of claim to group relief for carried forward losses for simplified arrangements
[C140]	[CTC]/GroupReliefForCarriedForwardLosses/ClaimAuthorisation/AuthorisationForSimplifiedArrangements/AuthorisationWhereSimplifiedArrangement	1..1	Authorisation of a claim where a simplified arrangement applies
[C145]	[CTC]/GroupReliefForCarriedForwardLosses/ClaimAuthorisation/AuthorisationForSimplifiedArrangements/CompanyName	1..1	Name of authorised company
[C150]	[CTC]/GroupReliefForCarriedForwardLosses/ClaimAuthorisation/AuthorisationForSimplifiedArrangements/NameOfAuthorisedPerson	1..1	Name of person authorised to sign
[C155]	[CTC]/GroupReliefForCarriedForwardLosses/ClaimAuthorisation/AuthorisationForSimplifiedArrangements/Status	1..1	Status
[SURRGROUPRELIEFCFL]	[CTC]/SurrenderedGroupReliefForCarriedForwardLosses	0..1	Amounts surrendered as group relief for carried forward losses
[C160]	[CTC]/SurrenderedGroupReliefForCarriedForwardLosses/TradingLosses	0..1	Trading losses carried forward - total
[C161]	[CTC]/SurrenderedGroupReliefForCarriedForwardLosses/NItradingLosses	0..1	Trading losses carried forward - Northern Ireland
[C165]	[CTC]/SurrenderedGroupReliefForCarriedForwardLosses/NonTradingDeficit	0..1	Non-trading deficit on loan relationships carried forward
[C170]	[CTC]/SurrenderedGroupReliefForCarriedForwardLosses/UKpropertyBusinessLosses	0..1	UK property business losses carried forward
[C175]	[CTC]/SurrenderedGroupReliefForCarriedForwardLosses/ManagementExpenses	0..1	Management expenses carried forward
[C180]	[CTC]/SurrenderedGroupReliefForCarriedForwardLosses/NonTradingDeficitsOnIntangibleFixedAssets	0..1	Non-trading deficits on intangible fixed assets carried forward
[C185]	[CTC]/SurrenderedGroupReliefForCarriedForwardLosses/TotalSurrender	1..1	Total of carried forward losses surrendered as group relief
[SURRENDERINFORMATION2]	[CTC]/SurrenderedGroupReliefForCarriedForwardLosses/SurrenderInformation	1..1	Details of surrender
[COMPANY4]	[CTC]/SurrenderedGroupReliefForCarriedForwardLosses/SurrenderInformation/Company	1..∞	Details of claimant company
[C190A]	[CTC]/SurrenderedGroupReliefForCarriedForwardLosses/SurrenderInformation/Company/Name	1..1	Name of claimant company
[C190B]	[CTC]/SurrenderedGroupReliefForCarriedForwardLosses/SurrenderInformation/Company/AccountingPeriod	0..1	Accounting period of claimant company
[C190C]	[CTC]/SurrenderedGroupReliefForCarriedForwardLosses/SurrenderInformation/Company/TaxReference	1..1	Tax reference of claimant company
[C190D]	[CTC]/SurrenderedGroupReliefForCarriedForwardLosses/SurrenderInformation/Company/AmountSurrendered	1..1	Amount surrendered
[C195]	[CTC]/SurrenderedGroupReliefForCarriedForwardLosses/SurrenderInformation/AmountSurrenderedTotal	1..1	Total amount surrendered
[CONSENTTOSURRENDER2]	[CTC]/SurrenderedGroupReliefForCarriedForwardLosses/ConsentToSurrender	1..1	Consent to surrender
[CONSENTOPTIONS2]	[CTC]/SurrenderedGroupReliefForCarriedForwardLosses/ConsentToSurrender/ConsentOptions	0..1	Type of consent
[SC188]	[CTC]/SurrenderedGroupReliefForCarriedForwardLosses/ConsentToSurrender/ConsentOptions/SimplifiedArrangementInForce	0..1	Is a simplified arrangement in force?
[SC189]	[CTC]/SurrenderedGroupReliefForCarriedForwardLosses/ConsentToSurrender/ConsentOptions/NoticeOfConsentCompleted	0..1	Has CT600C notice of consent been completed?
[SC190]	[CTC]/SurrenderedGroupReliefForCarriedForwardLosses/ConsentToSurrender/ConsentOptions/CopyOfNoticesOfConsentAttached	0..1	Notice/s of consent attached?
[DECLARATION2]	[CTC]/SurrenderedGroupReliefForCarriedForwardLosses/ConsentToSurrender/Declaration	0..1	Declaration of consent
[C200]	[CTC]/SurrenderedGroupReliefForCarriedForwardLosses/ConsentToSurrender/Declaration/CompanyName	1..1	Name of company surrendering relief
[C205]	[CTC]/SurrenderedGroupReliefForCarriedForwardLosses/ConsentToSurrender/Declaration/TaxReference	1..1	Tax reference of company surrendering relief
[C210/C215]	[CTC]/SurrenderedGroupReliefForCarriedForwardLosses/ConsentToSurrender/Declaration/AccountingPeriod	1..1	Accounting period of company surrendering relief
[SC194]	[CTC]/SurrenderedGroupReliefForCarriedForwardLosses/ConsentToSurrender/Declaration/AcceptDeclaration	1..1	I certify that all the information I have given on these pages is correct and complete to the best of my knowledge and belief.
[C220]	[CTC]/SurrenderedGroupReliefForCarriedForwardLosses/ConsentToSurrender/Declaration/Name	1..1	Name of signatory
[C225]	[CTC]/SurrenderedGroupReliefForCarriedForwardLosses/ConsentToSurrender/Declaration/Status	1..1	Status of the signatory
[SD001]	[CTD]/Declaration	0..1	Overseas life assurance business declaration
[CLAIMEXEMPTION]	[CTE]/ClaimExemption	1..1	Claim exemption
[E5]	[CTE]/ClaimExemption/RepaymentReference	0..1	Charity/CASC repayment reference
[E10]	[CTE]/ClaimExemption/RegistrationNumber	0..1	Charity Commission registration number, or Scottish Charity number (if applicable)
[STATUS]	[CTE]/ClaimExemption/Status	1..1	Status
[E15]	[CTE]/ClaimExemption/Status/ClaimingExemptionAllOrPart	1..1	The company was a charity/CASC and is claiming exemption from all tax on all or part of its income and gains
[ALLCHARITABLE]	[CTE]/ClaimExemption/Status/AllCharitable	1..1	All charitable
[E20]	[CTE]/ClaimExemption/Status/AllCharitable/AllExempt	1..1	All income and gains are exempt from tax and have been, or will be applied for charitable or qualifying purposes only
[E25]	[CTE]/ClaimExemption/Status/AllCharitable/SomeNotOnlyCharitable	1..1	Some of the charity's income and gains may not be exempt or have not been applied for charitable or qualifying purposes only and I have completed the form CT600
[REPAYMENTS]	[CTE]/Repayments	0..1	Repayments
[E45]	[CTE]/Repayments/OverclaimedTax	0..1	E3 e3c included amounts
[INFORMATIONREQUIRED]	[CTE]/InformationRequired	0..1	Information required
[INCOME]	[CTE]/InformationRequired/Income	0..1	Income
[E50]	[CTE]/InformationRequired/Income/TotalTurnover	0..1	Total turnover from exempt trading activities
[E55]	[CTE]/InformationRequired/Income/InvestmentIncome	0..1	Investment Income - exclude any amounts included on form CT600
[E60]	[CTE]/InformationRequired/Income/UKlandBuildings	0..1	UK land and buildings - exclude any amounts included on form CT600
[E65]	[CTE]/InformationRequired/Income/GiftAid	0..1	Gift Aid - exclude any amounts included on form CT600
[E70]	[CTE]/InformationRequired/Income/OtherCharities	0..1	From other charities - exclude any amounts included on form CT600
[E75]	[CTE]/InformationRequired/Income/GiftsOfShares	0..1	Gifts of shares or securities received
[E80]	[CTE]/InformationRequired/Income/GiftOfRealProperty	0..1	Gifts of real property received
[E85]	[CTE]/InformationRequired/Income/OtherSources	0..1	Other sources (not included above)
[E88]	[CTE]/InformationRequired/Income/LegacyIncome	0..1	Legacy Income
[E90]	[CTE]/InformationRequired/Income/Total	1..1	Total
[EXPENDITURE]	[CTE]/InformationRequired/Expenditure	0..1	Expenditure
[E95]	[CTE]/InformationRequired/Expenditure/TradingCosts	0..1	Trading Costs
[E100]	[CTE]/InformationRequired/Expenditure/UKlandBuildings	0..1	UK land and buildings
[E105]	[CTE]/InformationRequired/Expenditure/GeneralAdminCosts	0..1	All general administration costs
[E110]	[CTE]/InformationRequired/Expenditure/GrantsDonationsWithinUK	0..1	All grants and donations made within the UK
[E115]	[CTE]/InformationRequired/Expenditure/GrantsDonationsOutsideUK	0..1	All grants and donations made outside the UK
[E120]	[CTE]/InformationRequired/Expenditure/OtherExpenditure	0..1	Other expenditure not included above
[E125]	[CTE]/InformationRequired/Expenditure/Total	1..1	Total
[ASSETS]	[CTE]/InformationRequired/Assets	0..1	Assets
[TANGIBLEFIXED]	[CTE]/InformationRequired/Assets/TangibleFixed	0..1	Tangible fixed assets
[E130]	[CTE]/InformationRequired/Assets/TangibleFixed/Disposals	0..1	Disposals in the period (total consideration received)
[E135]	[CTE]/InformationRequired/Assets/TangibleFixed/Held	0..1	Additions in the period
[UKINVESTMENTS]	[CTE]/InformationRequired/Assets/UKinvestments	0..1	UK investments (excluding controlled companies)
[E140]	[CTE]/InformationRequired/Assets/UKinvestments/Disposals	0..1	Disposals in the period (total consideration received)
[E145]	[CTE]/InformationRequired/Assets/UKinvestments/Held	0..1	Additions in the period
[SHARESANDLOANS]	[CTE]/InformationRequired/Assets/SharesAndLoans	0..1	Shares in, and loans to, controlled companies
[E150]	[CTE]/InformationRequired/Assets/SharesAndLoans/Disposals	0..1	Disposals in the period (total consideration received)
[E155]	[CTE]/InformationRequired/Assets/SharesAndLoans/Held	0..1	Additions in the period
[OVERSEASINVESTMENTS]	[CTE]/InformationRequired/Assets/OverseasInvestments	0..1	Overseas investments
[E160]	[CTE]/InformationRequired/Assets/OverseasInvestments/Disposals	0..1	Disposals in the period (total consideration received)
[E165]	[CTE]/InformationRequired/Assets/OverseasInvestments/Held	0..1	Additions in the period
[LOANSANDNONTRADEDEBTORS]	[CTE]/InformationRequired/Assets/LoansAndNonTradeDebtors	0..1	Loans and non trade debtors
[E170]	[CTE]/InformationRequired/Assets/LoansAndNonTradeDebtors/Held	1..1	Additions in the period
[OTHERCURRENT]	[CTE]/InformationRequired/Assets/OtherCurrent	0..1	Other current assets
[E175]	[CTE]/InformationRequired/Assets/OtherCurrent/Held	1..1	Additions in the period
[INVESTMENTSORLOANS]	[CTE]/InformationRequired/Assets/InvestmentsOrLoans	0..1	Investments or loans
[E180]	[CTE]/InformationRequired/Assets/InvestmentsOrLoans/Qualifying	0..1	Qualifying investments and loans
[E185]	[CTE]/InformationRequired/Assets/InvestmentsOrLoans/ValueOfNonQualifying	0..1	Value of any non-qualifying investments and loans
[E190]	[CTE]/InformationRequired/Assets/SubsidiaryOrAssociatedCompanies	0..1	Number of subsidiary or associated companies the charity controls at the end of the period. Exclude companies that were dormant throughout the period
[LEGACYPAYMENTS]	[CTE]/InformationRequired/Assets/LegacyPayments	0..1	Legacy Payments
[E195]	[CTE]/InformationRequired/Assets/LegacyPayments/Payment	1..∞	Legacy payment details
[E195A]	[CTE]/InformationRequired/Assets/LegacyPayments/Payment/Forename	1..1	Forename
[E195B]	[CTE]/InformationRequired/Assets/LegacyPayments/Payment/Surname	1..1	Surname
[E195C]	[CTE]/InformationRequired/Assets/LegacyPayments/Payment/Address	1..2	Address
[E195D]	[CTE]/InformationRequired/Assets/LegacyPayments/Payment/Postcode	0..1	Postcode
[E195E]	[CTE]/InformationRequired/Assets/LegacyPayments/Payment/Overseas	0..1	Overseas
[E195F]	[CTE]/InformationRequired/Assets/LegacyPayments/Payment/Date	1..1	Date
[E195G]	[CTE]/InformationRequired/Assets/LegacyPayments/Payment/Amount	1..1	Amount
[E200]	[CTE]/InformationRequired/Assets/LegacyPayments/Total	1..1	Total
[TONNAGETAX]	[CTF]/TonnageTax	1..1	Tonnage tax
[INFORMATION]	[CTF]/TonnageTax/Information	1..1	Information
[TONNAGEGROUP]	[CTF]/TonnageTax/Information/TonnageGroup	0..1	Tonnage group
[F5A/F5B]	[CTF]/TonnageTax/Information/TonnageGroup/GroupElection	1..1	The company was party to a tonnage tax group election
[F10]	[CTF]/TonnageTax/Information/TonnageGroup/Name	0..1	Name of tonnage tax group of which the company was a member at the AP end
[F15A/F15B/F15C]	[CTF]/TonnageTax/Information/TrainingCertificate	1..1	The company or group was covered by a training certificate
[F20A/F20B/F20C]	[CTF]/TonnageTax/Information/CompanyMetCharteredInLimit	1..1	The company met the prescribed limit on chartered-in tonnage
[F25A/F25B/F25C]	[CTF]/TonnageTax/Information/GroupMetCharteredInLimit	0..1	The group met the prescribed limit on chartered-in tonnage
[F30A/F30B/F30C]	[CTF]/TonnageTax/Information/NotRegistered	1..1	The company or group operated ships that were NOT registered in the UK for the first time
[F35A/F35B]	[CTF]/TonnageTax/Information/Flagging	0..1	The company or group satified the flagging condition
[F40A/F40B]	[CTF]/TonnageTax/Information/OffshoreActivities	1..1	The company is subject to the special rules for offshore activities
[OFFSHORETRAININGALLOWANCE]	[CTF]/TonnageTax/OffshoreTrainingAllowance	0..1	Offshore training allowance
[F45]	[CTF]/TonnageTax/OffshoreTrainingAllowance/OffsetAgainstCorpTax	0..1	The amount of training allowance to be offset against the Corporation Tax liability
[F50]	[CTF]/TonnageTax/OffshoreTrainingAllowance/CarriedForward	0..1	The amount of training allowance to be carried forward
[RELEVANTSHIPPINGPROFITS]	[CTF]/TonnageTax/RelevantShippingProfits	0..1	Relevant shipping profits
[F11]	[CTF]/TonnageTax/RelevantShippingProfits/Other	0..1	The profit or loss as shown in the companys accounts, other than non-tonnage tax profit or loss included elsewhere on the form CT600, and amounts included below
[F55A]	[CTF]/TonnageTax/RelevantShippingProfits/Other/Profit	1..1	Profit
[F55B]	[CTF]/TonnageTax/RelevantShippingProfits/Other/Loss	1..1	Loss
[F12]	[CTF]/TonnageTax/RelevantShippingProfits/DisposalOfAssets	0..1	The profit or loss in the company's accounts in respect of the disposal of Tonnage Tax assets, which would otherwise be computed under chargeable gains rules
[F60A]	[CTF]/TonnageTax/RelevantShippingProfits/DisposalOfAssets/Profit	1..1	Profit
[F60B]	[CTF]/TonnageTax/RelevantShippingProfits/DisposalOfAssets/Loss	1..1	Loss
[F65]	[CTF]/TonnageTax/RelevantShippingProfits/GrossDividends	0..1	Dividends and other distributions qualifying as relevant shipping income
[QUALIFYINGSHIPS]	[CTF]/TonnageTax/QualifyingShips	0..1	Qualifying ships
[SHIP]	[CTF]/TonnageTax/QualifyingShips/Ship	1..200	Ship
[F70A]	[CTF]/TonnageTax/QualifyingShips/Ship/Name	1..1	Name
[F70B]	[CTF]/TonnageTax/QualifyingShips/Ship/IMOnumber	1..1	International Maritime Organisation number
[F70C]	[CTF]/TonnageTax/QualifyingShips/Ship/InterestInShip	1..1	Interest in ship, or if managed only
[F70D]	[CTF]/TonnageTax/QualifyingShips/Ship/GrossTonnage	1..1	
[F70E]	[CTF]/TonnageTax/QualifyingShips/Ship/NetTonnage	1..1	Net tonnage
[F70F]	[CTF]/TonnageTax/QualifyingShips/Ship/NumberDays	1..1	Number of days operated or managed
[F70G]	[CTF]/TonnageTax/QualifyingShips/Ship/Profits	1..1	Tonnage tax profits
[F70H]	[CTF]/TonnageTax/QualifyingShips/Ship/Flagged	1..1	Flagged in register of UK
[F70I]	[CTF]/TonnageTax/QualifyingShips/Ship/FirstTime	1..1	Operated or managed for first time in AP
[F70]	[CTF]/TonnageTax/QualifyingShips/Total	1..1	Total tonnage tax profits
[TRADINGG]	[CTG]/Trading	0..1	Tax calculation
[G5]	[CTG]/Trading/Profits	0..1	Trading profits
[G5A]	[CTG]/Trading/Profits/NorthernIreland	0..1	Northern Ireland
[G5B]	[CTG]/Trading/Profits/RestOfUK	0..1	Rest of UK
[G5C]	[CTG]/Trading/Profits/Total	1..1	Total
[G10]	[CTG]/Trading/LossesBroughtForward	0..1	Trading losses brought forward - value set against trading profits
[G10A]	[CTG]/Trading/LossesBroughtForward/NorthernIreland	0..1	Northern Ireland
[G10B]	[CTG]/Trading/LossesBroughtForward/RestOfUK	0..1	Rest of UK
[G10C]	[CTG]/Trading/LossesBroughtForward/Total	1..1	Total
[G15]	[CTG]/Trading/LossesBroughtForwardUsed	0..1	Trading losses brought forward - amount used against profits
[G15B]	[CTG]/Trading/LossesBroughtForwardUsed/RestOfUK	1..1	Rest of UK
[G15C]	[CTG]/Trading/LossesBroughtForwardUsed/Total	1..1	Total
[G20]	[CTG]/Trading/NetProfits	0..1	Net trading profits
[G20A]	[CTG]/Trading/NetProfits/NorthernIreland	0..1	Northern Ireland
[G20B]	[CTG]/Trading/NetProfits/RestOfUK	0..1	Rest of UK
[G20C]	[CTG]/Trading/NetProfits/Total	1..1	Total
[TOTALPROFITSG]	[CTG]/TotalProfits	0..1	
[G25]	[CTG]/TotalProfits/NonTradeProfitsAndGains	0..1	Non-trade profits and gains
[G25B]	[CTG]/TotalProfits/NonTradeProfitsAndGains/RestOfUK	1..1	Rest of UK
[G25C]	[CTG]/TotalProfits/NonTradeProfitsAndGains/Total	1..1	Total
[G30]	[CTG]/TotalProfits/TotalProfitsAndGains	1..1	Total profits and gains
[G30A]	[CTG]/TotalProfits/TotalProfitsAndGains/NorthernIreland	0..1	Northern Ireland
[G30B]	[CTG]/TotalProfits/TotalProfitsAndGains/RestOfUK	0..1	Rest of UK
[G30C]	[CTG]/TotalProfits/TotalProfitsAndGains/Total	1..1	Total
[PROFITSBEFOREDEDUCTIONSG]	[CTG]/ProfitsBeforeDeductions	0..1	Profits before deductions and reliefs
[G35]	[CTG]/ProfitsBeforeDeductions/LossesBroughtForward	0..1	Losses brought forward against certain investment income
[G35B]	[CTG]/ProfitsBeforeDeductions/LossesBroughtForward/RestOfUK	1..1	Rest of UK
[G35C]	[CTG]/ProfitsBeforeDeductions/LossesBroughtForward/Total	1..1	Total
[G40]	[CTG]/ProfitsBeforeDeductions/DeficitsBroughtForward	0..1	Non-trade deficits on loan relationships (including interest) and derivative contracts (financial instruments) brought forward set against non-trading profits
[G40B]	[CTG]/ProfitsBeforeDeductions/DeficitsBroughtForward/RestOfUK	1..1	Rest of UK
[G40C]	[CTG]/ProfitsBeforeDeductions/DeficitsBroughtForward/Total	1..1	Total
[G45]	[CTG]/ProfitsBeforeDeductions/ProfitsBeforeOtherDeductionsAndReliefs	1..1	Profits before other deductions and reliefs
[G45A]	[CTG]/ProfitsBeforeDeductions/ProfitsBeforeOtherDeductionsAndReliefs/NorthernIreland	0..1	Northern Ireland
[G45B]	[CTG]/ProfitsBeforeDeductions/ProfitsBeforeOtherDeductionsAndReliefs/RestOfUK	0..1	Rest of UK
[G45C]	[CTG]/ProfitsBeforeDeductions/ProfitsBeforeOtherDeductionsAndReliefs/Total	1..1	Total
[DEDUCTIONSANDRELIEFSG]	[CTG]/DeductionsAndReliefs	0..1	
[G50]	[CTG]/DeductionsAndReliefs/LossesUnquotedShares	0..1	Losses on unquoted shares
[G50A]	[CTG]/DeductionsAndReliefs/LossesUnquotedShares/NorthernIreland	0..1	Northern Ireland
[G50B]	[CTG]/DeductionsAndReliefs/LossesUnquotedShares/RestOfUK	0..1	Rest of UK
[G50C]	[CTG]/DeductionsAndReliefs/LossesUnquotedShares/Total	1..1	Total
[G55]	[CTG]/DeductionsAndReliefs/ManagementExpenses	0..1	Management expenses
[G55A]	[CTG]/DeductionsAndReliefs/ManagementExpenses/NorthernIreland	0..1	Northern Ireland
[G55B]	[CTG]/DeductionsAndReliefs/ManagementExpenses/RestOfUK	0..1	Rest of UK
[G55C]	[CTG]/DeductionsAndReliefs/ManagementExpenses/Total	1..1	Total
[G60]	[CTG]/DeductionsAndReliefs/UKpropertyBusinessLosses	0..1	UK property business losses for this or previous accounting period
[G60A]	[CTG]/DeductionsAndReliefs/UKpropertyBusinessLosses/NorthernIreland	0..1	Northern Ireland
[G60B]	[CTG]/DeductionsAndReliefs/UKpropertyBusinessLosses/RestOfUK	0..1	Rest of UK
[G60C]	[CTG]/DeductionsAndReliefs/UKpropertyBusinessLosses/Total	1..1	Total
[G65]	[CTG]/DeductionsAndReliefs/CapitalAllowancesManagement	0..1	Capital allowances for the purposes of management of the business
[G65A]	[CTG]/DeductionsAndReliefs/CapitalAllowancesManagement/NorthernIreland	0..1	Northern Ireland
[G65B]	[CTG]/DeductionsAndReliefs/CapitalAllowancesManagement/RestOfUK	0..1	Rest of UK
[G65C]	[CTG]/DeductionsAndReliefs/CapitalAllowancesManagement/Total	1..1	Total
[G70]	[CTG]/DeductionsAndReliefs/NonTradeDeficits	0..1	Non-trade deficits for this accounting period from loan relationships and derivative contracts (financial instruments)
[G70A]	[CTG]/DeductionsAndReliefs/NonTradeDeficits/NorthernIreland	0..1	Northern Ireland
[G70B]	[CTG]/DeductionsAndReliefs/NonTradeDeficits/RestOfUK	0..1	Rest of UK
[G70C]	[CTG]/DeductionsAndReliefs/NonTradeDeficits/Total	1..1	Total
[G73]	[CTG]/DeductionsAndReliefs/CarriedForwardNonTradeDeficits	0..1	Carried forward non-trade deficits from loan relationships and derivative contracts (financial instruments)
[G73A]	[CTG]/DeductionsAndReliefs/CarriedForwardNonTradeDeficits/NorthernIreland	0..1	Northern Ireland
[G73B]	[CTG]/DeductionsAndReliefs/CarriedForwardNonTradeDeficits/RestOfUK	0..1	Rest of UK
[G73C]	[CTG]/DeductionsAndReliefs/CarriedForwardNonTradeDeficits/Total	1..1	Total
[G75]	[CTG]/DeductionsAndReliefs/NonTradingLossIntangibles	0..1	Non-trading losses on intangible fixed assets
[G75A]	[CTG]/DeductionsAndReliefs/NonTradingLossIntangibles/NorthernIreland	0..1	Northern Ireland
[G75B]	[CTG]/DeductionsAndReliefs/NonTradingLossIntangibles/RestOfUK	0..1	Rest of UK
[G75C]	[CTG]/DeductionsAndReliefs/NonTradingLossIntangibles/Total	1..1	Total
[G80]	[CTG]/DeductionsAndReliefs/TradingLosses	0..1	Total trading losses of this or a later accounting period - value
[G80A]	[CTG]/DeductionsAndReliefs/TradingLosses/NorthernIreland	0..1	Northern Ireland
[G80B]	[CTG]/DeductionsAndReliefs/TradingLosses/RestOfUK	0..1	Rest of UK
[G80C]	[CTG]/DeductionsAndReliefs/TradingLosses/Total	1..1	Total
[G85]	[CTG]/DeductionsAndReliefs/TradingLossesUsed	0..1	Total trading losses of this or a later accounting period - amount used
[G85B]	[CTG]/DeductionsAndReliefs/TradingLossesUsed/RestOfUK	1..1	Rest of UK
[G85C]	[CTG]/DeductionsAndReliefs/TradingLossesUsed/Total	1..1	Total
[G90]	[CTG]/DeductionsAndReliefs/TradingLossesCarriedBack	0..1	Are amounts carried back from later accounting periods included in box G80?
[G92]	[CTG]/DeductionsAndReliefs/TradingLossesCarriedForward	0..1	Trading losses carried forward and claimed against total profits - value
[G92A]	[CTG]/DeductionsAndReliefs/TradingLossesCarriedForward/NorthernIreland	0..1	Northern Ireland
[G92B]	[CTG]/DeductionsAndReliefs/TradingLossesCarriedForward/RestOfUK	0..1	Rest of UK
[G92C]	[CTG]/DeductionsAndReliefs/TradingLossesCarriedForward/Total	1..1	Total
[G93]	[CTG]/DeductionsAndReliefs/TradingLossesCarriedForwardUsed	0..1	Trading losses carried forward and claimed against total profits - amount used
[G93B]	[CTG]/DeductionsAndReliefs/TradingLossesCarriedForwardUsed/RestOfUK	1..1	Rest of UK
[G93C]	[CTG]/DeductionsAndReliefs/TradingLossesCarriedForwardUsed/Total	1..1	Total
[G95]	[CTG]/DeductionsAndReliefs/NonTradeCapitalAllowances	0..1	Non-trade capital allowances
[G95A]	[CTG]/DeductionsAndReliefs/NonTradeCapitalAllowances/NorthernIreland	0..1	Northern Ireland
[G95B]	[CTG]/DeductionsAndReliefs/NonTradeCapitalAllowances/RestOfUK	0..1	Rest of UK
[G95C]	[CTG]/DeductionsAndReliefs/NonTradeCapitalAllowances/Total	1..1	Total
[G100]	[CTG]/DeductionsAndReliefs/TotalOfDeductionsAndReliefs	0..1	Total of deductions and reliefs
[G100A]	[CTG]/DeductionsAndReliefs/TotalOfDeductionsAndReliefs/NorthernIreland	0..1	Northern Ireland
[G100B]	[CTG]/DeductionsAndReliefs/TotalOfDeductionsAndReliefs/RestOfUK	0..1	Rest of UK
[G100C]	[CTG]/DeductionsAndReliefs/TotalOfDeductionsAndReliefs/Total	1..1	Total
[G105]	[CTG]/DeductionsAndReliefs/ProfitsBeforeDonationsAndGroupRelief	0..1	Profits before qualifying donations and group relief
[G105A]	[CTG]/DeductionsAndReliefs/ProfitsBeforeDonationsAndGroupRelief/NorthernIreland	0..1	Northern Ireland
[G105B]	[CTG]/DeductionsAndReliefs/ProfitsBeforeDonationsAndGroupRelief/RestOfUK	0..1	Rest of UK
[G105C]	[CTG]/DeductionsAndReliefs/ProfitsBeforeDonationsAndGroupRelief/Total	1..1	Total
[G110]	[CTG]/DeductionsAndReliefs/QualifyingDonations	0..1	Qualifying donations
[G110A]	[CTG]/DeductionsAndReliefs/QualifyingDonations/NorthernIreland	0..1	Northern Ireland
[G110B]	[CTG]/DeductionsAndReliefs/QualifyingDonations/RestOfUK	0..1	Rest of UK
[G110C]	[CTG]/DeductionsAndReliefs/QualifyingDonations/Total	1..1	Total
[G115]	[CTG]/DeductionsAndReliefs/GroupRelief	0..1	Group relief
[G115A]	[CTG]/DeductionsAndReliefs/GroupRelief/NorthernIreland	0..1	Northern Ireland
[G115B]	[CTG]/DeductionsAndReliefs/GroupRelief/RestOfUK	0..1	Rest of UK
[G115C]	[CTG]/DeductionsAndReliefs/GroupRelief/Total	1..1	Total
[G117]	[CTG]/DeductionsAndReliefs/GroupReliefForCarriedForwardLosses	0..1	Group relief for carried forward losses
[G117A]	[CTG]/DeductionsAndReliefs/GroupReliefForCarriedForwardLosses/NorthernIreland	0..1	Northern Ireland
[G117B]	[CTG]/DeductionsAndReliefs/GroupReliefForCarriedForwardLosses/RestOfUK	0..1	Rest of UK
[G117C]	[CTG]/DeductionsAndReliefs/GroupReliefForCarriedForwardLosses/Total	1..1	Total
[G120]	[CTG]/DeductionsAndReliefs/ChargeableProfits	0..1	Profits chargeable to corporation tax
[G120A]	[CTG]/DeductionsAndReliefs/ChargeableProfits/NorthernIreland	0..1	Northern Ireland
[G120B]	[CTG]/DeductionsAndReliefs/ChargeableProfits/RestOfUK	0..1	Rest of UK
[G120C]	[CTG]/DeductionsAndReliefs/ChargeableProfits/Total	1..1	Total
[TAXRECONCILIATION]	[CTG]/TaxReconciliation	0..1	Tax reconciliation
[G125]	[CTG]/TaxReconciliation/ResearchAndDevelopmentCredit	0..1	Research and Development credit
[G125A]	[CTG]/TaxReconciliation/ResearchAndDevelopmentCredit/NorthernIreland	0..1	Northern Ireland
[G125B]	[CTG]/TaxReconciliation/ResearchAndDevelopmentCredit/RestOfUK	0..1	Rest of UK
[G125C]	[CTG]/TaxReconciliation/ResearchAndDevelopmentCredit/Total	1..1	Total
[G130]	[CTG]/TaxReconciliation/CreativeCredit	0..1	Creative tax credit
[G130A]	[CTG]/TaxReconciliation/CreativeCredit/NorthernIreland	0..1	Northern Ireland
[G130B]	[CTG]/TaxReconciliation/CreativeCredit/RestOfUK	0..1	Rest of UK
[G130C]	[CTG]/TaxReconciliation/CreativeCredit/Total	1..1	Total
[G135]	[CTG]/TaxReconciliation/ResearchAndDevelopmentOrCreativeTaxCredit	0..1	Total of Research and Development credit or creative tax credit
[G135A]	[CTG]/TaxReconciliation/ResearchAndDevelopmentOrCreativeTaxCredit/NorthernIreland	0..1	Northern Ireland
[G135B]	[CTG]/TaxReconciliation/ResearchAndDevelopmentOrCreativeTaxCredit/RestOfUK	0..1	Rest of UK
[G135C]	[CTG]/TaxReconciliation/ResearchAndDevelopmentOrCreativeTaxCredit/Total	1..1	Total
[G140]	[CTG]/TaxReconciliation/LandRemediationCredit	0..1	Land remediation tax credit
[G140A]	[CTG]/TaxReconciliation/LandRemediationCredit/NorthernIreland	0..1	Northern Ireland
[G140B]	[CTG]/TaxReconciliation/LandRemediationCredit/RestOfUK	0..1	Rest of UK
[G140C]	[CTG]/TaxReconciliation/LandRemediationCredit/Total	1..1	Total
[G145]	[CTG]/TaxReconciliation/LifeAssuranceCompanyCredit	0..1	Life assurance company tax credit
[G145B]	[CTG]/TaxReconciliation/LifeAssuranceCompanyCredit/RestOfUK	1..1	Rest of UK
[G145C]	[CTG]/TaxReconciliation/LifeAssuranceCompanyCredit/Total	1..1	Total
[G150]	[CTG]/TaxReconciliation/TotalLandAndLifeCredit	0..1	Total land remediation and life assurance company tax credit
[G150A]	[CTG]/TaxReconciliation/TotalLandAndLifeCredit/NorthernIreland	0..1	Northern Ireland
[G150B]	[CTG]/TaxReconciliation/TotalLandAndLifeCredit/RestOfUK	0..1	Rest of UK
[G150C]	[CTG]/TaxReconciliation/TotalLandAndLifeCredit/Total	1..1	Total
[G155]	[CTG]/TaxReconciliation/CapitalAllowancesFirstYearCredit	0..1	Capital allowances first-year tax credit
[G155A]	[CTG]/TaxReconciliation/CapitalAllowancesFirstYearCredit/NorthernIreland	0..1	Northern Ireland
[G155B]	[CTG]/TaxReconciliation/CapitalAllowancesFirstYearCredit/RestOfUK	0..1	Rest of UK
[G155C]	[CTG]/TaxReconciliation/CapitalAllowancesFirstYearCredit/Total	1..1	Total
[LOSSESDEFICITSEXCESS]	[CTG]/LossesDeficitsAndExcess	0..1	Losses, deficits and excess amounts
[G165]	[CTG]/LossesDeficitsAndExcess/LossesOfTradesUK	0..1	Losses of trades carried on wholly or partly in the UK
[G165A]	[CTG]/LossesDeficitsAndExcess/LossesOfTradesUK/NorthernIreland	0..1	Northern Ireland
[G165B]	[CTG]/LossesDeficitsAndExcess/LossesOfTradesUK/RestOfUK	0..1	Rest of UK
[G165C]	[CTG]/LossesDeficitsAndExcess/LossesOfTradesUK/Total	1..1	Total
[G170]	[CTG]/LossesDeficitsAndExcess/LossesOfTradesOutsideUK	0..1	Losses of trades carried on wholly outside the UK
[G170B]	[CTG]/LossesDeficitsAndExcess/LossesOfTradesOutsideUK/RestOfUK	1..1	Rest of UK
[G170C]	[CTG]/LossesDeficitsAndExcess/LossesOfTradesOutsideUK/Total	1..1	Total
[NIINDICATORS]	[CTG]/Indicators	0..1	Indicators
[G175]	[CTG]/Indicators/BackOfficeActivities	0..1	Back-office activities
[G180]	[CTG]/Indicators/PreCommencementAssets	0..1	Pre-commencement assets
[G185]	[CTG]/Indicators/SMEelectionIntoLargeCompanyRegime	0..1	SME election into large company regime
[ROYALTIES]	[CTH]/Royalties	1..∞	Royalties
[H5A]	[CTH]/Royalties/RecipientName	1..1	Name of recipient of the royalty
[H5B]	[CTH]/Royalties/AddressOfRecipient	1..1	Full address of the recipient of the royalty
[H5C]	[CTH]/Royalties/PaymentType	1..1	Type of royalty payment made
[H5D]	[CTH]/Royalties/Amount	1..1	Gross amount of royalty paid
[ROYALTIESAGREEMENT]	[CTH]/Royalties/RoyaltiesAgreement	1..1	Agreement under which relief claimed
[H5Ea]	[CTH]/Royalties/RoyaltiesAgreement/InterestAndRoyalties	1..1	Interest and Royalties Directive
[H5Eb]	[CTH]/Royalties/RoyaltiesAgreement/DoubleTaxationAgreement	1..1	Country with double taxation agreement with the UK
[H5F]	[CTH]/Royalties/DeductionRate	1..1	Rate of tax deducted from payment
[H5G]	[CTH]/Royalties/DeductionAmount	1..1	Amount of tax deducted from payment
[H5H]	[CTH]/Royalties/AdditionalNotes	0..1	Additional notes
[SI021]	[CTI]/CalculationOfSupplementaryCharge	1..1	
[TRADE]	[CTI]/CalculationOfSupplementaryCharge/Trade	1..1	Trade
[I5]	[CTI]/CalculationOfSupplementaryCharge/Trade/Amount	1..1	Amount of ring fence profit or loss
[I10]	[CTI]/CalculationOfSupplementaryCharge/Trade/Profits	1..1	Ring fence profits
[I15]	[CTI]/CalculationOfSupplementaryCharge/Trade/Losses	1..1	Ring fence losses
[DISALLOWEDFINANCINGCOSTS]	[CTI]/CalculationOfSupplementaryCharge/DisallowedFinancingCosts	0..1	Disallowed financing costs
[I20]	[CTI]/CalculationOfSupplementaryCharge/DisallowedFinancingCosts/RelatedToCompany	0..1	Disallowed financing costs relating to the company itself
[I25]	[CTI]/CalculationOfSupplementaryCharge/DisallowedFinancingCosts/RelatedToLossRelief	0..1	Disallowed financing costs relating to loss relief surrendered to the company
[I30]	[CTI]/CalculationOfSupplementaryCharge/DisallowedFinancingCosts/Total	1..1	Total disallowed financing costs
[I35]	[CTI]/CalculationOfSupplementaryCharge/Profits	1..1	Adjusted ring fence profits
[I40]	[CTI]/CalculationOfSupplementaryCharge/DecommissioningAdjustment	0..1	Decommissioning adjustment
[I45]	[CTI]/CalculationOfSupplementaryCharge/RevisedProfits	0..1	Revised ring fence profits
[I50]	[CTI]/CalculationOfSupplementaryCharge/MinusLosses	0..1	Losses brought forward or from a later accounting period
[I55]	[CTI]/CalculationOfSupplementaryCharge/DecommissioningReduction	0..1	Decommissioning reduction
[I60]	[CTI]/CalculationOfSupplementaryCharge/FieldAllowance	0..1	The amount of the field allowance
[I65]	[CTI]/CalculationOfSupplementaryCharge/NetProfits	1..1	Net profits subject to ring fence charge
[I70]	[CTI]/CalculationOfSupplementaryCharge/Tax	0..1	Tax at supplementary charge rate
[I75]	[CTI]/LossesArising	0..1	Ring fence trade losses arising in period
[SI020]	[CTI]/NetRingFenceTrade	0..1	
[I80]	[CTI]/NetRingFenceTrade/RingFenceCorpTaxIncluded	0..1	Ring fence corporation tax net of deductions in terms of tax
[I85]	[CTI]/NetRingFenceTrade/SupplementaryChargeTax	0..1	Supplementary charge tax
[TRANSFERREDTAXHISTORY]	[CTI]/TransferredTaxHistory	0..1	Transferred tax history
[ELECTIONTOTRANSFER]	[CTI]/TransferredTaxHistory/ElectionToTransfer	1..1	Election to transfer tickboxes
[I90]	[CTI]/TransferredTaxHistory/ElectionToTransfer/AssetAcquiredThisPeriod	0..1	An election to transfer tax history has been made in the period covered by this return - Asset(s) acquired
[I95]	[CTI]/TransferredTaxHistory/ElectionToTransfer/AssetDisposedOfThisPeriod	0..1	An election to transfer tax history has been made in the period covered by this return - Asset(s) disposed of
[I100]	[CTI]/TransferredTaxHistory/ElectionToTransfer/AssetAcquiredPreviousPeriod	0..1	An election to transfer tax history has been made in a previous accounting period - Asset(s) acquired
[I105]	[CTI]/TransferredTaxHistory/ElectionToTransfer/AssetDisposedOfPreviousPeriod	0..1	An election to transfer tax history has been made in a previous accounting period - Asset(s) disposed of
[ASSETINFORMATION]	[CTI]/TransferredTaxHistory/AssetInformation	0..999	Asset information
[I110]	[CTI]/TransferredTaxHistory/AssetInformation/DescriptionOfAsset	1..1	Description of asset
[I115]	[CTI]/TransferredTaxHistory/AssetInformation/AssetReference	1..1	Asset reference
[I120]	[CTI]/TransferredTaxHistory/AssetInformation/OGAapprovedCessation	0..1	Put an ‘X’ in box I120 if OGA has approved the cessation of production
[I125]	[CTI]/TransferredTaxHistory/AssetInformation/STOcertificationQualified	0..1	Put an ‘X’ in box I125 if STO certification of tracking is qualified
[TRACKINGOFTRANSFERREDTAXHISTORY]	[CTI]/TransferredTaxHistory/AssetInformation/TrackingOfTransferredTaxHistory	1..1	Tracking of transferred tax history
[I130]	[CTI]/TransferredTaxHistory/AssetInformation/TrackingOfTransferredTaxHistory/IncludedInTaxComputations	0..1	Put an ‘X’ in box I130 if a detailed schedule of the accounting periods and rates applying is included in the tax computations
[I135]	[CTI]/TransferredTaxHistory/AssetInformation/TrackingOfTransferredTaxHistory/RingFenceCorporationTax	1..1	Transferred tax history - Ring fence corporation tax
[I135A]	[CTI]/TransferredTaxHistory/AssetInformation/TrackingOfTransferredTaxHistory/RingFenceCorporationTax/AmountBroughtForward	1..1	Amount brought forward or acquired
[I135B]	[CTI]/TransferredTaxHistory/AssetInformation/TrackingOfTransferredTaxHistory/RingFenceCorporationTax/AmountTransferred	0..1	Amount transferred
[I135C]	[CTI]/TransferredTaxHistory/AssetInformation/TrackingOfTransferredTaxHistory/RingFenceCorporationTax/AmountUsed	0..1	Amount used this period
[I135D]	[CTI]/TransferredTaxHistory/AssetInformation/TrackingOfTransferredTaxHistory/RingFenceCorporationTax/AmountCarriedForward	1..1	Amount carried forward
[I140]	[CTI]/TransferredTaxHistory/AssetInformation/TrackingOfTransferredTaxHistory/SupplementaryCharge	0..1	Transferred tax history - Supplementary charge
[I140A]	[CTI]/TransferredTaxHistory/AssetInformation/TrackingOfTransferredTaxHistory/SupplementaryCharge/AmountBroughtForward	1..1	Amount brought forward or acquired
[I140B]	[CTI]/TransferredTaxHistory/AssetInformation/TrackingOfTransferredTaxHistory/SupplementaryCharge/AmountTransferred	0..1	Amount transferred
[I140C]	[CTI]/TransferredTaxHistory/AssetInformation/TrackingOfTransferredTaxHistory/SupplementaryCharge/AmountUsed	0..1	Amount used this period
[I140D]	[CTI]/TransferredTaxHistory/AssetInformation/TrackingOfTransferredTaxHistory/SupplementaryCharge/AmountCarriedForward	1..1	Amount carried forward
[I145]	[CTI]/TransferredTaxHistory/AssetInformation/TrackingOfTransferredTaxHistory/TrackedProfitsOrLosses	1..1	Tracked profits or losses
[I145A]	[CTI]/TransferredTaxHistory/AssetInformation/TrackingOfTransferredTaxHistory/TrackedProfitsOrLosses/BalanceBroughtForward	0..1	Balance brought forward
[I145B]	[CTI]/TransferredTaxHistory/AssetInformation/TrackingOfTransferredTaxHistory/TrackedProfitsOrLosses/ProfitsOrLossesForThisPeriod	1..1	Profits or losses for this period
[I145C1]	[CTI]/TransferredTaxHistory/AssetInformation/TrackingOfTransferredTaxHistory/TrackedProfitsOrLosses/OtherAdjustmentsPlus	1..1	Other adjustments Plus
[I145C2]	[CTI]/TransferredTaxHistory/AssetInformation/TrackingOfTransferredTaxHistory/TrackedProfitsOrLosses/OtherAdjustmentsMinus	1..1	Other adjustments Minus
[I145D]	[CTI]/TransferredTaxHistory/AssetInformation/TrackingOfTransferredTaxHistory/TrackedProfitsOrLosses/AmountCarriedForward	1..1	Amount carried forward
[I150]	[CTI]/TransferredTaxHistory/AssetInformation/TrackingOfTransferredTaxHistory/DecommissioningExpenditure	0..1	Decommissioning expenditure
[I150A]	[CTI]/TransferredTaxHistory/AssetInformation/TrackingOfTransferredTaxHistory/DecommissioningExpenditure/BalanceBroughtForward	0..1	Balance brought forward
[I150B]	[CTI]/TransferredTaxHistory/AssetInformation/TrackingOfTransferredTaxHistory/DecommissioningExpenditure/ExpenditureForThisPeriod	0..1	Expenditure for this period
[I150C1]	[CTI]/TransferredTaxHistory/AssetInformation/TrackingOfTransferredTaxHistory/DecommissioningExpenditure/OtherAdjustmentsPlus	1..1	Other adjustments Plus
[I150C2]	[CTI]/TransferredTaxHistory/AssetInformation/TrackingOfTransferredTaxHistory/DecommissioningExpenditure/OtherAdjustmentsMinus	1..1	Other adjustments Minus
[I150D]	[CTI]/TransferredTaxHistory/AssetInformation/TrackingOfTransferredTaxHistory/DecommissioningExpenditure/AmountCarriedForward	1..1	Amount carried forward
[I155]	[CTI]/TransferredTaxHistory/AssetInformation/TrackingOfTransferredTaxHistory/ActivatedRingFenceCorporationTax	0..1	Activated transferred tax history - Ring fence corporation tax
[I155A]	[CTI]/TransferredTaxHistory/AssetInformation/TrackingOfTransferredTaxHistory/ActivatedRingFenceCorporationTax/PreviouslyActivated	0..1	Previously activated
[I155B]	[CTI]/TransferredTaxHistory/AssetInformation/TrackingOfTransferredTaxHistory/ActivatedRingFenceCorporationTax/ActivatedThisPeriod	0..1	Activated this period
[I155C]	[CTI]/TransferredTaxHistory/AssetInformation/TrackingOfTransferredTaxHistory/ActivatedRingFenceCorporationTax/TotalActivated	1..1	Total activated
[I155D]	[CTI]/TransferredTaxHistory/AssetInformation/TrackingOfTransferredTaxHistory/ActivatedRingFenceCorporationTax/TotalUsed	0..1	Total used
[I160]	[CTI]/TransferredTaxHistory/AssetInformation/TrackingOfTransferredTaxHistory/ActivatedSupplementaryCharge	0..1	Activated transferred tax history - Supplementary charge
[I160A]	[CTI]/TransferredTaxHistory/AssetInformation/TrackingOfTransferredTaxHistory/ActivatedSupplementaryCharge/PreviouslyActivated	0..1	Previously activated
[I160B]	[CTI]/TransferredTaxHistory/AssetInformation/TrackingOfTransferredTaxHistory/ActivatedSupplementaryCharge/ActivatedThisPeriod	0..1	Activated this period
[I160C]	[CTI]/TransferredTaxHistory/AssetInformation/TrackingOfTransferredTaxHistory/ActivatedSupplementaryCharge/TotalActivated	1..1	Total activated
[I160D]	[CTI]/TransferredTaxHistory/AssetInformation/TrackingOfTransferredTaxHistory/ActivatedSupplementaryCharge/TotalUsed	0..1	Total used
[AVOIDANCESCHEMES]	[CTJ]/AvoidanceSchemes	1..10	Avoidance schemes
[J5]	[CTJ]/AvoidanceSchemes/ReferenceNumber	1..1	Reference number
[J5A]	[CTJ]/AvoidanceSchemes/AccountingPeriod	1..1	Accounting period
[SK001]	[CTK]/TaxCalculation	1..1	Tax calculation
[K5]	[CTK]/TaxCalculation/SAbeforeRestitutionTax	1..1	Self-assessment of tax payable before restitution tax
[K10]	[CTK]/TaxCalculation/RestitutionInterest	1..1	Restitution interest
[K15]	[CTK]/TaxCalculation/TaxCalculation	1..1	Tax calculation table
[K15.1]	[CTK]/TaxCalculation/TaxCalculation/FinancialYearOne	1..1	
[K15.1A]	[CTK]/TaxCalculation/TaxCalculation/FinancialYearOne/Year	1..1	Financial year one
[K15.1B]	[CTK]/TaxCalculation/TaxCalculation/FinancialYearOne/AmountOfInterest	1..1	Amount of interest
[K15.1C]	[CTK]/TaxCalculation/TaxCalculation/FinancialYearOne/TaxRate	1..1	Rate of tax
[K15.1D]	[CTK]/TaxCalculation/TaxCalculation/FinancialYearOne/Tax	1..1	Tax
[K15.2]	[CTK]/TaxCalculation/TaxCalculation/FinancialYearTwo	0..1	
[K15.2A]	[CTK]/TaxCalculation/TaxCalculation/FinancialYearTwo/Year	1..1	Financial year two
[K15.2B]	[CTK]/TaxCalculation/TaxCalculation/FinancialYearTwo/AmountOfInterest	1..1	Amount of interest
[K15.2C]	[CTK]/TaxCalculation/TaxCalculation/FinancialYearTwo/TaxRate	1..1	Rate of tax
[K15.2D]	[CTK]/TaxCalculation/TaxCalculation/FinancialYearTwo/Tax	1..1	Tax
[K20]	[CTK]/TaxCalculation/TotalRestitutionTax	1..1	Total restitution tax
[K25]	[CTK]/TaxCalculation/TaxAlreadyWithheld	0..1	Tax already withheld
[K30]	[CTK]/TaxCalculation/SAafterRestitutionTax	1..1	Self-assessment of tax payable after restitution tax
[K35]	[CTK]/TaxCalculation/RestitutionTaxNowPayable	1..1	Restitution tax now payable
[SL053]	[CTL]/PreStep1Restriction	0..1	Pre-Step 1 restriction
[L5]	[CTL]/PreStep1Restriction/Step2RestrictionBroughtForward	1..1	Step 2 restriction brought forward from previous accounting periods
[L6]	[CTL]/PreStep1Restriction/PreStep1CorporationTaxLiability	1..1	Corporation Tax Liability
[L7]	[CTL]/PreStep1Restriction/AmountOfStep2BroughtForwardRDEC	1..1	Amount of step 2 brought forward RDEC used to discharge Corporation Tax liability
[L8]	[CTL]/PreStep1Restriction/AmountCarriedForward	1..1	Amount carried forward to next accounting period
[L9]	[CTL]/PreStep1Restriction/RemainingCorporationTaxLiability	1..1	Remaining Corporation Tax liability
[SL001]	[CTL]/Step1	0..1	Step 1 - Calculation of Research & Development
[L10]	[CTL]/Step1/RandDExpenditureOnWhichRDECisClaimedInThisAccountingPeriod	0..1	R&D expenditure on which RDEC is claimed in this accounting period
[L15]	[CTL]/Step1/RDECclaimForThisAccountingPeriod	0..1	RDEC claim for this accounting period
[L20]	[CTL]/Step1/AmountsFromAPreviousAccountingPeriodTreatedAsRDECforThisAccountingPeriod	0..1	Step 3 amounts from a previous accounting period treated as RDEC for this accounting period
[L25]	[CTL]/Step1/TotalRDECforTheAccountingPeriod	1..1	Total RDEC for the accounting period
[L30]	[CTL]/Step1/CorporationTaxLiability	0..1	Remaining Corporation Tax liability
[L35]	[CTL]/Step1/IncomeTaxDeductedFromProfitsApplicableToCorporationTaxLiability	0..1	Income Tax deducted from profits (applicable to Corporation Tax liability)
[L40]	[CTL]/Step1/MaximumAmountAvailableForStep1SetOff	0..1	Maximum amount available for Step 1 set off
[L45]	[CTL]/Step1/AmountOfRDECusedToDischargeCorporationTaxAtStep1	0..1	Amount of RDEC used to discharge Corporation Tax at Step 1
[SL010]	[CTL]/Step2	0..1	Step 2 - Calculation of notional tax charge
[L50]	[CTL]/Step2/Step1BalanceCarriedForwardToStep2	1..1	Step 1 balance carried forward to Step 2
[L55]	[CTL]/Step2/CorporationTaxChargeOnRDECforThisAccountingPeriod	0..1	Corporation Tax charge on RDEC for this accounting period
[L60]	[CTL]/Step2/TotalRDECarisingInThisAPlessCorporationTaxChargeOnTheRDECforThisAP	0..1	Total RDEC arising in this AP less Corporation Tax charge on the RDEC for this AP
[L62]	[CTL]/Step2/RDECarisingInThisAPlessRemainingCorporationTaxLiabilityAtStep1	0..1	RDEC arising in this AP less remaining Corporation Tax liability at step 1
[L65]	[CTL]/Step2/Step2RestrictionCarriedForwardToNextAccountingPeriod	1..1	Step 2 restriction carried forward to next accounting period
[SL015]	[CTL]/Step3	0..1	Step 3 - PAYE/NIC liability cap
[L70]	[CTL]/Step3/Step2BalanceCarriedForwardToStep3	1..1	Step 2 balance carried forward to Step 3
[L71]	[CTL]/Step3/ExceptionS1112E	0..1	Does the exception at s1112E CTA 2009 apply?
[L71A]	[CTL]/Step3/TotalExpenditureOnEPWsFromAndSubcontractingToConnectedPersons	0..1	Total expenditure on externally provided workers from, and subcontracting to, connected persons
[L72]	[CTL]/Step3/PAYENICsForWhichTheCompanyIsLiableInThisAP	0..1	PAYE/NICs for which the company is liable in this accounting period
[L72A]	[CTL]/Step3/EmployerPAYEreference	0..2	Employer PAYE reference
[L73]	[CTL]/Step3/RelevantPAYENICsLiabilityOfConnectedCompanies	0..1	Relevant PAYE/NICs liability of connected companies
[L73A]	[CTL]/Step3/ConnectedCompaniesEmployerPAYEreference	0..∞	Connected companies' employer PAYE reference
[L75]	[CTL]/Step3/TotalRelevantExpenditureOnRandDWorkersPAYEandNationalInsuranceContributions	0..1	PAYE/NIC liability cap
[L80]	[CTL]/Step3/Step3RestrictionCarriedForwardToNextAP	1..1	Step 3 restriction carried forward to next AP
[SL019]	[CTL]/Step4	0..1	Step 4 - RDEC to be offset against outstanding Corporation Tax liabilities
[L85]	[CTL]/Step4/Step3BalanceCarriedForwardToStep4	1..1	Step 3 balance carried forward to Step 4
[L90]	[CTL]/Step4/AmountUsedToDischargeCorporationTaxLiabilityOfAnotherAccountingPeriod	0..1	Amount used to discharge Corporation Tax liability of another accounting period
[SL022]	[CTL]/Step5	0..1	Step 5 - Amount surrendered to group member
[L95]	[CTL]/Step5/Step4BalanceCarriedForwardToStep5	1..1	Step 4 balance carried forward to Step 5
[L100]	[CTL]/Step5/CreditSurrenderedToGroupMember	0..1	Credit surrendered to group member
[SL025]	[CTL]/Step6	0..1	Step 6 - Amount used to discharge other company liabilities
[L105]	[CTL]/Step6/Step5BalanceCarriedForwardToStep6	1..1	Step 5 balance carried forward to Step 6
[L110]	[CTL]/Step6/AmountUsedToDischargeOtherCompanyLiabilityOnThisCTSA	0..1	Amount used to discharge other company liability on this CTSA
[L115]	[CTL]/Step6/AmountUsedToDischargeAnyOtherCompanyLiability	0..1	Amount used to discharge any other company liability
[L120]	[CTL]/Step6/TotalUsedToDischargeOtherCompanyLiability	1..1	Total used to discharge other company liability
[SL030]	[CTL]/Step7	0..1	Step 7 - Payable Research and Development expenditure credit (RDEC)
[L123]	[CTL]/Step7/AmountsExtinguished	0..1	Amounts extinguished by s104S (2)(b) CTA 2009
[L125]	[CTL]/Step7/PayableRDEC	1..1	Payable RDEC
[SL032]	[CTL]/RDECcarriedForward	0..1	RDEC carried forward
[L129]	[CTL]/RDECcarriedForward/PreStep1Restriction	0..1	Pre-step 1 restriction
[L130]	[CTL]/RDECcarriedForward/Step2Restriction	1..1	Step 2 restriction
[L135]	[CTL]/RDECcarriedForward/SurrenderedToOtherGroupCompany	0..1	Surrendered to other group company
[L140]	[CTL]/RDECcarriedForward/BalanceCarriedForwardToNextAccountingPeriod	1..1	Balance carried forward to next accounting period
[L145]	[CTL]/RDECcarriedForward/Step3Restriction	0..1	Step 3 restriction
[L150]	[CTL]/RDECcarriedForward/TotalCarriedForwardToNextAP	1..1	Total carried forward to next AP
[SL038]	[CTL]/RDECsurrendered	0..1	RDEC surrendered
[L155]	[CTL]/RDECsurrendered/Step2RestrictionSurrendered	0..1	Step 2 restriction surrendered
[L160]	[CTL]/RDECsurrendered/Step5CreditSurrenderedToGroupMember	0..1	Step 5 Credit surrendered to group member
[L165]	[CTL]/RDECsurrendered/TotalSurrendered	1..1	Total surrendered
[SL042]	[CTL]/SME	0..1	Small and medium-sized enterprise (SME) R&D and enhanced support for R&D intensive SMEs
[L166]	[CTL]/SME/RandDexpenditure	0..1	R&D expenditure
[L167]	[CTL]/SME/DoesTheExceptionAtS1058DCTA2009apply	0..1	Does the exception at s1058D or s1112E CTA 2009 apply
[L167A]	[CTL]/SME/TotalExpenditureOnExternallyProvidedWorkersFromAndSubcontractingToConnectedPersons	0..1	Total expenditure on externally provided workers from, and subcontracting to, connected persons
[L168]	[CTL]/SME/PAYENICforWhichTheCompanyIsLiableInThisAccountingPeriod	0..1	PAYE/NICs for which the company is liable in this accounting period
[L168A]	[CTL]/SME/EmployerPAYEreference	0..2	Employer PAYE reference
[L169]	[CTL]/SME/RelevantPAYENICliabilityOfConnectedCompanies	0..1	Relevant PAYE/NICs liability of connected companies
[L169A]	[CTL]/SME/ConnectedCompaniesEmployerPAYEreference	0..∞	Connected companies' employer PAYE reference
[L170]	[CTL]/SME/RandDPayableTaxCreditClaim	0..1	SME/R&D Intensive SME R&D payable tax credit claim for this accounting period
[L175]	[CTL]/SME/RandDPayableTaxCreditSetOffAgainstOtherLiabilitiesOnThisReturn	0..1	SME/R&D Intensive SME R&D payable tax credit set-off against other liabilities on this return
[L180]	[CTL]/SME/RandDBalancePayableTaxCredit	0..1	SME/R&D Intensive SME R&D balance payable tax credit
[L185]	[CTL]/SME/RDECclaimFromWorkSubcontractedToItByALargeCompany	0..1	SME RDEC claim from work subcontracted to it by a large company
[L190]	[CTL]/SME/RDECclaimFromSubsidisedAndCappedWork	0..1	SME RDEC claim from subsidised and capped work
[SL048]	[CTL]/TotalRandDSetOffAgainstLiabilities	1..1	Total R and D set-off against liabilities in this Corporation Tax Return
[L194]	[CTL]/TotalRandDSetOffAgainstLiabilities/RDECpreStep1DischargeAmount	0..1	RDEC pre-step 1 discharge amount
[L195]	[CTL]/TotalRandDSetOffAgainstLiabilities/RDECstep1DischargeAmount	0..1	RDEC Step 1 discharge amount
[L200]	[CTL]/TotalRandDSetOffAgainstLiabilities/RDECstep6DischargeAmountForThisAccountingPeriod	0..1	RDEC Step 6 discharge amount for this accounting period
[L205]	[CTL]/TotalRandDSetOffAgainstLiabilities/SMERandDBalancePayableTaxCreditUsedToDischargeOtherLiabilitiesOnThisReturn	0..1	SME R&D balance payable tax credit used to discharge other liabilities on this return
[L210]	[CTL]/TotalRandDSetOffAgainstLiabilities/Total	1..1	Total
[M5]	[CTM]/EnhancedSBAinFreeports	0..∞	Enhanced Structures and Buildings allowances in Freeports and Investment Zones
[M5A]	[CTM]/EnhancedSBAinFreeports/LocationOfFreeport	1..1	Location of Freeport and/or Investment Zones
[M5B]	[CTM]/EnhancedSBAinFreeports/AddressOfBusinessOperation	1..1	Address of business operation
[M5C]	[CTM]/EnhancedSBAinFreeports/DateStructureOrBuildingWasBroughtIntoQualifyingUse	1..1	Date structure was brought into qualifying use
[M5D]	[CTM]/EnhancedSBAinFreeports/DateOfFirstContractForConstruction	1..1	Date of first contract for construction
[M5E]	[CTM]/EnhancedSBAinFreeports/TotalAmountOfQualifyingExpenditure	1..1	Total amount of qualifying expenditure
[M5F]	[CTM]/EnhancedSBAinFreeports/TotalSBAclaimAmount	1..1	Total SBA claim amount
[M10]	[CTM]/QualifyingExpenditureTotal	0..1	Qualifying expenditure total
[M15]	[CTM]/SBAclaimTotal	0..1	SBA claim total
[M20]	[CTM]/ECAforPlantAndMachineryInFreeports	0..∞	Enhanced capital allowance (ECA) for plant and machinery in Freeports and Investment Zones
[M20A]	[CTM]/ECAforPlantAndMachineryInFreeports/LocationOfFreeport	1..1	Location of Freeport and/or Investment Zones
[M20B]	[CTM]/ECAforPlantAndMachineryInFreeports/AddressOfBusinessOperation	1..1	Address of business operation
[M20C]	[CTM]/ECAforPlantAndMachineryInFreeports/MadeAnEnterpriseZoneClaimRelatingToThisECAclaim	0..1	Made an Enterprise Zone claim relating to this ECA claim
[M20D]	[CTM]/ECAforPlantAndMachineryInFreeports/TotalAmountOfECAclaimedWithinTheAccountingPeriod	0..1	Total amount of ECA claimed within the accounting period
[M20E]	[CTM]/ECAforPlantAndMachineryInFreeports/DisposalValue	0..1	Disposal Value
[M25]	[CTM]/AmountOfECAclaimedWithinTheAccountingPeriodTotal	0..1	Amount of ECA claimed within the accounting period total
[M30]	[CTM]/DisposalValueTotal	0..1	Disposal value total
[SN001]	[CTN]/Section1	0..1	Section 1 - Allocation Statement
[N5]	[CTN]/Section1/NominatedAllocatingMember	1..1	Put an 'X' in box N5 if you are the nominated allocating member
[N10]	[CTN]/Section1/AllocationStatementSent	0..1	Put an 'X' in N10 if the Allocation statement has been sent to HMRC for this period
[N15/N20]	[CTN]/Section1/AllocationPeriod	0..1	The period which relates to the allocation
[N25]	[CTN]/Section1/PreviousAllocatingMemberName	0..1	Previous allocating member name, if this was different at the beginning of the period
[N30]	[CTN]/Section1/PreviousAllocatingMemberTaxReference	0..1	Previous allocating member tax reference, if this was different at the beginning of the period
[N35]	[CTN]/Section1/IsUltimateParentCompany	0..1	Put an 'X' in box N35 if you are the Ultimate Parent Company of the group
[N40]	[CTN]/Section1/UltimateParentCompanyName	0..1	Enter the name of the Ultimate Parent Company if N35 is not completed
[N45]	[CTN]/Section1/GroupCompanyReceivingAllocationAllowance	0..∞	Provide details of the group companies receiving an allocation of allowance (including the allocating company itself, where relevant)
[N45A]	[CTN]/Section1/GroupCompanyReceivingAllocationAllowance/Name	1..1	Name of Company
[N45B]	[CTN]/Section1/GroupCompanyReceivingAllocationAllowance/AccountingPeriod	1..1	Accounting period
[N45C]	[CTN]/Section1/GroupCompanyReceivingAllocationAllowance/TaxReference	1..1	Tax reference
[N45D]	[CTN]/Section1/GroupCompanyReceivingAllocationAllowance/AmountAllocated	1..1	Amount allocated
[N50]	[CTN]/Section1/TotalAllocated	0..1	Total
[N55]	[CTN]/Section1/StatementAuthorised	0..1	If the statement has been authorised put an 'X' in box N55 to confirm
[N60]	[CTN]/Section1/FullNameOfPersonAuthorising	0..1	Full name of person authorising - any person authorised to act on behalf of the company that is authorised to act for the companies within the arrangement
[N65]	[CTN]/Section1/StatusOfThePersonAuthorising	0..1	Status of the person authorising
[SN018]	[CTN]/Section2	0..1	Section 2 - Joint venture companies
[N70]	[CTN]/Section2/NotionalAllowanceClaimed	1..1	Notional allowance claimed
[N75]	[CTN]/Section2/NotionalAllowanceAllocatedToExcludedBody	0..1	Put an 'X' in box N75 if an amount of notional allowance is being allocated in respect of an excluded body
[N80]	[CTN]/Section2/CompanyProvidingAllocationOfNotionalAllowanceForExcludedBody	0..∞	Provide details of any company providing an allocation of notional allowance on behalf of an excluded body
[N80A]	[CTN]/Section2/CompanyProvidingAllocationOfNotionalAllowanceForExcludedBody/CompanyName	1..1	Name of the allocating company
[N80B]	[CTN]/Section2/CompanyProvidingAllocationOfNotionalAllowanceForExcludedBody/TaxReference	0..1	Tax reference
[N80C]	[CTN]/Section2/CompanyProvidingAllocationOfNotionalAllowanceForExcludedBody/Amount	1..1	Amount
[N85]	[CTN]/Section2/Total	0..1	Total
[N90]	[CTN]/Section2/ExcludedCompanyThatIsJVCmember	0..∞	Members of the excluded body's group that are members of the relevant joint venture company
[N90A]	[CTN]/Section2/ExcludedCompanyThatIsJVCmember/NameOfTheExcludedBody	1..1	Name of the excluded body
[N90B]	[CTN]/Section2/ExcludedCompanyThatIsJVCmember/ExcludedBodysTaxReference	1..1	Excluded body's tax reference
[SN029]	[CTN]/Section3	0..1	Section 3 - RPDT group relief
[SN030]	[CTN]/Section3/Section3Part1	0..1	Section 3 Part 1 - Claims to RPDT group relief
[N95]	[CTN]/Section3/Section3Part1/DetailsOfSurrender	1..∞	Details of surrender
[N95A]	[CTN]/Section3/Section3Part1/DetailsOfSurrender/Name	1..1	Name of surrendering company
[N95B]	[CTN]/Section3/Section3Part1/DetailsOfSurrender/AccountingPeriod	0..1	Accounting period of surrendering company
[N95C]	[CTN]/Section3/Section3Part1/DetailsOfSurrender/TaxReference	1..1	Tax reference
[N95D]	[CTN]/Section3/Section3Part1/DetailsOfSurrender/AmountClaimed	1..1	Amount claimed
[N100]	[CTN]/Section3/Section3Part1/Total	1..1	Total
[SN037]	[CTN]/Section3/Section3Part1/ClaimAuthorisation	0..1	Authorisation of claim
[SN038]	[CTN]/Section3/Section3Part1/ClaimAuthorisation/CopyOfNoticesOfConsentAttached	0..1	Notice/s of consent attached?
[SN039]	[CTN]/Section3/Section3Part1/ClaimAuthorisation/AuthorisationForSimplifiedArrangements	0..1	Authorisation of claim to group relief for simplified arrangements
[N105]	[CTN]/Section3/Section3Part1/ClaimAuthorisation/AuthorisationForSimplifiedArrangements/StatementAuthorised	1..1	If the statement has been authorised put an 'x' in box N105 to confirm
[N110]	[CTN]/Section3/Section3Part1/ClaimAuthorisation/AuthorisationForSimplifiedArrangements/FullNameOfPersonAuthorising	1..1	Full name of person authorising
[N115]	[CTN]/Section3/Section3Part1/ClaimAuthorisation/AuthorisationForSimplifiedArrangements/Status	1..1	Status
[SN043]	[CTN]/Section3/Section3Part2	0..1	Section 3 Part 2 - Amounts surrendered as RPDT group relief
[N120]	[CTN]/Section3/Section3Part2/DetailsOfSurrender	1..∞	Details of surrender
[N120A]	[CTN]/Section3/Section3Part2/DetailsOfSurrender/Name	1..1	Name of claimant company
[N120B]	[CTN]/Section3/Section3Part2/DetailsOfSurrender/AccountingPeriod	0..1	Accounting period of claimant company
[N120C]	[CTN]/Section3/Section3Part2/DetailsOfSurrender/TaxReference	1..1	Tax reference
[N120D]	[CTN]/Section3/Section3Part2/DetailsOfSurrender/AmountSurrendered	1..1	Amount surrendered
[N125]	[CTN]/Section3/Section3Part2/Total	1..1	Total
[SN050]	[CTN]/Section3/Section3Part2/ConsentToSurrender	0..1	Consent to surrender
[SN051]	[CTN]/Section3/Section3Part2/ConsentToSurrender/ConsentOptions	1..1	Type of consent
[SN052]	[CTN]/Section3/Section3Part2/ConsentToSurrender/ConsentOptions/SimplifiedArrangementInForce	0..1	Is a simplified arrangement in force?
[SN053]	[CTN]/Section3/Section3Part2/ConsentToSurrender/ConsentOptions/NoticeOfConsentCompleted	0..1	Has CT600N notice of consent been completed?
[SN054]	[CTN]/Section3/Section3Part2/ConsentToSurrender/ConsentOptions/CopyOfNoticesOfConsentAttached	0..1	Notice/s of consent attached?
[SN055]	[CTN]/Section3/Section3Part2/ConsentToSurrender/Declaration	0..1	Declaration of consent
[N130]	[CTN]/Section3/Section3Part2/ConsentToSurrender/Declaration/CompanyName	1..1	Company name
[N135]	[CTN]/Section3/Section3Part2/ConsentToSurrender/Declaration/TaxReference	1..1	Tax reference
[N140/N145]	[CTN]/Section3/Section3Part2/ConsentToSurrender/Declaration/AccountingPeriod	1..1	Accounting period
[SN059]	[CTN]/Section3/Section3Part2/ConsentToSurrender/Declaration/AcceptDeclaration	1..1	I certify that all the information I have given on these pages is correct and complete to the best of my knowledge and belief.
[N150]	[CTN]/Section3/Section3Part2/ConsentToSurrender/Declaration/FullNameOfPersonAuthorising	1..1	Full name of person authorising
[N155]	[CTN]/Section3/Section3Part2/ConsentToSurrender/Declaration/Status	1..1	Status
[SN062]	[CTN]/Section3/Section3Part3	0..1	Section 3 Part 3 - Claims to RPDT group relief for carried forward losses
[N160]	[CTN]/Section3/Section3Part3/DetailsOfSurrender	1..∞	Details of surrender
[N160A]	[CTN]/Section3/Section3Part3/DetailsOfSurrender/Name	1..1	Name of surrendering company
[N160B]	[CTN]/Section3/Section3Part3/DetailsOfSurrender/AccountingPeriod	0..1	Accounting period of surrendering company
[N160C]	[CTN]/Section3/Section3Part3/DetailsOfSurrender/TaxReference	1..1	Tax reference
[N160D]	[CTN]/Section3/Section3Part3/DetailsOfSurrender/AmountClaimed	1..1	Amount claimed
[N165]	[CTN]/Section3/Section3Part3/Total	1..1	Total
[SN069]	[CTN]/Section3/Section3Part3/ClaimAuthorisation	0..1	Authorisation of claim
[SN070]	[CTN]/Section3/Section3Part3/ClaimAuthorisation/CopyOfNoticesOfConsentAttached	0..1	Notice/s of consent attached?
[SN071]	[CTN]/Section3/Section3Part3/ClaimAuthorisation/AuthorisationForSimplifiedArrangements	0..1	Authorisation of claim to group relief for simplified arrangements
[N170]	[CTN]/Section3/Section3Part3/ClaimAuthorisation/AuthorisationForSimplifiedArrangements/StatementAuthorised	1..1	If the claim has been authorised put an 'X' in box N170 to confirm
[N175]	[CTN]/Section3/Section3Part3/ClaimAuthorisation/AuthorisationForSimplifiedArrangements/NameOfAuthorisedCompany	1..1	Name of authorised company
[N180]	[CTN]/Section3/Section3Part3/ClaimAuthorisation/AuthorisationForSimplifiedArrangements/FullNameOfPersonAuthorising	1..1	Full name of person authorising
[N185]	[CTN]/Section3/Section3Part3/ClaimAuthorisation/AuthorisationForSimplifiedArrangements/Status	1..1	Status
[SN076]	[CTN]/Section3/Section3Part4	0..1	Section 3 Part 4 - Amounts surrendered as RPDT group relief for carried forward losses
[N190]	[CTN]/Section3/Section3Part4/DetailsOfSurrender	1..∞	Details of surrender
[N190A]	[CTN]/Section3/Section3Part4/DetailsOfSurrender/Name	1..1	Name of claimant company
[N190B]	[CTN]/Section3/Section3Part4/DetailsOfSurrender/AccountingPeriod	0..1	Accounting period of claimant company
[N190C]	[CTN]/Section3/Section3Part4/DetailsOfSurrender/TaxReference	1..1	Tax reference
[N190D]	[CTN]/Section3/Section3Part4/DetailsOfSurrender/AmountSurrendered	1..1	Amount surrendered
[N195]	[CTN]/Section3/Section3Part4/Total	1..1	Total
[SN083]	[CTN]/Section3/Section3Part4/ConsentToSurrender	0..1	Consent to surrender
[SN084]	[CTN]/Section3/Section3Part4/ConsentToSurrender/ConsentOptions	1..1	Type of consent
[SN085]	[CTN]/Section3/Section3Part4/ConsentToSurrender/ConsentOptions/SimplifiedArrangementInForce	0..1	Is a simplified arrangement in force?
[SN086]	[CTN]/Section3/Section3Part4/ConsentToSurrender/ConsentOptions/NoticeOfConsentCompleted	0..1	Has CT600N notice of consent been completed?
[SN087]	[CTN]/Section3/Section3Part4/ConsentToSurrender/ConsentOptions/CopyOfNoticesOfConsentAttached	0..1	Notice/s of consent attached?
[SN088]	[CTN]/Section3/Section3Part4/ConsentToSurrender/Declaration	0..1	Declaration of consent
[N200]	[CTN]/Section3/Section3Part4/ConsentToSurrender/Declaration/CompanyName	1..1	Company name
[N205]	[CTN]/Section3/Section3Part4/ConsentToSurrender/Declaration/TaxReference	1..1	Tax reference
[N210/N215]	[CTN]/Section3/Section3Part4/ConsentToSurrender/Declaration/AccountingPeriod	1..1	Accounting period
[SN092]	[CTN]/Section3/Section3Part4/ConsentToSurrender/Declaration/AcceptDeclaration	1..1	I certify that all the information I have given on these pages is correct and complete to the best of my knowledge and belief.
[N220]	[CTN]/Section3/Section3Part4/ConsentToSurrender/Declaration/FullNameOfPersonAuthorising	1..1	Full name of person authorising
[N225]	[CTN]/Section3/Section3Part4/ConsentToSurrender/Declaration/Status	1..1	Status
[SN095]	[CTN]/Section4	0..1	Section 4 - Calculation of RPD profits and RPDT Payable
[N230]	[CTN]/Section4/AdjustedProfit	0..1	Adjusted trading profit or loss in relation to the accounting period -PROFIT
[N235]	[CTN]/Section4/AdjustedLoss	0..1	Adjusted trading profit or loss in relation to the accounting period -LOSS
[N240]	[CTN]/Section4/JointVentureProfit	0..1	Amount of any joint venture profits that are attributed to the developer -PROFIT
[N245]	[CTN]/Section4/JointVentureLoss	0..1	Amount of any joint venture profits that are attributed to the developer -LOSS
[N250]	[CTN]/Section4/TotalOfProfit	1..1	Total of profit
[N255]	[CTN]/Section4/AllowableLossRelief	0..1	Amount of allowable loss relief
[N260]	[CTN]/Section4/AllowableRPDTgroupReliefClaimed	0..1	Amount of allowable RPDT group relief claimed
[N265]	[CTN]/Section4/AllowableRPDTgroupReliefForCarriedForwardLossesClaimed	0..1	Amount of allowable RPDT group relief for carried-forward losses claimed
[N270]	[CTN]/Section4/RPDprofitsForAccountingPeriod	1..1	RPD profits in relation to the accounting period
[N275]	[CTN]/Section4/AllowanceAllocationForAccountingPeriod	0..1	Amount of allowance allocation in relation to the accounting period
[N280]	[CTN]/Section4/ProfitsChargeableToRPDT	1..1	Profits chargeable to RPDT
[N285]	[CTN]/Section4/RPDTpayable	1..1	RPDT Payable
[SP001]	[CTP]/AudioVisualExpenditureCredit	0..1	Audio-Visual Expenditure Credit
[P5]	[CTP]/AudioVisualExpenditureCredit/Film	0..1	Film
[P5A]	[CTP]/AudioVisualExpenditureCredit/Film/RelevantGlobalExpenditure	1..1	Film - Relevant global expenditure for this accounting period
[P5B]	[CTP]/AudioVisualExpenditureCredit/Film/UKrelevantGlobalExpenditure	1..1	Film - Relevant global expenditure for this accounting period that is UK expenditure
[P5C]	[CTP]/AudioVisualExpenditureCredit/Film/QualifyingExpenditure	1..1	Film - Qualifying expenditure for this accounting period
[P5D]	[CTP]/AudioVisualExpenditureCredit/Film/ExpenditureCreditClaimed	1..1	Film - Expenditure credit claimed for this accounting period (excluding additional credit for visual effects)
[P5E]	[CTP]/AudioVisualExpenditureCredit/Film/AdditionalCreditForVisualEffects	0..1	Film - Additional credit for visual effects for this accounting period
[P10]	[CTP]/AudioVisualExpenditureCredit/HighEndTV	0..1	High-End TV
[P10A]	[CTP]/AudioVisualExpenditureCredit/HighEndTV/RelevantGlobalExpenditure	1..1	High-End TV programmes - Relevant global expenditure for this accounting period
[P10B]	[CTP]/AudioVisualExpenditureCredit/HighEndTV/UKrelevantGlobalExpenditure	1..1	High-End TV programmes - Relevant global expenditure for this accounting period that is UK expenditure
[P10C]	[CTP]/AudioVisualExpenditureCredit/HighEndTV/QualifyingExpenditure	1..1	High-End TV programmes - Qualifying expenditure for this accounting period
[P10D]	[CTP]/AudioVisualExpenditureCredit/HighEndTV/ExpenditureCreditClaimed	1..1	High-End TV programmes - Expenditure credit claimed for this accounting period (excluding additional credit for visual effects)
[P10E]	[CTP]/AudioVisualExpenditureCredit/HighEndTV/AdditionalCreditForVisualEffects	0..1	High-End TV programmes - Additional credit for visual effects for this accounting period
[P15]	[CTP]/AudioVisualExpenditureCredit/ChildrensTV	0..1	Children's TV
[P15A]	[CTP]/AudioVisualExpenditureCredit/ChildrensTV/RelevantGlobalExpenditure	1..1	Children's TV programmes - Relevant global expenditure for this accounting period
[P15B]	[CTP]/AudioVisualExpenditureCredit/ChildrensTV/UKrelevantGlobalExpenditure	1..1	Children's TV programmes - Relevant global expenditure for this accounting period that is UK expenditure
[P15C]	[CTP]/AudioVisualExpenditureCredit/ChildrensTV/QualifyingExpenditure	1..1	Children's TV programmes - Qualifying expenditure for this accounting period
[P15D]	[CTP]/AudioVisualExpenditureCredit/ChildrensTV/ExpenditureCreditClaimed	1..1	Children's TV programmes - Expenditure credit claimed for this accounting period
[P20]	[CTP]/AudioVisualExpenditureCredit/Animation	0..1	Animation
[P20A]	[CTP]/AudioVisualExpenditureCredit/Animation/RelevantGlobalExpenditure	1..1	Animation - Relevant global expenditure for this accounting period
[P20B]	[CTP]/AudioVisualExpenditureCredit/Animation/UKrelevantGlobalExpenditure	1..1	Animation - Relevant global expenditure for this accounting period that is UK expenditure
[P20C]	[CTP]/AudioVisualExpenditureCredit/Animation/QualifyingExpenditure	1..1	Animation - Qualifying expenditure for this accounting period
[P20D]	[CTP]/AudioVisualExpenditureCredit/Animation/ExpenditureCreditClaimed	1..1	Animation - Expenditure credit claimed for this accounting period
[P25]	[CTP]/AudioVisualExpenditureCredit/IndependentFilm	0..1	Independent Film
[P25A]	[CTP]/AudioVisualExpenditureCredit/IndependentFilm/RelevantGlobalExpenditure	1..1	Independent Film - Relevant global expenditure for this accounting period
[P25B]	[CTP]/AudioVisualExpenditureCredit/IndependentFilm/UKrelevantGlobalExpenditure	1..1	Independent Film - Relevant global expenditure for this accounting period that is UK expenditure
[P25C]	[CTP]/AudioVisualExpenditureCredit/IndependentFilm/QualifyingExpenditure	1..1	Independent Film - Qualifying expenditure for this accounting period
[P25D]	[CTP]/AudioVisualExpenditureCredit/IndependentFilm/ExpenditureCreditClaimed	1..1	Independent Film - Expenditure credit claimed for this accounting period
[P30]	[CTP]/AudioVisualExpenditureCredit/TotalAudioVisual	1..1	Total Audio-Visual
[P30A]	[CTP]/AudioVisualExpenditureCredit/TotalAudioVisual/TotalRelevantGlobalExpenditure	1..1	Total relevant global expenditure for this accounting period
[P30B]	[CTP]/AudioVisualExpenditureCredit/TotalAudioVisual/TotalUKrelevantGlobalExpenditure	1..1	Total Relevant global expenditure for this accounting period that is UK expenditure
[P30C]	[CTP]/AudioVisualExpenditureCredit/TotalAudioVisual/TotalQualifyingExpenditure	1..1	Total qualifying expenditure for this accounting period
[P30D]	[CTP]/AudioVisualExpenditureCredit/TotalAudioVisual/TotalExpenditureCreditClaimed	1..1	Total expenditure credit claimed for this accounting period (excluding additional credit for visual effects)
[P30E]	[CTP]/AudioVisualExpenditureCredit/TotalAudioVisual/TotalAdditionalCreditForVisualEffects	0..1	Total additional credit for visual effects for this accounting period
[SP026]	[CTP]/VideoGamesExpenditureCredit	0..1	Video Games Expenditure Credit
[P35]	[CTP]/VideoGamesExpenditureCredit/VideoGames	1..1	Video Games
[P35A]	[CTP]/VideoGamesExpenditureCredit/VideoGames/RelevantGlobalExpenditure	1..1	Video Games - Relevant global expenditure for this accounting period
[P35B]	[CTP]/VideoGamesExpenditureCredit/VideoGames/UKrelevantGlobalExpenditure	1..1	Video Games - Relevant global expenditure for this accounting period that is UK expenditure
[P35C]	[CTP]/VideoGamesExpenditureCredit/VideoGames/QualifyingExpenditure	1..1	Video Games - Qualifying expenditure for this accounting period
[P35D]	[CTP]/VideoGamesExpenditureCredit/VideoGames/ExpenditureCreditClaimed	1..1	Video Games - Expenditure credit claimed for this accounting period
[P45]	[CTP]/VideoGamesExpenditureCredit/TotalVideoGames	1..1	Total Video Games
[P45A]	[CTP]/VideoGamesExpenditureCredit/TotalVideoGames/TotalRelevantGlobalExpenditure	1..1	Total relevant global expenditure for this accounting period
[P45B]	[CTP]/VideoGamesExpenditureCredit/TotalVideoGames/TotalUKrelevantGlobalExpenditure	1..1	Total Relevant global expenditure for this accounting period that is UK expenditure
[P45C]	[CTP]/VideoGamesExpenditureCredit/TotalVideoGames/TotalQualifyingExpenditure	1..1	Total qualifying expenditure for this accounting period
[P45D]	[CTP]/VideoGamesExpenditureCredit/TotalVideoGames/TotalExpenditureCreditClaimed	1..1	Total expenditure credit claimed for this accounting period
[SP035]	[CTP]/PreStep1Restriction	0..1	Pre-Step 1 restriction
[P50]	[CTP]/PreStep1Restriction/Step2RestrictionBroughtForward	1..1	Step 2 restriction brought forward from previous accounting periods and/or amounts surrendered from group companies
[P55]	[CTP]/PreStep1Restriction/CorporationTaxLiability	1..1	Corporation Tax Liability
[P60]	[CTP]/PreStep1Restriction/AmountOfStep2BroughtForwardAndSurrenderedAVECVGEC	1..1	Amount of Step 2 brought forward and surrendered AVEC/VGEC used to discharge Corporation Tax liability
[P65]	[CTP]/PreStep1Restriction/AmountOfStep2BroughtForwardAVECVGECcarriedForward	1..1	Amount of Step 2 brought forward AVEC/VGEC carried forward to next accounting period
[P70]	[CTP]/PreStep1Restriction/RemainingCorporationTaxLiabilityCarriedForwardToStep1	1..1	Remaining Corporation Tax liability carried forward to Step 1
[SP041]	[CTP]/Step1	0..1	Step 1 - Calculation of AVEC and VGEC
[P75]	[CTP]/Step1/QualifyingExpenditureOnWhichAVECisClaimedInThisAccountingPeriod	0..1	Qualifying expenditure on which AVEC is claimed in this accounting period
[P80]	[CTP]/Step1/AVECclaim	0..1	AVEC claim for this accounting period (excluding additional credit for visual effects)
[P81]	[CTP]/Step1/AdditionalAVECcredit	0..1	Additional credit for visual effects for this accounting period
[P85]	[CTP]/Step1/QualifyingExpenditureOnWhichVGECisClaimedInThisAccountingPeriod	0..1	Qualifying expenditure on which VGEC is claimed in this accounting period
[P90]	[CTP]/Step1/VGECclaim	0..1	VGEC claim for this accounting period
[P95]	[CTP]/Step1/TotalAVECandVGECforTheAccountingPeriod	1..1	Total AVEC and VGEC for the accounting period
[P100]	[CTP]/Step1/RemainingCorporationTaxLiability	0..1	Remaining Corporation Tax liability
[P105]	[CTP]/Step1/IncomeTaxDeductedFromProfits	0..1	Income Tax deducted from profits (applicable to Corporation Tax liability)
[P110]	[CTP]/Step1/MaximumAmountAvailableForStep1SetOff	0..1	Maximum amount available for Step 1 set-off
[P115]	[CTP]/Step1/AmountOfAVECVGECusedToDischargeCorporationTaxAtStep1	0..1	Amount of AVEC/VGEC used to discharge Corporation Tax at Step 1
[SP051]	[CTP]/Step2	0..1	Step 2 - Calculation of notional tax charge
[P120]	[CTP]/Step2/Step1BalanceCarriedForwardToStep2	1..1	Step 1 balance carried forward to Step 2
[P125]	[CTP]/Step2/CorporationTaxChargeOnAVECandVGECforThisAP	1..1	Corporation Tax charge on AVEC and VGEC for this accounting period
[P130]	[CTP]/Step2/TotalAVECandVGECarisingInThisAPlessCorporationTaxChargeOnTheAVECandVGECforThisAP	1..1	Total AVEC and VGEC arising in this accounting period less Corporation Tax charge on the AVEC and VGEC for this accounting period
[P135]	[CTP]/Step2/AVECandVGECarisingInThisAPlessRemainingCorporationTaxLiabilityAtStep1	1..1	AVEC and VGEC arising in this accounting period less remaining Corporation Tax liability at Step 1
[P140]	[CTP]/Step2/Step2RestrictionCarriedForwardToNextAP	1..1	Step 2 restriction carried forward to next accounting period
[SP057]	[CTP]/Step3	0..1	Step 3 - AVEC/VGEC to be offset
[P145]	[CTP]/Step3/Step2BalanceCarriedForwardToStep3	1..1	Step 2 balance carried forward to Step 3
[P150]	[CTP]/Step3/AmountUsedToDischargeCorporationTaxLiabilityOnAnotherAP	0..1	Amount used to discharge Corporation Tax liability on another accounting period
[SP060]	[CTP]/Step4	0..1	Step 4 - Amount surrendered to group member
[P155]	[CTP]/Step4/Step3BalanceCarriedForwardToStep4	1..1	Step 3 balance carried forward to Step 4
[P160]	[CTP]/Step4/CreditSurrenderedToGroupMember	0..1	Credit surrendered to group member
[SP063]	[CTP]/Step5	0..1	Step 5 - Amount used to discharge other company liabilities
[P165]	[CTP]/Step5/Step4BalanceCarriedForwardToStep5	1..1	Step 4 balance carried forward to Step 5
[P170]	[CTP]/Step5/AmountUsedToDischargeOtherCompanyLiabilityOnThisCorporationTaxSelfAssessment	0..1	Amount used to discharge other company liability on this Corporation Tax Self Assessment
[P175]	[CTP]/Step5/AmountUsedToDischargeAnyOtherCompanyLiability	0..1	Amount used to discharge any other company liability
[P180]	[CTP]/Step5/TotalUsedToDischargeOtherCompanyLiability	0..1	Total used to discharge other company liability
[SP068]	[CTP]/Step6	0..1	Step 6 - Payable Audio-Viusual (AVEC) and Video Games (VGEC) expenditure credit
[P185]	[CTP]/Step6/AmountsNotPayable	0..1	Amounts not payable due to S1179CG CTA 2009
[P190]	[CTP]/Step6/PayableAVECandVGEC	1..1	Payable AVEC and VGEC
[SP071]	[CTP]/AVECVGECcarriedForward	0..1	AVEC/VGEC carried forward
[P195]	[CTP]/AVECVGECcarriedForward/PreStep1Restriction	0..1	Pre-Step 1 restriction
[P200]	[CTP]/AVECVGECcarriedForward/Step2Restriction	1..1	Step 2 restriction
[P205]	[CTP]/AVECVGECcarriedForward/SurrenderedToOtherGroupCompany	0..1	Surrendered to other group company
[P210]	[CTP]/AVECVGECcarriedForward/TotalCarriedForwardToNextAP	1..1	Total carried forward to next accounting period
[SP076]	[CTP]/AVECVGECsurrendered	0..1	AVEC/VGEC surrendered
[P215]	[CTP]/AVECVGECsurrendered/Step2RestrictionSurrendered	0..1	Step 2 restriction surrendered
[P220]	[CTP]/AVECVGECsurrendered/Step4CreditSurrenderedToGroupMember	0..1	Step 4 credit surrendered to group member
[P225]	[CTP]/AVECVGECsurrendered/TotalSurrendered	1..1	Total surrendered
[SP080]	[CTP]/TotalCreditsToDischargeAgainstLiabilitiesInThisCompanyTaxReturn	0..1	Total credits to discharge against liabilities in this Company Tax Return
[P230]	[CTP]/TotalCreditsToDischargeAgainstLiabilitiesInThisCompanyTaxReturn/AVECVGECpreStep1DischargeAmount	0..1	AVEC/VGEC pre-Step 1 discharge amount
[P235]	[CTP]/TotalCreditsToDischargeAgainstLiabilitiesInThisCompanyTaxReturn/AVECVGECstep1DischargeAmount	0..1	AVEC/VGEC Step 1 discharge amount
[P240]	[CTP]/TotalCreditsToDischargeAgainstLiabilitiesInThisCompanyTaxReturn/AVECVGECstep5DischargeAmountForThisAP	0..1	AVEC/VGEC Step 5 discharge amount for this accounting period
[P245]	[CTP]/TotalCreditsToDischargeAgainstLiabilitiesInThisCompanyTaxReturn/Total	1..1	Total
[SP085]	[CTP]/DetailsOfAVECVGECsurrendered	0..1	Details of AVEC/VGEC surrendered
[P250]	[CTP]/DetailsOfAVECVGECsurrendered/DetailsOfSurrender	1..∞	Details of surrender
[P250A]	[CTP]/DetailsOfAVECVGECsurrendered/DetailsOfSurrender/Name	1..1	Name of claimant company
[P250B]	[CTP]/DetailsOfAVECVGECsurrendered/DetailsOfSurrender/TaxReference	1..1	Tax reference
[P250C]	[CTP]/DetailsOfAVECVGECsurrendered/DetailsOfSurrender/AccountingPeriod	1..1	Accounting period
[P250D]	[CTP]/DetailsOfAVECVGECsurrendered/DetailsOfSurrender/Amount	1..1	Amount
[P255]	[CTP]/DetailsOfAVECVGECsurrendered/Total	1..1	Total
[SP092]	[CTP]/FilmHighEndTVchildrensTVanimationAndVideoGamesTaxRelief	0..1	Film, High End TV, Children's TV, Animation and Video Games tax relief
[P260]	[CTP]/FilmHighEndTVchildrensTVanimationAndVideoGamesTaxRelief/Film	0..1	Film
[P260A]	[CTP]/FilmHighEndTVchildrensTVanimationAndVideoGamesTaxRelief/Film/CoreExpenditure	1..1	Film - Core expenditure for this accounting period
[P260B]	[CTP]/FilmHighEndTVchildrensTVanimationAndVideoGamesTaxRelief/Film/UKcoreExpenditure	1..1	Film - UK core expenditure for this accounting period
[P260C]	[CTP]/FilmHighEndTVchildrensTVanimationAndVideoGamesTaxRelief/Film/AdditionalDeduction	1..1	Film - Additional deduction for this accounting period
[P260D]	[CTP]/FilmHighEndTVchildrensTVanimationAndVideoGamesTaxRelief/Film/LossesSurrenderedForTaxCredit	1..1	Film - Losses surrendered for tax credit
[P260E]	[CTP]/FilmHighEndTVchildrensTVanimationAndVideoGamesTaxRelief/Film/TaxCreditClaimed	1..1	Film - Tax credit claimed for this accounting period
[P265]	[CTP]/FilmHighEndTVchildrensTVanimationAndVideoGamesTaxRelief/HighEndTV	0..1	High-End TV
[P265A]	[CTP]/FilmHighEndTVchildrensTVanimationAndVideoGamesTaxRelief/HighEndTV/CoreExpenditure	1..1	High-End TV - Core expenditure for this accounting period
[P265B]	[CTP]/FilmHighEndTVchildrensTVanimationAndVideoGamesTaxRelief/HighEndTV/UKcoreExpenditure	1..1	High-End TV - UK core expenditure for this accounting period
[P265C]	[CTP]/FilmHighEndTVchildrensTVanimationAndVideoGamesTaxRelief/HighEndTV/AdditionalDeduction	1..1	High-End TV - Additional deduction for this accounting period
[P265D]	[CTP]/FilmHighEndTVchildrensTVanimationAndVideoGamesTaxRelief/HighEndTV/LossesSurrenderedForTaxCredit	1..1	High-End TV - Losses surrendered for tax credit
[P265E]	[CTP]/FilmHighEndTVchildrensTVanimationAndVideoGamesTaxRelief/HighEndTV/TaxCreditClaimed	1..1	High-End TV - Tax credit claimed for this accounting period
[P270]	[CTP]/FilmHighEndTVchildrensTVanimationAndVideoGamesTaxRelief/ChildrensTV	0..1	Children's TV
[P270A]	[CTP]/FilmHighEndTVchildrensTVanimationAndVideoGamesTaxRelief/ChildrensTV/CoreExpenditure	1..1	Children's TV - Core expenditure for this accounting period
[P270B]	[CTP]/FilmHighEndTVchildrensTVanimationAndVideoGamesTaxRelief/ChildrensTV/UKcoreExpenditure	1..1	Children's TV - UK core expenditure for this accounting period
[P270C]	[CTP]/FilmHighEndTVchildrensTVanimationAndVideoGamesTaxRelief/ChildrensTV/AdditionalDeduction	1..1	Children's TV - Additional deduction for this accounting period
[P270D]	[CTP]/FilmHighEndTVchildrensTVanimationAndVideoGamesTaxRelief/ChildrensTV/LossesSurrenderedForTaxCredit	1..1	Children's TV - Losses surrendered for tax credit
[P270E]	[CTP]/FilmHighEndTVchildrensTVanimationAndVideoGamesTaxRelief/ChildrensTV/TaxCreditClaimed	1..1	Children's TV - Tax credit claimed for this accounting period
[P275]	[CTP]/FilmHighEndTVchildrensTVanimationAndVideoGamesTaxRelief/Animation	0..1	Animation
[P275A]	[CTP]/FilmHighEndTVchildrensTVanimationAndVideoGamesTaxRelief/Animation/CoreExpenditure	1..1	Animation - Core expenditure for this accounting period
[P275B]	[CTP]/FilmHighEndTVchildrensTVanimationAndVideoGamesTaxRelief/Animation/UKcoreExpenditure	1..1	Animation - UK core expenditure for this accounting period
[P275C]	[CTP]/FilmHighEndTVchildrensTVanimationAndVideoGamesTaxRelief/Animation/AdditionalDeduction	1..1	Animation - Additional deduction for this accounting period
[P275D]	[CTP]/FilmHighEndTVchildrensTVanimationAndVideoGamesTaxRelief/Animation/LossesSurrenderedForTaxCredit	1..1	Animation - Losses surrendered for tax credit
[P275E]	[CTP]/FilmHighEndTVchildrensTVanimationAndVideoGamesTaxRelief/Animation/TaxCreditClaimed	1..1	Animation - Tax credit claimed for this accounting period
[P280]	[CTP]/FilmHighEndTVchildrensTVanimationAndVideoGamesTaxRelief/VideoGames	0..1	Video Games
[P280A]	[CTP]/FilmHighEndTVchildrensTVanimationAndVideoGamesTaxRelief/VideoGames/CoreExpenditure	1..1	Video Games - Core expenditure for this accounting period
[P280B]	[CTP]/FilmHighEndTVchildrensTVanimationAndVideoGamesTaxRelief/VideoGames/UKcoreExpenditure	1..1	Video Games - UK core expenditure for this accounting period
[P280C]	[CTP]/FilmHighEndTVchildrensTVanimationAndVideoGamesTaxRelief/VideoGames/AdditionalDeduction	1..1	Video Games - Additional deduction for this accounting period
[P280D]	[CTP]/FilmHighEndTVchildrensTVanimationAndVideoGamesTaxRelief/VideoGames/LossesSurrenderedForTaxCredit	1..1	Video Games - Losses surrendered for tax credit
[P280E]	[CTP]/FilmHighEndTVchildrensTVanimationAndVideoGamesTaxRelief/VideoGames/TaxCreditClaimed	1..1	Video Games - Tax credit claimed for this accounting period
[P285]	[CTP]/FilmHighEndTVchildrensTVanimationAndVideoGamesTaxRelief/TotalAudioVisualAndVideoGames	1..1	Total Audio-Visual and Video Games
[P285A]	[CTP]/FilmHighEndTVchildrensTVanimationAndVideoGamesTaxRelief/TotalAudioVisualAndVideoGames/TotalCoreExpenditure	1..1	Total core expenditure for this accounting period
[P285B]	[CTP]/FilmHighEndTVchildrensTVanimationAndVideoGamesTaxRelief/TotalAudioVisualAndVideoGames/TotalUKcoreExpenditure	1..1	Total UK core expenditure for this accounting period
[P285C]	[CTP]/FilmHighEndTVchildrensTVanimationAndVideoGamesTaxRelief/TotalAudioVisualAndVideoGames/TotalAdditionalDeduction	1..1	Total additional deduction for this accounting period
[P285D]	[CTP]/FilmHighEndTVchildrensTVanimationAndVideoGamesTaxRelief/TotalAudioVisualAndVideoGames/TotalLossesSurrenderedForTaxCredit	1..1	Total losses surrendered for tax credit
[P285E]	[CTP]/FilmHighEndTVchildrensTVanimationAndVideoGamesTaxRelief/TotalAudioVisualAndVideoGames/TotalTaxCreditClaimed	1..1	Total tax credit claimed for this accounting period
[SP123]	[CTP]/CulturalReliefs	0..1	Cultural Reliefs
[P290]	[CTP]/CulturalReliefs/Theatre	0..1	Theatre
[P290A]	[CTP]/CulturalReliefs/Theatre/CoreExpenditure	1..1	Theatre - Core expenditure for this accounting period
[P290B]	[CTP]/CulturalReliefs/Theatre/UKcoreExpenditure	1..1	Theatre - UK core expenditure for this accounting period
[P290C]	[CTP]/CulturalReliefs/Theatre/AdditionalDeduction	1..1	Theatre - Additional deduction for this accounting period
[P290D]	[CTP]/CulturalReliefs/Theatre/LossesSurrenderedForTaxCredit	1..1	Theatre - Losses surrendered for tax credit
[P290E]	[CTP]/CulturalReliefs/Theatre/TaxCreditClaimed	1..1	Theatre - Tax credit claimed for this accounting period
[P295]	[CTP]/CulturalReliefs/Orchestra	0..1	Orchestra
[P295A]	[CTP]/CulturalReliefs/Orchestra/CoreExpenditure	1..1	Orchestra - Core expenditure for this accounting period
[P295B]	[CTP]/CulturalReliefs/Orchestra/UKcoreExpenditure	1..1	Orchestra - UK core expenditure for this accounting period
[P295C]	[CTP]/CulturalReliefs/Orchestra/AdditionalDeduction	1..1	Orchestra - Additional deduction for this accounting period
[P295D]	[CTP]/CulturalReliefs/Orchestra/LossesSurrenderedForTaxCredit	1..1	Orchestra - Losses surrendered for tax credit
[P295E]	[CTP]/CulturalReliefs/Orchestra/TaxCreditClaimed	1..1	Orchestra - Tax credit claimed for this accounting period
[P300]	[CTP]/CulturalReliefs/MuseumGalleryExhibition	0..1	Museum/Gallery Exhibition
[P300A]	[CTP]/CulturalReliefs/MuseumGalleryExhibition/CoreExpenditure	1..1	Museum/Gallery Exhibition - Core expenditure for this accounting period
[P300B]	[CTP]/CulturalReliefs/MuseumGalleryExhibition/UKcoreExpenditure	1..1	Museum/Gallery Exhibition - UK core expenditure for this accounting period
[P300C]	[CTP]/CulturalReliefs/MuseumGalleryExhibition/AdditionalDeduction	1..1	Museum/Gallery Exhibition - Additional deduction for this accounting period
[P300D]	[CTP]/CulturalReliefs/MuseumGalleryExhibition/LossesSurrenderedForTaxCredit	1..1	Museum/Gallery Exhibition - Losses surrendered for tax credit
[P300E]	[CTP]/CulturalReliefs/MuseumGalleryExhibition/TaxCreditClaimed	1..1	Museum/Gallery Exhibition - Tax credit claimed for this accounting period
[P305]	[CTP]/CulturalReliefs/TotalCulturalReliefs	1..1	Total Cultural Reliefs
[P305A]	[CTP]/CulturalReliefs/TotalCulturalReliefs/TotalCoreExpenditure	1..1	Total core expenditure for this accounting period
[P305B]	[CTP]/CulturalReliefs/TotalCulturalReliefs/TotalUKcoreExpenditure	1..1	Total UK core expenditure for this accounting period
[P305C]	[CTP]/CulturalReliefs/TotalCulturalReliefs/TotalAdditionalDeduction	1..1	Total additional deduction for this accounting period
[P305D]	[CTP]/CulturalReliefs/TotalCulturalReliefs/TotalLossesSurrenderedForTaxCredit	1..1	Total losses surrendered for tax credit
[P305E]	[CTP]/CulturalReliefs/TotalCulturalReliefs/TotalTaxCreditClaimed	1..1	Total tax credit claimed for this accounting period
[SP144]	[CTP]/CulturalReliefsAndFilmHighEndTVchildrensTVanimationAndVideoGameTaxRelief	0..1	Cultural Reliefs and Film, High End TV, Children's TV, Animation and Video Game tax relief
[P310]	[CTP]/CulturalReliefsAndFilmHighEndTVchildrensTVanimationAndVideoGameTaxRelief/TotalCoreExpenditureForThisAP	1..1	Total core expenditure for this accounting period
[P315]	[CTP]/CulturalReliefsAndFilmHighEndTVchildrensTVanimationAndVideoGameTaxRelief/TotalAdditionalDeductionForThisAP	1..1	Total additional deduction for this accounting period
[P320]	[CTP]/CulturalReliefsAndFilmHighEndTVchildrensTVanimationAndVideoGameTaxRelief/TotalTaxCreditClaimForThisAP	1..1	Total tax credit claim for this accounting period
[P325]	[CTP]/CulturalReliefsAndFilmHighEndTVchildrensTVanimationAndVideoGameTaxRelief/PayableTaxCreditSetOffAgainstOtherLiabilitiesOnThisReturn	1..1	Payable tax credit set-off against other liabilities on this return
[P330]	[CTP]/CulturalReliefsAndFilmHighEndTVchildrensTVanimationAndVideoGameTaxRelief/BalancePayableTaxCredit	1..1	Balance payable tax credit
	[CTnominalShareValueStructure]/@Currency	0..1	Currency symbol such as GBP or EUR
	[CT_ContactDetailsStructure]/Name	0..1	Standard structure for a person's name including title (type 19), 2 fornames (type 16 and 17) and surname (type 15)
	[CT_ContactDetailsStructure]/Name/Ttl	0..1	Person's Title of 1 to 4 characters
	[CT_ContactDetailsStructure]/Name/Fore	1..2	Forename for a person
	[CT_ContactDetailsStructure]/Name/Sur	1..1	Surname for a person
	[CT_ContactDetailsStructure]/Email	0..∞	Standard IR structure for email address
	[CT_ContactDetailsStructure]/Email/@Type	0..1	Whether this email is work or home
	[CT_ContactDetailsStructure]/Email/@Preferred	0..1	Whether this is the preferred email address
	[CT_ContactDetailsStructure]/Telephone	0..∞	
	[CT_ContactDetailsStructure]/Fax	0..∞	
	[CT_IRmonetaryStructure]/@Currency	0..1	Currency symbol such as GBP or EUR
	[CT_IRnonNegativeMonetaryStructure]/@Currency	0..1	Currency symbol such as GBP or EUR
	[CT_IRnonNegativeNonZeroWholeUnitsMonetaryStructure]/@Currency	0..1	Currency symbol such as GBP or EUR
[HMRCOFFICE]	[CT_PayeReferenceStructure]/HMRCofficeNumber	1..1	HMRC office number
[PAYEREF]	[CT_PayeReferenceStructure]/EmployerPAYEreference	1..1	Employer PAYE reference
[PLPROFITS]	[CT_ProfitsLossesStructure]/Profits	1..1	Profits
[PLLOSSES]	[CT_ProfitsLossesStructure]/Losses	1..1	Losses
[PTPROFITS]	[CT_ProfitsTaxStructure]/Profits	1..1	Profits
[PTTAX]	[CT_ProfitsTaxStructure]/Tax	1..1	Tax
	[CT_TelephoneStructure]/@Type	0..1	
	[CT_TelephoneStructure]/@Mobile	0..1	
	[CT_TelephoneStructure]/@Preferred	0..1	
	[CT_TelephoneStructure]/Number	1..1	Standard phone number type
	[CT_TelephoneStructure]/Extension	0..1	Standard phone extension type
	/GovTalkMessage		
	/GovTalkMessage/EnvelopeVersion	1..1	
	/GovTalkMessage/Header	1..1	
	/GovTalkMessage/Header/MessageDetails	1..1	
[Message class in GovTalk Header]	/GovTalkMessage/Header/MessageDetails/Class	1..1	Identifier to allow gateway to determine target department, queue and validation needed.
	/GovTalkMessage/Header/MessageDetails/Qualifier	1..1	eGIF Class qualifier
	/GovTalkMessage/Header/MessageDetails/Function	0..1	Function of message
	/GovTalkMessage/Header/MessageDetails/TransactionID	0..1	GUID for tracking purposes
	/GovTalkMessage/Header/MessageDetails/AuditID	0..1	A binary value for audit purposes
	/GovTalkMessage/Header/MessageDetails/CorrelationID	0..1	Globally unique identifier that is used to link a message to its response
	/GovTalkMessage/Header/MessageDetails/ResponseEndPoint	0..1	The end point of the response.
	/GovTalkMessage/Header/MessageDetails/ResponseEndPoint/@PollInterval	0..1	The poll interval
	/GovTalkMessage/Header/MessageDetails/Transformation	0..1	A description of the format of response expected
	/GovTalkMessage/Header/MessageDetails/GatewayTest	0..1	Test indicator
	/GovTalkMessage/Header/MessageDetails/GatewayTimestamp	0..1	Timestamp applied by the gateway
	/GovTalkMessage/Header/SenderDetails	0..1	
	/GovTalkMessage/Header/SenderDetails/IDAuthentication	0..1	
	/GovTalkMessage/Header/SenderDetails/IDAuthentication/SenderID	0..1	Sender's identification
	/GovTalkMessage/Header/SenderDetails/IDAuthentication/Authentication	1..∞	
	/GovTalkMessage/Header/SenderDetails/IDAuthentication/Authentication/Method	1..1	The algorithm or method used to create the authentication value
	/GovTalkMessage/Header/SenderDetails/IDAuthentication/Authentication/Role	0..1	Role for the authentication
	/GovTalkMessage/Header/SenderDetails/IDAuthentication/Authentication/Value	1..1	Base64 encoded signature value
	/GovTalkMessage/Header/SenderDetails/IDAuthentication/Authentication/Signature	1..1	
	/GovTalkMessage/Header/SenderDetails/X509Certificate	0..1	A digital signature to authenticate the sender
	/GovTalkMessage/Header/SenderDetails/EmailAddress	0..1	Sender's email address
	/GovTalkMessage/GovTalkDetails	1..1	
	/GovTalkMessage/GovTalkDetails/Keys	0..1	
[Key within GovTalkDetails]	/GovTalkMessage/GovTalkDetails/Keys/Key	0..∞	Indicates general information that can be attached by the sender
	/GovTalkMessage/GovTalkDetails/Keys/Key/@Type	1..1	Type of Key
	/GovTalkMessage/GovTalkDetails/TargetDetails	0..1	
	/GovTalkMessage/GovTalkDetails/TargetDetails/Organisation	0..∞	The organisation or department to which the message is being sent.
	/GovTalkMessage/GovTalkDetails/GatewayValidation	0..1	
	/GovTalkMessage/GovTalkDetails/GatewayValidation/Processed	1..1	Indicates that gateway validation has been completed
	/GovTalkMessage/GovTalkDetails/GatewayValidation/Result	1..1	Result of gateway validation
	/GovTalkMessage/GovTalkDetails/ChannelRouting	0..∞	
	/GovTalkMessage/GovTalkDetails/ChannelRouting/Channel	1..1	
	/GovTalkMessage/GovTalkDetails/ChannelRouting/Channel/URI	1..1	URI used to identify route to gateway
	/GovTalkMessage/GovTalkDetails/ChannelRouting/Channel/Name	1..1	Channel's Name used to identify route to gateway
	/GovTalkMessage/GovTalkDetails/ChannelRouting/Channel/Product	0..1	Software product used for processing
	/GovTalkMessage/GovTalkDetails/ChannelRouting/Channel/Version	0..1	Version of product used for processing
	/GovTalkMessage/GovTalkDetails/ChannelRouting/ID	0..∞	Message ID to be provided by processing system
	/GovTalkMessage/GovTalkDetails/ChannelRouting/ID/@Type	1..1	ID type
	/GovTalkMessage/GovTalkDetails/ChannelRouting/Timestamp	0..1	Processing system's timestamp
	/GovTalkMessage/GovTalkDetails/GovTalkErrors	0..1	
	/GovTalkMessage/GovTalkDetails/GovTalkErrors/Error	1..∞	
	/GovTalkMessage/GovTalkDetails/GovTalkErrors/Error/RaisedBy	1..1	identifies the system which raised the error
	/GovTalkMessage/GovTalkDetails/GovTalkErrors/Error/Number	0..1	specifies the error number
	/GovTalkMessage/GovTalkDetails/GovTalkErrors/Error/Type	1..1	Specifies the class of the error
	/GovTalkMessage/GovTalkDetails/GovTalkErrors/Error/Text	0..∞	Specifies the error message in text
	/GovTalkMessage/GovTalkDetails/GovTalkErrors/Error/Location	0..∞	Specifies the location in the XML document that the error has occurred
	/GovTalkMessage/GovTalkDetails/GatewayAdditions	0..1	Local additions to the gateway.
	/GovTalkMessage/Body	0..1	
