path	box_id	error_code	message_en	rule_description
/IRenvelope/CompanyTaxReturn	[N002]	9319	Box 475 must be completed if Box 440 is greater than 0 (zero)	[475] should be present if [440] exceeds 0
/IRenvelope/CompanyTaxReturn/CompanyInformation/Reference	[3]	9100	There must be a Key element in the IRheader whose Type attribute is UTR and matches the tax reference in Box 3	There must be a Key element in the Irheader whose Type attribute is UTR and whose content is the same as the entry in [3].
/IRenvelope/CompanyTaxReturn/CompanyInformation/NorthernIreland	[N009]	9102	Boxes 5, 6, 7 and 8 can only be completed if the To date in Box 35 is on or after 01 April 2050	If [N009] is present then [35] must be on or after '2050-04-01'
/IRenvelope/CompanyTaxReturn/CompanyInformation/NorthernIreland	[N009]	9014	Box 125 must be completed if Box 5 is completed and Boxes 6, 7 and 8 are not completed	[125] should be present if [5] is present but all of [6], [7] and [8] are absent
/IRenvelope/CompanyTaxReturn/CompanyInformation/NorthernIreland/NIemployer	[7]	9107	If Box 7 is completed then Box 6 must be completed	If [7] is present then [6] must be present
/IRenvelope/CompanyTaxReturn/CompanyInformation/NorthernIreland/SpecialCircumstances	[8]	9108	Box 125 must be completed if Box 8 is completed	[125] should be present if [8] is present
/IRenvelope/CompanyTaxReturn/CompanyInformation/PeriodCovered	[N010]	9101	The return period covered in Boxes 30 and 35 must not be longer than 12 months	[35] should be less than 12 months after [30]
/IRenvelope/CompanyTaxReturn/CompanyInformation/PeriodCovered/From	[30]	9103	The return period From date in Box 30 must not be later than yesterday	[30] cannot be later than yesterday
/IRenvelope/CompanyTaxReturn/CompanyInformation/PeriodCovered/To	[35]	9105	The return period To date in Box 35 must be on or after the return period From date in Box 30	[35] should be on or after [30]
/IRenvelope/CompanyTaxReturn/CompanyInformation/PeriodCovered/To	[35]	9106	The return period To date cannot be later than today unless the type of company is 3 (Company in liquidation which is chargeable at the main rate following the first period after liquidation)	[35] cannot be later than today unless [4] = 3.
/IRenvelope/CompanyTaxReturn/ReturnInfoSummary/RegisteredAvoidanceScheme	[65]	9109	If the return type is New then Box 140 must be completed if Box 65 is completed	[140] must equal 'yes' if [65] equals 'yes' and [N003] does not equal 'amended'.
/IRenvelope/CompanyTaxReturn/ReturnInfoSummary/TransferPricing	[N022]	9110	Boxes 70 and 75 cannot both be completed	[70] and [75] cannot both be 'yes'
/IRenvelope/CompanyTaxReturn/ReturnInfoSummary/Accounts	[N025]	9112	You can only provide a set of PDF accounts if you also complete the 'No accounts reason' with the value of 'PDF accounts attached with explanation'	"If [90A] is absent or not ""PDF accounts attached with explanation"", then there must be no instance of [N106] with a type attribute of 'accounts'."
/IRenvelope/CompanyTaxReturn/ReturnInfoSummary/Accounts	[N025]	9113	You must provide a set of iXBRL accounts if the 'No accounts reason' is absent	If [90A] is absent then the Accounts child of [N107] must be present.
/IRenvelope/CompanyTaxReturn/ReturnInfoSummary/Accounts	[N025]	9114	If 'No accounts reason' is absent or has been completed with 'PDF accounts attached with explanation' you must complete either 'This period accounts' or 'Different period accounts'	"If [90A] is absent or ""PDF accounts attached with explanation"", then exactly one of [80A] or [85A] must be present."
/IRenvelope/CompanyTaxReturn/ReturnInfoSummary/Accounts	[N025]	9116	If 'No accounts reason' is present and has not been completed with 'PDF accounts attached with Explanation' you must not complete either 'This period accounts' or 'Different period accounts'	"If [90A] is present and not ""PDF accounts attached with explanation"", then neither [80A] nor [85A] may be present."
/IRenvelope/CompanyTaxReturn/ReturnInfoSummary/Accounts/NoAccountsReason	[90A]	9349	iXBRL Accounts are attached so 'No accounts reason' must not be completed	If [90A] is present, then there must be no Accounts element as a child of [N107]
/IRenvelope/CompanyTaxReturn/ReturnInfoSummary/Accounts/NoAccountsReason	[90A]	9115	Amendment - accounts already submitted' cannot be used if the return type is New	If [90A] equals 'Amendment - a/cs already submitted' then [N003] must equal 'amended'.
/IRenvelope/CompanyTaxReturn/ReturnInfoSummary/Accounts/NoAccountsReason	[90A]	9971	You must provide a set of PDF Accounts if 'No accounts reason' is completed with 'PDF accounts attached with explanation'	"If [90A] is ""PDF accounts attached with explanation"", then there must be at least one instance of [N106] with type = 'accounts'."
/IRenvelope/CompanyTaxReturn/ReturnInfoSummary/Computations	[N028a]	9965	You must provide a Tax Computation with the return unless you provide a valid reason not to supply it	If [90B] is absent, then there must be a Computations element as a child of [N107], or at least one instance of [N106] with type = 'computations'.
/IRenvelope/CompanyTaxReturn/ReturnInfoSummary/Computations	[N028a]	9966	You cannot provide both iXBRL and PDF Tax Computations with the return	If [90B] is absent, then there must not be both a Computations element as a child of [N107] and any instances of [N106] with type = 'computations'.
/IRenvelope/CompanyTaxReturn/ReturnInfoSummary/Computations/NoComputationsReason	[90B]	9117	Computations in PDF format are attached so a reason for no Computations must not be completed	If [90B] is present, then there must be no instance of [N106] with a type attribute of 'computations'
/IRenvelope/CompanyTaxReturn/ReturnInfoSummary/Computations/NoComputationsReason	[90B]	9118	Computations in iXBRL format are attached so a reason for no Computations must not be provided	If [90B] is present, then there must be no Computation element as a child of [N107]
/IRenvelope/CompanyTaxReturn/ReturnInfoSummary/Computations/NoComputationsReason	[90B]	9119	Amendments - computations already submitted' cannot be used if the return type is New	If [90B] equals 'Amendment - comps already submitted' then [N003] must equal 'amended'.
/IRenvelope/CompanyTaxReturn/ReturnInfoSummary/SupplementaryPages/CT600A	[95]	9120	Supplementary form CT600A must be present if Box 95 is completed and the return type is New	If [95] equals 'yes' and [N003] equals 'new', then [N095] must be present.
/IRenvelope/CompanyTaxReturn/ReturnInfoSummary/SupplementaryPages/CT600B	[100]	9121	Supplementary form CT600B must be present if Box 100 is completed and the return type is New	If [100] equals 'yes' and [N003] equals 'new', then there must be a [N096] page present.
/IRenvelope/CompanyTaxReturn/ReturnInfoSummary/SupplementaryPages/CT600C	[105]	9123	Supplementary form CT600C must be present if Box 105 is completed and the return type is New	If [105] equals 'yes' and [N003] equals 'new', then there must be a [N097] page present.
/IRenvelope/CompanyTaxReturn/ReturnInfoSummary/SupplementaryPages/CT600D	[110]	9124	Supplementary form CT600D must be present if Box 110 is completed and the return type is New	If [110] equals 'yes' and [N003] equals 'new', then [N098] must be present.
/IRenvelope/CompanyTaxReturn/ReturnInfoSummary/SupplementaryPages/CT600E	[115]	9125	Supplementary form CT600E must be present if Box 115 is completed and the return type is New	If [115] equals 'yes' and [N003] equals 'new', then [N099] must be present.
/IRenvelope/CompanyTaxReturn/ReturnInfoSummary/SupplementaryPages/CT600F	[120]	9126	Supplementary form CT600F must be present if Box 120 is completed and the return type is New	If [120] equals 'yes' and [N003] equals 'new', then [N100] must be present.
/IRenvelope/CompanyTaxReturn/ReturnInfoSummary/SupplementaryPages/CT600F	[120]	9127	If Box 120 is completed then Box 200 must be completed.	[200] should be present if [120] equals 'yes'
/IRenvelope/CompanyTaxReturn/ReturnInfoSummary/SupplementaryPages/CT600G	[125]	9128	Box 125 must not be completed if Boxes 6 or 7 are completed and Box 8 is not completed	[125] should not be present if [8] is absent and ( [6] is present or [7] is present )
/IRenvelope/CompanyTaxReturn/ReturnInfoSummary/SupplementaryPages/CT600G	[125]	9131	Box 125 must not be completed if Box 5 is not completed	[125] should not be present if [5] is absent
/IRenvelope/CompanyTaxReturn/ReturnInfoSummary/SupplementaryPages/CT600G	[125]	9133	Supplementary form CT600G must be present if Box 125 is completed	If [125] equals 'yes', [N101] must be present
/IRenvelope/CompanyTaxReturn/ReturnInfoSummary/SupplementaryPages/CT600G	[125]	9135	Box G90 must be completed if Boxes 125 and 280 are completed	[G90] must be present if [125] and [280] are present.
/IRenvelope/CompanyTaxReturn/ReturnInfoSummary/SupplementaryPages/CT600H	[130]	9129	Supplementary form CT600H must be present if Box 130 is completed and the return type is New	If [130] equals 'yes' and [N003] equals 'new', then [N102] must be present.
/IRenvelope/CompanyTaxReturn/ReturnInfoSummary/SupplementaryPages/CT600H	[130]	9130	If Box 130 is completed then Box 645 must be completed	If [130] equals 'yes' then [645] must equal 'yes'.
/IRenvelope/CompanyTaxReturn/ReturnInfoSummary/SupplementaryPages/CT600I	[135]	9132	Supplementary form CT600I must be present if Box 135 is completed and the return type is New	If [135] equals 'yes' and [N003] equals 'new', then [N103] must be present.
/IRenvelope/CompanyTaxReturn/ReturnInfoSummary/SupplementaryPages/CT600J	[140]	9134	If Box 140 is completed then Box 65 must be completed	If [140] equals 'yes' then [65] must equal 'yes'
/IRenvelope/CompanyTaxReturn/ReturnInfoSummary/SupplementaryPages/CT600J	[140]	9136	Supplementary form CT600J must be present if Box 140 is completed and the return type is New	If [140] equals 'yes' and [N003] equals 'new', then [N104] must be present.
/IRenvelope/CompanyTaxReturn/ReturnInfoSummary/SupplementaryPages/CT600K	[141]	9137	Supplementary form CT600K must be present if Box 141 is completed and the return type is New	If [141] = 'yes' and [N003] = 'new', then [N113] should be present.
/IRenvelope/CompanyTaxReturn/ReturnInfoSummary/SupplementaryPages/CT600L	[142]	9380	Supplementary form CT600L must be present if Box 142 is completed	If [142] = 'yes', then [N115] should be present.
/IRenvelope/CompanyTaxReturn/ReturnInfoSummary/SupplementaryPages/CT600M	[143]	9600	Supplementary form CT600M must be present if Box 143 is completed	If [143] is yes, [N117] must be present
/IRenvelope/CompanyTaxReturn/ReturnInfoSummary/SupplementaryPages/CT600N	[144]	9218	Supplementary form CT600N must be present if Box 144 is completed	If [144] is yes, [N120] must be present
/IRenvelope/CompanyTaxReturn/ReturnInfoSummary/SupplementaryPages/CT600P	[96]	9872	Supplementary form CT600P must be present if Box 96 is completed	If [96] is yes, [N123] must be present
/IRenvelope/CompanyTaxReturn/CompanyTaxCalculation	[N041]	9140	If Box F45 is completed then Box 450 must be greater than or equal to that entry	If [F45] is present then [450] must be present and greater than or equal to [F45]
/IRenvelope/CompanyTaxReturn/CompanyTaxCalculation	[N041]	9144	Box 330 must be completed if Box 315 is greater than 0 (zero)	[330] should be present if [315] exceeds 0
/IRenvelope/CompanyTaxReturn/CompanyTaxCalculation	[N041]	9146	Box 430 must be completed if Box 345 or Box 395 is completed	[430] should be present if [345] or [395] is present.
/IRenvelope/CompanyTaxReturn/CompanyTaxCalculation	[N041]	9320	Box 300 must be completed if Box 235 is greater than 0 (zero)	[300] should be present if [235] exceeds 0
/IRenvelope/CompanyTaxReturn/CompanyTaxCalculation/Income	[N042]	9327	Box 235 must be completed if (the sum of Boxes 195, 200 and 205) is greater than 0 (zero)	[235] should be present if the sum of [195], [200] and [205] exceeds 0
/IRenvelope/CompanyTaxReturn/CompanyTaxCalculation/Income/Trading	[N043]	9148	Box 165 must be completed if Box 155 is greater than 0 (zero)	[165] should be present if [155] exceeds 0
/IRenvelope/CompanyTaxReturn/CompanyTaxCalculation/Income/Trading/LossesBroughtForward	[160]	9149	Box 160 must not be greater than Box 155	[160] should not exceed [155]
/IRenvelope/CompanyTaxReturn/CompanyTaxCalculation/Income/Trading/LossesBroughtForward	[160]	9150	If Box 160 is completed then Box 155 must be greater than 0 (zero)	[155] should be greater than 0 if [160] is present
/IRenvelope/CompanyTaxReturn/CompanyTaxCalculation/Income/Trading/NetProfits	[165]	9151	Box 165 must equal Box 155 minus Box 160	[165] should equal [155] minus [160]
/IRenvelope/CompanyTaxReturn/CompanyTaxCalculation/Income/Trading/NetProfits	[165]	9321	Box 235 must be completed if Box 165 is greater than 0 (zero)	[235] should be present if [165] exceeds 0
/IRenvelope/CompanyTaxReturn/CompanyTaxCalculation/Income/NonTradingLoanProfitsAndGains	[170]	9322	Box 235 must be completed if Box 170 is greater than 0 (zero)	[235] should be present if [170] exceeds 0
/IRenvelope/CompanyTaxReturn/CompanyTaxCalculation/Income/NonLoanAnnuitiesAnnualPaymentsDiscounts	[175]	9323	Box 235 must be completed if Box 175 is greater than 0 (zero)	[235] should be present if [175] exceeds 0
/IRenvelope/CompanyTaxReturn/CompanyTaxCalculation/Income/NonUKdividends	[180]	9324	Box 235 must be completed if Box 180 is greater than 0 (zero)	[235] should be present if [180] exceeds 0
/IRenvelope/CompanyTaxReturn/CompanyTaxCalculation/Income/DeductedIncome	[185]	9325	Box 235 must be completed if Box 185 is greater than 0 (zero)	[235] should be present if [185] exceeds 0
/IRenvelope/CompanyTaxReturn/CompanyTaxCalculation/Income/PropertyBusinessIncome	[190]	9326	Box 235 must be completed if Box 190 is greater than 0 (zero)	[235] should be present if [190] exceeds 0
/IRenvelope/CompanyTaxReturn/CompanyTaxCalculation/Income/TonnageTaxProfits	[200]	9154	Box 200 can only be completed if Box 120 is completed or the return type is Amended	[120] should equal 'yes' or [N003] should equal 'amended' if [200] is present
/IRenvelope/CompanyTaxReturn/CompanyTaxCalculation/Income/TonnageTaxProfits	[200]	9155	If Box F70 is completed then Box 200 must equal Box F70	[200] must equal [F70] if [F70] is present.
/IRenvelope/CompanyTaxReturn/CompanyTaxCalculation/ChargeableGains/AllowableLosses	[215]	9157	Box 215 must not be greater than Box 210	[215] should not exceed [210]
/IRenvelope/CompanyTaxReturn/CompanyTaxCalculation/ChargeableGains/AllowableLosses	[215]	9158	If Box 215 is completed then Box 210 must be greater than 0 (zero)	[210] should be greater than 0 if [215] is present
/IRenvelope/CompanyTaxReturn/CompanyTaxCalculation/ChargeableGains/NetChargeableGains	[220]	9159	Box 220 must equal Box 210 minus Box 215	[220] should equal [210] minus [215]
/IRenvelope/CompanyTaxReturn/CompanyTaxCalculation/ChargeableGains/NetChargeableGains	[220]	9331	Box 235 must be completed if Box 220 is greater than 0 (zero)	[235] should be present if [220] exceeds 0
/IRenvelope/CompanyTaxReturn/CompanyTaxCalculation/LossesBroughtForward	[225]	9160	Box 225 must not be greater than the sum of Boxes 170, 175, 180, 185, 190, 195, 200, 205 and 220	[225] should not exceed the sum of [170], [175], [180], [185], [190], [195], [200], [205] and [220]
/IRenvelope/CompanyTaxReturn/CompanyTaxCalculation/NonTradeDeficitsOnLoans	[230]	9161	Box 230 must not be greater than (the sum of Boxes 170, 175, 180, 185, 190, 195, 200, 205 and 220) minus Box 225	[230] should not exceed the sum of [170], [175], [180], [185], [190], [195], [200], [205] and [220] minus [225]
/IRenvelope/CompanyTaxReturn/CompanyTaxCalculation/ProfitsBeforeOtherDeductions	[235]	9332	Box 235 must equal (the sum of Boxes 165, 170, 175, 180, 185, 190, 195, 200, 205 and 220 ) minus (the sum of Boxes 225 and 230 ) )	[235] should equal the sum of [165], [170], [175], [180], [185], [190], [195], [200], [205] and [220] minus ( [225] plus [230] )
/IRenvelope/CompanyTaxReturn/CompanyTaxCalculation/DeductionsAndReliefs	[N046]	9318	Box 295 must be completed if the sum of Boxes 240, 245, 250, 255, 260, 263, 265, 275, 285 and 290 is greater than 0 (zero)	[295] should be present if the sum of [240], [245], [250], [255], [260], [263], [265], [275], [285] and [290] exceeds 0
/IRenvelope/CompanyTaxReturn/CompanyTaxCalculation/DeductionsAndReliefs/UnquotedShares	[240]	9166	Box 240 must not be greater than Box 235	[240] should not exceed [235]
/IRenvelope/CompanyTaxReturn/CompanyTaxCalculation/DeductionsAndReliefs/ManagementExpenses	[245]	9167	Box 245 must not be greater than Box 235 minus Box 240	[245] should not exceed [235] minus [240]
/IRenvelope/CompanyTaxReturn/CompanyTaxCalculation/DeductionsAndReliefs/UKpropertyBusinessLosses	[250]	9169	Box 250 must not be greater than Box 235 minus (the sum of Boxes 240 and 245)	[250] should not exceed [235] minus ( [240] plus [245] )
/IRenvelope/CompanyTaxReturn/CompanyTaxCalculation/DeductionsAndReliefs/CapitalAllowances	[255]	9170	Box 255 must not be greater than Box 235 minus (the sum of Boxes 240, 245 and 250	[255] should not exceed [235] minus the sum of [240], [245] and [250]
/IRenvelope/CompanyTaxReturn/CompanyTaxCalculation/DeductionsAndReliefs/NonTradeDeficits	[260]	9171	Box 260 must not be greater than Box 235 minus (the sum of Boxes 240, 245, 250 and 255)	[260] should not exceed [235] minus the sum of [240], [245], [250] and [255]
/IRenvelope/CompanyTaxReturn/CompanyTaxCalculation/DeductionsAndReliefs/CarriedForwardNonTradeDeficits	[263]	9371	Box 263 must not be greater than Box 235 minus (the sum of Boxes 240, 245, 250, 255 and 260)	[263] should not exceed [235] minus the sum of [240], [245], [250], [255], and [260]
/IRenvelope/CompanyTaxReturn/CompanyTaxCalculation/DeductionsAndReliefs/NonTradingLossIntangibles	[265]	9173	Box 265 must not be greater than Box 235 minus (the sum of Boxes 240, 245, 250, 255, 260 and 263)	[265] should not exceed [235] minus the sum of [240], [245], [250], [255], [260] and [263]
/IRenvelope/CompanyTaxReturn/CompanyTaxCalculation/DeductionsAndReliefs/TradingLosses	[275]	9175	If Box 280 is not completed then Box 275 must be less than or equal to Box 780	If [280] is not 'yes' then [275] must be less than or equal to the 'Arising' element of [780/785]
/IRenvelope/CompanyTaxReturn/CompanyTaxCalculation/DeductionsAndReliefs/TradingLosses	[275]	9176	Box 275 must not be greater than Box 235 minus (the sum of Boxes 240, 245, 250, 255, 260, 263 and 265)	[275] should not exceed [235] minus the sum of [240], [245], [250], [255], [260], [263] and [265]
/IRenvelope/CompanyTaxReturn/CompanyTaxCalculation/DeductionsAndReliefs/TradingLossesCarriedBack	[280]	9174	If Box 280 is completed then Box 275 must be greater than 0 (zero)	[275] should exceed 0 if [280] is present
/IRenvelope/CompanyTaxReturn/CompanyTaxCalculation/DeductionsAndReliefs/TradingLossesCarriedForward	[285]	9372	Box 285 must not be greater than Box 235 minus (the sum of Boxes 240, 245, 250, 255, 260, 263, 265 and 275)	[285] should not exceed [235] minus the sum of [240], [245], [250], [255], [260], [263], [265], and [275]
/IRenvelope/CompanyTaxReturn/CompanyTaxCalculation/DeductionsAndReliefs/NonTradeCapitalAllowances	[290]	9178	Box 290 must not be greater than Box 235 minus (the sum of Boxes 240, 245, 250, 255, 260, 263, 265, 275 and 285)	[290] should not exceed [235] minus the sum of [240], [245], [250], [255], [260], [263], [265], [275] and [285]
/IRenvelope/CompanyTaxReturn/CompanyTaxCalculation/DeductionsAndReliefs/Total	[295]	9179	Box 295 must not be greater than Box 235	[295] should not exceed [235]
/IRenvelope/CompanyTaxReturn/CompanyTaxCalculation/DeductionsAndReliefs/Total	[295]	9180	Box 295 must equal the sum of Boxes 240, 245, 250, 255, 260, 263, 265, 275, 285 and 290	[295] should equal the sum of [240], [245], [250], [255], [260], [263], [265], [275], [285] and [290]
/IRenvelope/CompanyTaxReturn/CompanyTaxCalculation/ChargesAndReliefs/ProfitsBeforeDonationsAndGroupRelief	[300]	9334	If Box 300 is completed then Box 305 must not be greater than Box 300	If [300] present then [305] must not exceed [300]
/IRenvelope/CompanyTaxReturn/CompanyTaxCalculation/ChargesAndReliefs/ProfitsBeforeDonationsAndGroupRelief	[300]	9335	If Box 300 is completed then Box 315 must equal Box 300 minus (the sum of Boxes 305, 310 and 312)	If [300] is present then [315] must equal [300] minus ( [305] + [310] + [312] ).
/IRenvelope/CompanyTaxReturn/CompanyTaxCalculation/ChargesAndReliefs/ProfitsBeforeDonationsAndGroupRelief	[300]	9333	Box 300 must equal Box 235 minus (the sum of Boxes 240, 245, 250, 255, 260, 263, 265, 275, 285 and 290)	[300] should equal [235] minus the sum of [240], [245], [250], [255], [260], [263], [265], [275], [285] and [290]
/IRenvelope/CompanyTaxReturn/CompanyTaxCalculation/ChargesAndReliefs/QualifyingDonations	[305]	9336	If Box 300 is absent then Box 305 must not be greater than Box 235 minus (the sum of Boxes 240, 245, 250, 255, 260, 263, 265, 275, 285 and 290)	If [300] is absent then [305] should not exceed [235] minus the sum of [240], [245], [250], [255], [260], [263], [265], [275], [285] and [290]
/IRenvelope/CompanyTaxReturn/CompanyTaxCalculation/ChargesAndReliefs/GroupRelief	[310]	9954	Box C10 must be completed if the return type is New and Box 310 is greater than 0 (zero)	If [N003] equals 'new' and [310] is greater than zero then [C10] must be present
/IRenvelope/CompanyTaxReturn/CompanyTaxCalculation/ChargesAndReliefs/GroupRelief	[310]	9185	Box 310 can only be completed if Box 105 is completed or the return type is Amended	[105] should equal 'yes' or [N003] should equal 'amended' if [310] is present
/IRenvelope/CompanyTaxReturn/CompanyTaxCalculation/ChargesAndReliefs/GroupRelief	[310]	9955	If return type is New and Box 310 is greater than 0 (zero) then 'Copy of Notices of Consent Attached' must be Yes or 'Authorisation of claim to group relief for simplified arrangements' must be completed	If [N003] is 'new' and [310] is greater than zero then [SC161] or [AUTHORISATION] must be present
/IRenvelope/CompanyTaxReturn/CompanyTaxCalculation/ChargesAndReliefs/GroupRelief	[310]	9337	Box 310 must not be greater than (Box 235 minus (the sum of Boxes 240, 245, 250, 255, 260, 263, 265, 275, 285 and 290)) minus Box 305	[310] should not exceed ( [235] minus the sum of [240], [245], [250], [255], [260], [263], [265], [275], [285] and [290] ) minus [305]
/IRenvelope/CompanyTaxReturn/CompanyTaxCalculation/ChargesAndReliefs/GroupReliefForCarriedForwardLosses	[312]	9373	Box 312 can only be completed if Box 105 is completed or the return type is Amended	If [312] is present the following should be true: ( [105] equals 'yes' ) or ( [N003] equals 'amended' )
/IRenvelope/CompanyTaxReturn/CompanyTaxCalculation/ChargesAndReliefs/GroupReliefForCarriedForwardLosses	[312]	9374	Box 312 must not be greater than (Box 235 minus (the sum of Boxes 240, 245, 250, 255, 260, 265, 275, 285 and 290)) minus (the sum of Boxes 305 and 310)	[312] should not exceed ( [235] minus the sum of [240], [245], [250], [255], [260], [263], [265], [275], [285] and [290] ) minus [305] minus [310]
/IRenvelope/CompanyTaxReturn/CompanyTaxCalculation/ChargesAndReliefs/GroupReliefForCarriedForwardLosses	[312]	9375	Box C130 must be completed if the return type is New and Box 312 is greater than 0 (zero)	If [N003] is 'new' and there is an entry greater than zero in [312] then [C130] must be submitted.
/IRenvelope/CompanyTaxReturn/CompanyTaxCalculation/ChargesAndReliefs/GroupReliefForCarriedForwardLosses	[312]	9376	If return type is New and Box 312 is greater than 0 (zero) then 'Copy of Notices of Consent Attached' must be Yes or 'Authorisation of claim to group relief for carried forward losses' must be completed	If [N003] is 'new' and [312] is greater than zero then [SC172] or [AUTHORISATION2] must be present.
/IRenvelope/CompanyTaxReturn/CompanyTaxCalculation/ChargeableProfits	[315]	9186	Box 315 must equal the sum of Boxes 335, 350, 365, 385, 400 and 415	[315] must equal the sum of all iterations of [335] plus the sum of all iterations of [385]
/IRenvelope/CompanyTaxReturn/CompanyTaxCalculation/ChargeableProfits	[315]	9338	If Box 300 is absent then Box 315 must equal Box 235 minus (the sum of Boxes 240, 245, 250, 255, 260, 263, 265, 275, 285, 290, 305, 310 and 312)	If [300] is absent then [315] should equal [235] minus the sum of [240], [245], [250], [255], [260], [263], [265], [275], [285], [290], [305], [310] and [312]
/IRenvelope/CompanyTaxReturn/CompanyTaxCalculation/ChargeableProfits	[315]	9188	Financial year two information must be provided if Box 315 is greater than 0 (zero) and the return period To date in Box 35 falls in the financial year following that of the return period From date in Box 30	[N052b] must be submitted if [315] is greater than 0 and [35] falls in the financial year following the financial year of [30]
/IRenvelope/CompanyTaxReturn/CompanyTaxCalculation/RingFenceProfitsIncluded	[320]	9190	Box 320 must not be greater than Box 315	[320] should not exceed [315]
/IRenvelope/CompanyTaxReturn/CompanyTaxCalculation/RingFenceProfitsIncluded	[320]	9956	Box 320 can only be completed if Box 135 is completed or return type is Amended	[135] should equal 'yes' or [N003] should equal 'amended' if [320] is present
/IRenvelope/CompanyTaxReturn/CompanyTaxCalculation/NorthernIrelandProfitsIncluded	[325]	9138	Box 325 can only be completed if Box 5 is completed	If [325] is present then [5] must be present
/IRenvelope/CompanyTaxReturn/CompanyTaxCalculation/NorthernIrelandProfitsIncluded	[325]	9139	Box 325 must not be greater than Box 315	[325] must not exceed [315]
/IRenvelope/CompanyTaxReturn/CompanyTaxCalculation/CorporationTaxChargeable/AssociatedCompanies	[N049]	9240	If the associated companies section is present then either Box 326 or Boxes 327 and 328 must be completed.	If [N049] is present the following should be true: [326] is present or [N054] is present
/IRenvelope/CompanyTaxReturn/CompanyTaxCalculation/CorporationTaxChargeable/AssociatedCompanies	[N049]	9389	The associated companies section can only be completed if the return period end date in Box 35 is on or after 01/04/2023	If [N049] is present the following should be true: [35] on or after '2023-04-01'
/IRenvelope/CompanyTaxReturn/CompanyTaxCalculation/CorporationTaxChargeable/AssociatedCompanies/AssociatedCompaniesFinancialYears	[N054]	9397	Boxes 327 and 328 must not be completed if Box 326 is completed	[N054] should not be present if [326] is present
/IRenvelope/CompanyTaxReturn/CompanyTaxCalculation/CorporationTaxChargeable/AssociatedCompanies/StartingOrSmallCompaniesRate	[329]	9398	Box 329 must not be completed if the type of company is 1 (Unit trust or open-ended investment company)	[329] should not be present if [4] equals 1
/IRenvelope/CompanyTaxReturn/CompanyTaxCalculation/CorporationTaxChargeable/AssociatedCompanies/StartingOrSmallCompaniesRate	[329]	9399	Box 329 must not be completed if the type of company is 2 (Close investment-holding company)	[329] should not be present if [4] equals 2
/IRenvelope/CompanyTaxReturn/CompanyTaxCalculation/CorporationTaxChargeable/AssociatedCompanies/StartingOrSmallCompaniesRate	[329]	9415	Box 329 must not be completed if the type of company is 3 (Company in liquidation)	[329] should not be present if [4] equals 3
/IRenvelope/CompanyTaxReturn/CompanyTaxCalculation/CorporationTaxChargeable/AssociatedCompanies/StartingOrSmallCompaniesRate	[329]	9416	Box 329 must not be completed if the type of company is 9 (Real Estate Investment Trust C - residual company)	[329] should not be present if [4] equals 9
/IRenvelope/CompanyTaxReturn/CompanyTaxCalculation/CorporationTaxChargeable/AssociatedCompanies/StartingOrSmallCompaniesRate	[329]	9873	Box 329 must not be completed if the type of company in Box 4 is 10 (Real Estate Investment Trust C - tax-exempt company)	[329] should not be present if [4] equals 10
/IRenvelope/CompanyTaxReturn/CompanyTaxCalculation/CorporationTaxChargeable/AssociatedCompanies/StartingOrSmallCompaniesRate	[329]	9874	Box 329 must not be completed if the type of company in Box 4 is 11 (Non-UK resident company)	[329] should not be present if [4] equals 11
/IRenvelope/CompanyTaxReturn/CompanyTaxCalculation/CorporationTaxChargeable/FinancialYearOne/Year	[330]	9195	Box 330 must equal the equivalent financial year of the return period From date in Box 30	[330] should equal the equivalent financial year of the date in [30]
/IRenvelope/CompanyTaxReturn/CompanyTaxCalculation/CorporationTaxChargeable/FinancialYearOne/Year	[330]	9197	Where the return period From date in Box 30 and the return period To date in Box 35 are in the same financial year then the sum of Boxes 335, 350 and 365 must equal Box 315	Where [30] and [35] are in the same financial year, the sum of all iterations of [335] must equal [315].
/IRenvelope/CompanyTaxReturn/CompanyTaxCalculation/CorporationTaxChargeable/FinancialYearOne/Year	[330]	9198	Where the return period From date in Box 30 and the return period To date in Box 35 are in different financial years then the sum of Boxes 335, 350 and 365 must equal Box 315 apportioned to the first financial year	Where [30] and [35] are in different financial years, the sum of all iterations of [335] must equal [315] divided by the number of days between [30] and [35] inclusive multiplied by the number of days between [30] and the end of financial year [330] inclusive. Rounding is applied such that values from x.5 upwards are rounded up, and values less than x.5 are rounded down (where x represents a whole number).
/IRenvelope/CompanyTaxReturn/CompanyTaxCalculation/CorporationTaxChargeable/FinancialYearOne/Details/TaxRate	[340]	9199	If the type of company is 5 (Insurance) than an applicable tax rate from one of [FULL RATE OF CT], [SMALL CO RATE OF CT], [EQUIV. LOW CT RATE], [FULL RF RATE OF CT] or [RF SMALL CO RATE OF CT] must be used	If [4] equals '5' then [340] should equal an applicable value from [FULL RATE OF CT], [SMALL CO RATE OF CT], [EQUIV. LOW CT RATE], [FULL RF RATE OF CT] or [RF SMALL CO RATE OF CT]
/IRenvelope/CompanyTaxReturn/CompanyTaxCalculation/CorporationTaxChargeable/FinancialYearOne/Details/TaxRate	[340]	9200	If the type of company is 0 then an applicable tax rate from one of [FULL RATE OF CT], [SMALL CO RATE OF CT], [EQUIV. LOW CT RATE], [FULL RF RATE OF CT], [RF SMALL CO RATE OF CT] or [CT RATE FOR NI TRADING PROFITS] must be used	If [4] equals '0' then [340] should equal an applicable value from [FULL RATE OF CT], [SMALL CO RATE OF CT], [EQUIV. LOW CT RATE], [FULL RF RATE OF CT], [RF SMALL CO RATE OF CT] or [CT RATE FOR NI TRADING PROFITS]
/IRenvelope/CompanyTaxReturn/CompanyTaxCalculation/CorporationTaxChargeable/FinancialYearOne/Details/TaxRate	[340]	9201	If the type of company is 4 (Qualifying asset holding company) then an applicable tax rate from one of [FULL RATE OF CT], [SMALL CO RATE OF CT] or [CT RATE FOR NI TRADING PROFITS] must be used	If [4] equals '4' then [340] should equal [FULL RATE OF CT] or [SMALL CO RATE OF CT] or [CT RATE FOR NI TRADING PROFITS]
/IRenvelope/CompanyTaxReturn/CompanyTaxCalculation/CorporationTaxChargeable/FinancialYearOne/Details/TaxRate	[340]	9202	If the company type is 1 (Unit trust or open-ended investment company) than the [EQUIV. LOW CT RATE] of tax must be used	If [4] equals '1' then [340] should equal [EQUIV. LOW CT RATE]
/IRenvelope/CompanyTaxReturn/CompanyTaxCalculation/CorporationTaxChargeable/FinancialYearOne/Details/TaxRate	[340]	9203	If the type of company is 2 (Close investment-holding company) then the [FULL RATE OF CT] of tax must be used	If [4] equals '2' then [340] should equal [FULL RATE OF CT]
/IRenvelope/CompanyTaxReturn/CompanyTaxCalculation/CorporationTaxChargeable/FinancialYearOne/Details/TaxRate	[340]	9143	If the type of company in Box 4 is 3 (Company in liquidation) or 9 (Real Estate Investment Trust C — residual company) or 10 (Real Estate Investment Trust C – tax-exempt company) or 11 (Non-UK resident company) then an applicable tax rate from one of [FULL RATE OF CT] or [CT RATE FOR NI TRADING PROFITS] must be used	If [4] equals '3' or '9' or '10' or '11' then [340] should equal an applicable value from [FULL RATE OF CT] or [CT RATE FOR NI TRADING PROFITS]
/IRenvelope/CompanyTaxReturn/CompanyTaxCalculation/CorporationTaxChargeable/FinancialYearOne/Details/TaxRate	[340]	9145	If the type of company is 6 (Members’ club or voluntary association), 7 (Property management company) or 8 (Charity or owned by a charity) then an applicable tax rate from one of [FULL RATE OF CT], [SMALL CO RATE OF CT] or [CT RATE FOR NI TRADING PROFITS] must be used	If [4] equals '6', '7' or '8' then [340] should equal [FULL RATE OF CT] or [SMALL CO RATE OF CT] or [CT RATE FOR NI TRADING PROFITS]
/IRenvelope/CompanyTaxReturn/CompanyTaxCalculation/CorporationTaxChargeable/FinancialYearOne/Details/TaxRate	[340]	9147	If the type of company is 0 (UK trading or Professional Services or CASC), 3 (Company in liquidation), 4 (Asset holding company), 6 (Members' club or voluntary association), 7 (Property management company), 8 (Charity or owed by a charity) or 9 (Real Estate Investment Trust C - residual company) and the [CT RATE FOR NI TRADING PROFITS] of tax is different to all other CT rates and has been used then Box 586 must be completed	If [4] equals '3', '4', '6', '7', '8', '9', or '0' and [CT RATE FOR NI TRADING PROFITS] is different to all other CT rates and [CT RATE FOR NI TRADING PROFITS] appears in [340] then [586] must be completed.
/IRenvelope/CompanyTaxReturn/CompanyTaxCalculation/CorporationTaxChargeable/FinancialYearOne/Details/Tax	[345]	9204	The amount of Tax must equal the Amount of profit multiplied by the Rate of tax e.g. Box 345 must equal Box 335 multiplied by Box 340	For each iteration of [N053], [345] should equal [335] multiplied by ([340] divided by 100) rounded to two decimal places (round up if third decimal is greater than or equal to 5, otherwise round down)
/IRenvelope/CompanyTaxReturn/CompanyTaxCalculation/CorporationTaxChargeable/FinancialYearTwo	[N052b]	9206	Financial year two information must not be completed if the accounting period falls within the same financial year.	[N052b] should not be present if [30] and [35] both fall within the same financial year
/IRenvelope/CompanyTaxReturn/CompanyTaxCalculation/CorporationTaxChargeable/FinancialYearTwo/Year	[380]	9207	Box 380 must equal Box 330 plus one.	[380] should equal [330] plus 1
/IRenvelope/CompanyTaxReturn/CompanyTaxCalculation/CorporationTaxChargeable/FinancialYearTwo/Details/TaxRate	[390]	9208	If the type of company is 5 (Insurance) than an applicable tax rate from one of [FULL RATE OF CT], [SMALL CO RATE OF CT], [EQUIV. LOW CT RATE], [FULL RF RATE OF CT] or [RF SMALL CO RATE OF CT] must be used for the second financial year	If [4] equals '5' then [390] should equal an applicable value from [FULL RATE OF CT], [SMALL CO RATE OF CT], [EQUIV. LOW CT RATE], [FULL RF RATE OF CT] or [RF SMALL CO RATE OF CT]
/IRenvelope/CompanyTaxReturn/CompanyTaxCalculation/CorporationTaxChargeable/FinancialYearTwo/Details/TaxRate	[390]	9209	If the type of company is 0 then an applicable tax rate from one of [FULL RATE OF CT], [SMALL CO RATE OF CT], [EQUIV. LOW CT RATE], [FULL RF RATE OF CT], [RF SMALL CO RATE OF CT] or [CT RATE FOR NI TRADING PROFITS] must be used for the second financial year	If [4] equals '0' then [390] should equal an applicable value from [FULL RATE OF CT], [SMALL CO RATE OF CT], [EQUIV. LOW CT RATE], [FULL RF RATE OF CT], [RF SMALL CO RATE OF CT] or [CT RATE FOR NI TRADING PROFITS]
/IRenvelope/CompanyTaxReturn/CompanyTaxCalculation/CorporationTaxChargeable/FinancialYearTwo/Details/TaxRate	[390]	9210	If the type of company is 4 (Qualifying asset holding company) then an applicable tax rate from one of [FULL RATE OF CT] or [SMALL CO RATE OF CT] or [CT RATE FOR NI TRADING PROFITS] must be used for the second financial year	If [4] equals '4' then [390] should equal [FULL RATE OF CT], [SMALL CO RATE OF CT] or [CT RATE FOR NI TRADING PROFITS]
/IRenvelope/CompanyTaxReturn/CompanyTaxCalculation/CorporationTaxChargeable/FinancialYearTwo/Details/TaxRate	[390]	9211	If the company type is 1 (Unit trust or open-ended investment company) than the [EQUIV. LOW CT RATE] of tax must be used for the second financial year	If [4] equals '1' then [390] should equal [EQUIV. LOW CT RATE]
/IRenvelope/CompanyTaxReturn/CompanyTaxCalculation/CorporationTaxChargeable/FinancialYearTwo/Details/TaxRate	[390]	9212	If the type of company is 2 (Close investment-holding company) then the [FULL RATE OF CT] of tax must be used for the second financial year	If [4] equals '2' then [390] should equal [FULL RATE OF CT]
/IRenvelope/CompanyTaxReturn/CompanyTaxCalculation/CorporationTaxChargeable/FinancialYearTwo/Details/TaxRate	[390]	9152	If the type of company in Box 4 is 3 (Company in liquidation) or 9 (Real Estate Investment Trust C — residual company) or 10 (Real Estate Investment Trust C – tax-exempt company) or 11 (Non-UK resident company) then an applicable tax rate from one of [FULL RATE OF CT] or [CT RATE FOR NI TRADING PROFITS] must be used for the second financial year	If [4] equals '3' or '9' or '10' or '11' then [390] should equal an applicable value from [FULL RATE OF CT] or [CT RATE FOR NI TRADING PROFITS]
/IRenvelope/CompanyTaxReturn/CompanyTaxCalculation/CorporationTaxChargeable/FinancialYearTwo/Details/TaxRate	[390]	9153	If the type of company is 6 (Members’ club or voluntary association), 7 (Property management company) or 8 (Charity or owned by a charity) then an applicable tax rate from one of [FULL RATE OF CT], [SMALL CO RATE OF CT] or [CT RATE FOR NI TRADING PROFITS] must be used for the second financial year	If [4] equals '6', '7' or '8' then [390] should equal [FULL RATE OF CT] or [SMALL CO RATE OF CT] or [CT RATE FOR NI TRADING PROFITS]
/IRenvelope/CompanyTaxReturn/CompanyTaxCalculation/CorporationTaxChargeable/FinancialYearTwo/Details/TaxRate	[390]	9156	If the type of company is 0 (UK trading or Professional Services or CASC), 3 (Company in liquidation), 4 (Asset holding company), 6 (Members' club or voluntary association), 7 (Property management company), 8 (Charity or owed by a charity) or 9 (Real Estate Investment Trust C - residual company) and the [CT RATE FOR NI TRADING PROFITS] of tax is different to all other CT rates and has been used for the second financial year, then Box 586 must be completed	If [4] equals '3', '4', '6', '7', '8', '9', or '0' and [CT RATE FOR NI TRADING PROFITS] is different to all other CT rates and [CT RATE FOR NI TRADING PROFITS] appears in [390] then [586] must be completed.
/IRenvelope/CompanyTaxReturn/CompanyTaxCalculation/CorporationTaxChargeable/FinancialYearTwo/Details/Tax	[395]	9213	For the second financial year the amount of Tax must equal the Amount of profit multiplied by the Rate of tax e.g. Box 395 must equal Box 385 multiplied by Box 390	For each iteration of [N053b] [395] should equal [385] multiplied by ([390] divided by 100) rounded to two decimal places (round up if third decimal is greater than or equal to 5, otherwise round down)
/IRenvelope/CompanyTaxReturn/CompanyTaxCalculation/CorporationTax	[430]	9214	Box 430 must equal the sum of Boxes 345, 360, 375, 395, 410 and 425	[430] should equal the sum all iterations of [345] plus all iterations of [395]
/IRenvelope/CompanyTaxReturn/CompanyTaxCalculation/MarginalReliefForRingFenceTrades	[435]	9216	Box 435 must be less than Box 430	[435] should be less than [430]
/IRenvelope/CompanyTaxReturn/CompanyTaxCalculation/MarginalReliefForRingFenceTrades	[435]	9417	Box 435 can only be completed if Box 329 is completed or the return period end date in Box 35 is on or before 31/03/2023	If [435] is present the following should be true: ( [329] equals 'yes' ) or ( [35] on or before '2023-03-31' )
/IRenvelope/CompanyTaxReturn/CompanyTaxCalculation/MarginalReliefForRingFenceTrades	[435]	9350	Box 435 can only be completed if Box 135 is completed or the return period end date in Box 35 is on or after 01/04/2023	If [435] is present, either [135] should equal 'yes' or [35] should be on or after '2023-04-01'
/IRenvelope/CompanyTaxReturn/CompanyTaxCalculation/NetCorporationTaxChargeable	[440]	9234	Box 440 must equal Box 430 minus Box 435	[440] should equal [430] minus [435]
/IRenvelope/CompanyTaxReturn/CompanyTaxCalculation/TaxReliefsAndDeductions	[N055]	9236	Box 470 must be completed if Box 445 is completed.	[470] should be present if [445] is present
/IRenvelope/CompanyTaxReturn/CompanyTaxCalculation/TaxReliefsAndDeductions	[N055]	9237	Box 470 must be completed if Box 450 is completed.	[470] should be present if [450] is present
/IRenvelope/CompanyTaxReturn/CompanyTaxCalculation/TaxReliefsAndDeductions	[N055]	9238	Box 470 must be completed if Box 465 is completed.	[470] should be present if [465] is present
/IRenvelope/CompanyTaxReturn/CompanyTaxCalculation/TaxReliefsAndDeductions/CommunityInvestmentRelief	[445]	9241	Box 445 must not be greater than Box 440	[445] should not exceed [440]
/IRenvelope/CompanyTaxReturn/CompanyTaxCalculation/TaxReliefsAndDeductions/DoubleTaxation/DoubleTaxationRelief	[450]	9242	Box 450 must not be greater than Box 440 minus Box 445	[450] should not exceed [440] minus [445]
/IRenvelope/CompanyTaxReturn/CompanyTaxCalculation/TaxReliefsAndDeductions/DoubleTaxation/UnderlyingRate	[455]	9244	If Box 455 is completed then Box 450 must be greater than 0 (zero)	[450] should exceed 0 if [455] is present
/IRenvelope/CompanyTaxReturn/CompanyTaxCalculation/TaxReliefsAndDeductions/DoubleTaxation/AmountCarriedBack	[460]	9245	If Box 460 is completed then Box 450 must be greater than 0 (zero)	[450] should exceed 0 if [460] is present
/IRenvelope/CompanyTaxReturn/CompanyTaxCalculation/TaxReliefsAndDeductions/AdvancedCorporationTax	[465]	9246	Box 465 must not be greater than Box 440 minus (the sum of Boxes 445 and 450)	[465] should not exceed [440] minus ( [445] plus [450] )
/IRenvelope/CompanyTaxReturn/CompanyTaxCalculation/TaxReliefsAndDeductions/TotalReliefsAndDeductions	[470]	9247	Box 470 must equal the sum of Boxes 445, 450 and 465	[470] should equal the sum of [445], [450] and [465]
/IRenvelope/CompanyTaxReturn/CompanyTaxCalculation/CJRS/CJRSreceived	[471]	9381	Box 471 must be equal to or greater than the sum of Boxes 472 and 473	[471] should be at least ( [472] plus [473] )
/IRenvelope/CompanyTaxReturn/CompanyTaxCalculation/CJRS/CJRSreceived	[471]	9382	If Box 471 is completed then Box 526 must be completed	[526] should be present if [471] is present
/IRenvelope/CompanyTaxReturn/EnergyProfitsLevy	[F092]	9866	If the Energy Levies section is present, then at least one of Boxes 986 or 987 should be completed	[986] or [987] should be present if [F092] is present
/IRenvelope/CompanyTaxReturn/EnergyProfitsLevy/EOGPLamounts	[986]	9420	Box 501 must be completed if Box 986 is completed	[501] should be present if [986] is present
/IRenvelope/CompanyTaxReturn/EnergyProfitsLevy/EGLamounts	[987]	9867	Box 502 must be completed if Box 987 is completed	[502] should be present if [987] is present
/IRenvelope/CompanyTaxReturn/CalculationOfTaxOutstandingOrOverpaid	[F050]	9351	Box 500 must be completed if Box 490 is greater than 0 (zero)	[500] should be present if [490] exceeds 0
/IRenvelope/CompanyTaxReturn/CalculationOfTaxOutstandingOrOverpaid	[F050]	9352	Box 500 must be completed if Box 495 is greater than 0 (zero)	[500] should be present if [495] exceeds 0
/IRenvelope/CompanyTaxReturn/CalculationOfTaxOutstandingOrOverpaid	[F050]	9340	If Box 475 is completed then Box 510 must be completed	[510] should be present if [475] is present
/IRenvelope/CompanyTaxReturn/CalculationOfTaxOutstandingOrOverpaid	[F050]	9341	If Box 480 is completed then Box 510 must be completed	[510] should be present if [480] is present
/IRenvelope/CompanyTaxReturn/CalculationOfTaxOutstandingOrOverpaid	[F050]	9342	If Box 500 is completed then Box 510 must be completed	[510] should be present if [500] is present
/IRenvelope/CompanyTaxReturn/CalculationOfTaxOutstandingOrOverpaid	[F050]	9343	If Box 505 is completed then Box 510 must be completed	[510] should be present if [505] is present
/IRenvelope/CompanyTaxReturn/CalculationOfTaxOutstandingOrOverpaid	[F050]	9366	Box 500 must be completed if Box 496 is greater than 0 (zero)	[500] should be present if [496] exceeds 0.
/IRenvelope/CompanyTaxReturn/CalculationOfTaxOutstandingOrOverpaid	[F050]	9367	If Box 527 is completed then Box 528 must be completed	[528] should be present if [527] is present.
/IRenvelope/CompanyTaxReturn/CalculationOfTaxOutstandingOrOverpaid	[F050]	9383	If Box 526 is completed then Box 528 must be completed	[528] should be present if [526] is present
/IRenvelope/CompanyTaxReturn/CalculationOfTaxOutstandingOrOverpaid	[F050]	9424	Box 500 must be completed if Box 497 is greater than 0 (zero)	[500] should be present if [497] exceeds 0
/IRenvelope/CompanyTaxReturn/CalculationOfTaxOutstandingOrOverpaid	[F050]	9432	Box 510 must be completed if Box 501 is completed	[510] should be present if [501] is present
/IRenvelope/CompanyTaxReturn/CalculationOfTaxOutstandingOrOverpaid	[F050]	9868	Box 510 must be completed if Box 502 is completed	[510] should be present if [502] is present
/IRenvelope/CompanyTaxReturn/CalculationOfTaxOutstandingOrOverpaid/NetCorporationTaxLiability	[475]	9248	Box 475 must equal Box 440 minus Box 470	[475] should equal [440] minus [470]
/IRenvelope/CompanyTaxReturn/CalculationOfTaxOutstandingOrOverpaid/NetCorporationTaxLiability	[475]	9339	If Box 475 is completed then Box 510 must equal (the sum of Boxes 475, 480, 500, 501, 502 and 505)	If [475] is present then [510] should equal the sum of [475], [480], [500], [501], [502] and [505]
/IRenvelope/CompanyTaxReturn/CalculationOfTaxOutstandingOrOverpaid/LoansToParticipators	[480]	9252	If return type is New then Box 480 can only be completed if Box 95 is completed	[480] should not be present if [N003] equals 'new' and [95] does not equal 'yes'
/IRenvelope/CompanyTaxReturn/CalculationOfTaxOutstandingOrOverpaid/CT600AreliefDue	[485]	9249	Box 480 must be completed if Box 485 is completed	[480] should be present if [485] is present
/IRenvelope/CompanyTaxReturn/CalculationOfTaxOutstandingOrOverpaid/CT600AreliefDue	[485]	9250	Box 485 can only be completed if Box A70 is completed	If [95] equals 'yes' and [A70] is absent then [485] should not equal 'yes'
/IRenvelope/CompanyTaxReturn/CalculationOfTaxOutstandingOrOverpaid/CT600AreliefDue	[485]	9251	If return type is New then Box 485 can only be completed if Box 95 is completed	If [N003] equals 'new' and [95] does not equal 'yes' then [485] must not equal 'yes'
/IRenvelope/CompanyTaxReturn/CalculationOfTaxOutstandingOrOverpaid/CFCtaxPayable	[490]	9353	Box 490 must not be completed if the return type is New and Box 100 is not completed	[490] should not be present if [N003] equals 'new' and [100] does not equal 'yes'
/IRenvelope/CompanyTaxReturn/CalculationOfTaxOutstandingOrOverpaid/RPDTpayable	[497]	9433	Box 497 must equal Box N285 if Box N285 is completed	[497] must equal [N285] if [N285] is present
/IRenvelope/CompanyTaxReturn/CalculationOfTaxOutstandingOrOverpaid/CFCandBankLevyTotal	[500]	9434	Box 500 must equal the sum of Boxes 490, 495, 496 and 497	[500] is valid only if this equals ( The sum of [490], [495], [496], and [497] )
/IRenvelope/CompanyTaxReturn/CalculationOfTaxOutstandingOrOverpaid/EOGPLpayable	[501]	9435	Box 986 must be completed if Box 501 is completed	If [501] is present the following should be true: [986] is present
/IRenvelope/CompanyTaxReturn/CalculationOfTaxOutstandingOrOverpaid/EGLpayable	[502]	9869	Box 987 should be completed if Box 502 is completed	[987] should be present if [502] is present
/IRenvelope/CompanyTaxReturn/CalculationOfTaxOutstandingOrOverpaid/SupplementaryCharge	[505]	9254	If return type is New then Box 505 can only be completed if Box 135 is completed	[505] should not be present if [N003] equals 'new' and [135] does not equal 'yes'
/IRenvelope/CompanyTaxReturn/CalculationOfTaxOutstandingOrOverpaid/TaxChargeable	[510]	9344	If Box 475 is not completed then Box 510 must equal (the sum of Boxes 440, 480, 500, 501, 502 and 505) minus Box 470	If [475] is absent then [510] should equal the sum of [440], [480], [501], [502], [500] and [505] minus [470]
/IRenvelope/CompanyTaxReturn/CalculationOfTaxOutstandingOrOverpaid/TaxChargeable	[510]	9345	If Box 510 is completed then Box 520 must equal Box 515 minus Box 510	If [510] is present then [520] should equal [515] minus [510]
/IRenvelope/CompanyTaxReturn/CalculationOfTaxOutstandingOrOverpaid/IncomeTax/TaxRepayable	[520]	9346	If Box 510 is not completed then Box 520 must equal Box 515 plus Box 470 minus (the sum of Boxes 440, 480, 500 and 505)	If [510] is absent then [520] should equal [515] plus [470] minus the sum of [440], [480], [500] and [505]
/IRenvelope/CompanyTaxReturn/CalculationOfTaxOutstandingOrOverpaid/TaxPayable	[525]	9347	If Box 510 is completed then Box 525 must equal Box 510 minus Box 515. If the result is negative please enter 0 (zero).	If [510] is present then [525] should equal [510] minus [515], where the result is equal to or greater than zero. Enter 0.00 if [510] minus [515] is negative
/IRenvelope/CompanyTaxReturn/CalculationOfTaxOutstandingOrOverpaid/TaxPayable	[525]	9348	If Box 510 is completed then Box 525 must equal (the sum of Boxes 440, 480, 500 and 505) minus (the sum of Boxes 515 and Box 470 ). If the result is negative please enter 0 (zero).	If [510] is absent then [525] should equal the sum of [440], [480], [500] and [505] minus ( [515] plus [470] ), where the result is equal to or greater than zero. Enter 0.00 if that sum is negative.
/IRenvelope/CompanyTaxReturn/CalculationOfTaxOutstandingOrOverpaid/CJRSoverpaymentsNowDue	[526]	9384	Box 526 must equal (the sum of Boxes 471 and 474) minus (the sum of Boxes 472 and 473)	[526] should equal ( ( [471] plus [474] ) minus ( [472] plus [473] ) )
/IRenvelope/CompanyTaxReturn/CalculationOfTaxOutstandingOrOverpaid/RestitutionTax	[527]	9368	If return type is New then Box 527 can only be completed if Box 141 is completed	[527] should not be present if [N003] equals 'new' and [141] does not equal 'yes'.
/IRenvelope/CompanyTaxReturn/CalculationOfTaxOutstandingOrOverpaid/RestitutionTax	[527]	9369	If Box K35 is not completed and Box 141 is not completed then Box 527 must be 0 (zero)	If [K35] is not submitted and [141] is not equal to 'yes' then [527] must equal zero.
/IRenvelope/CompanyTaxReturn/CalculationOfTaxOutstandingOrOverpaid/TaxPayableIncludingRestitutionTax	[528]	9370	Box 528 must equal the sum of Boxes 525, 526 and 527	[528] should equal the sum of [525], [526], and [527]
/IRenvelope/CompanyTaxReturn/TaxReconciliation	[N059]	9355	If Box 530 is completed then Box 545 must be completed	[545] should be present if [530] is present
/IRenvelope/CompanyTaxReturn/TaxReconciliation	[N059]	9356	If Box 535 is completed then Box 545 must be completed	[545] should be present if [535] is present
/IRenvelope/CompanyTaxReturn/TaxReconciliation	[N059]	9357	If Box 540 is completed then Box 545 must be completed	[545] should be present if [540] is present
/IRenvelope/CompanyTaxReturn/TaxReconciliation	[N059]	9358	If Box 550 is completed then Box 560 must be completed	[560] should be present if [550] is present
/IRenvelope/CompanyTaxReturn/TaxReconciliation	[N059]	9359	If Box 555 is completed then Box 560 must be completed	[560] should be present if [555] is present
/IRenvelope/CompanyTaxReturn/TaxReconciliation	[N059]	9875	Box 545 must be completed if Box 541 is completed	[545] should be present if [541] is present
/IRenvelope/CompanyTaxReturn/TaxReconciliation/ResearchAndDevelopmentCredit	[530]	9385	Box 530 must only be completed if Box 142 equals 'yes'	[530] should only be present if [142] equals 'yes'
/IRenvelope/CompanyTaxReturn/TaxReconciliation/ResearchAndDevelopmentCredit	[530]	9386	Box 530 must equal Box L210	[530] is valid only if it equals [L210]
/IRenvelope/CompanyTaxReturn/TaxReconciliation/VaccineCredit	[535]	9141	Box 535 must not be used	[535] must not be used.
/IRenvelope/CompanyTaxReturn/TaxReconciliation/CreativeCredit	[540]	8001	Box 540 must not be completed if Box 96 is not completed	[540] should not be present if [96] does not equal 'yes'
/IRenvelope/CompanyTaxReturn/TaxReconciliation/AVECandVGEC	[541]	8002	Box 541 must not be completed if Box 96 is not completed	[541] should not be present if [96] does not equal 'yes'
/IRenvelope/CompanyTaxReturn/TaxReconciliation/ResearchAndDevelopmentVaccineOrCreativeTaxCredit	[545]	9360	Box 545 must equal the sum of Boxes 530, 535, 540 and 541	[545] should equal the sum of [530], [535], [540] and [541]
/IRenvelope/CompanyTaxReturn/TaxReconciliation/LandOrLifeCredit	[560]	9361	Box 560 must equal the sum of 550 and 555	[560] should equal [550] plus [555]
/IRenvelope/CompanyTaxReturn/TaxReconciliation/CapitalAllowancesFirstYearCredit	[565]	9257	Box 565 can only be completed if the date in box 30 is on or before 31 March 2020	[565] can only be present if [30] on or before '2020-03-31'
/IRenvelope/CompanyTaxReturn/TaxReconciliation/SurplusResearchAndDevelopmentCreditsOrCreativeCreditPayable	[570]	9261	Box 570 must equal Box 545 minus Box 525. If the result is negative please enter 0 (zero).	[570] must equal [545] minus [525], where the result is equal to or greater than zero. Enter 0.00 if [545] minus [525] is negative
/IRenvelope/CompanyTaxReturn/TaxReconciliation/LandOrLifeCreditPayable	[575]	9263	Box 575 must equal (the sum of Boxes 545 and 560) minus (the sum of Boxes 525 and 570). If the result is negative please enter 0 (zero).	[575] must equal ( [545] plus [560] ) minus ( [525] plus [570] ), where the result is equal to or greater than zero. Enter 0.00 if ( [545] plus [560] ) minus ( [525] plus [570] ) is negative
/IRenvelope/CompanyTaxReturn/TaxReconciliation/LandOrLifeCreditPayable	[575]	9264	Box 575 must not be greater than Box 560	[575] should not exceed [560]
/IRenvelope/CompanyTaxReturn/TaxReconciliation/CapitalAllowancesFirstYearCreditPayable	[580]	9267	Box 580 must not be greater than Box 565	[580] should not exceed [565]
/IRenvelope/CompanyTaxReturn/TaxReconciliation/CapitalAllowancesFirstYearCreditPayable	[580]	9268	Box 580 must equal (the sum of Boxes 545, 560 and 565) minus (the sum of Boxes 525, 570 and 575). If the result is negative please enter 0 (zero).	[580] should equal the sum of [545], [560] and [565] minus the sum of [525], [570] and [575], where the result is equal to or greater than zero. Enter 0.00 if the sum of [545], [560] and [565] minus the sum of [525], [570] and [575] is negative.
/IRenvelope/CompanyTaxReturn/TaxReconciliation/CapitalAllowancesFirstYearCreditPayable	[580]	9258	Box 580 can only be completed if the date in box 30 is on or before 31 March 2020	[580] can only be present if [30] on or before '2020-03-31'
/IRenvelope/CompanyTaxReturn/TaxReconciliation/RingFenceCorpTaxIncluded	[585]	9269	If return type is New then Box 585 can only be completed if Box 135 is completed	[585] should not be present if [N003] equals 'new' and [135] does not equal 'yes'
/IRenvelope/CompanyTaxReturn/TaxReconciliation/RingFenceCorpTaxIncluded	[585]	9270	Box 585 must not be greater than Box 525	[585] should not exceed [525]
/IRenvelope/CompanyTaxReturn/TaxReconciliation/RingFenceCorpTaxIncluded	[585]	9271	If Box 585 is completed and the return type is New then Box I80 must be completed and equal to Box 585.	If [585] is present and [N003] is 'new' then [I80] must be present and equal to [585].
/IRenvelope/CompanyTaxReturn/TaxReconciliation/NIcorporationTaxIncluded	[586]	9142	Box 586 can only be completed if Box 5 is completed	If [586] is present then [5] must be present
/IRenvelope/CompanyTaxReturn/TaxReconciliation/RingFenceSupplementaryChargeIncluded	[590]	9272	Box 590 must not be greater than Box 505	[590] should not exceed [505]
/IRenvelope/CompanyTaxReturn/TaxReconciliation/RingFenceSupplementaryChargeIncluded	[590]	9273	If return type is New then Box 590 can only be completed if Box 135 is completed	[590] should not be present if [N003] equals 'new' and [135] does not equal 'yes'
/IRenvelope/CompanyTaxReturn/TaxReconciliation/RingFenceSupplementaryChargeIncluded	[590]	9274	If the return type is New and Box 590 is completed then Box I85 must be completed and equal to Box 590.	If [590] is present and [N003] equals 'new' then [I85] should be present and equal to [590]
/IRenvelope/CompanyTaxReturn/TaxReconciliation/TaxOutstandingOrOverpaid	[N059b]	9275	Only one of Boxes 600 and 605 can be completed unless both are zero (0).	[600] and [605] should not both be present unless both are zero
/IRenvelope/CompanyTaxReturn/TaxReconciliation/TaxOutstandingOrOverpaid/TaxOutstanding	[600]	9276	Box 600 must equal Box 525 minus (the sum of Boxes 545, 560, 565 and 595). If the result is negative them Box 600 must not be completed.	[600] must equal [525] minus the sum of [545], [560], [565] and [595], where the result is equal to or greater than zero. Must not be present if [525] minus the sum of [545], [560], [565] and [595] is negative
/IRenvelope/CompanyTaxReturn/TaxReconciliation/TaxOutstandingOrOverpaid/TaxOverpaid	[605]	9277	Box 605 must equal (the sum of Boxes 545, 560, 565 and 595) minus Box 525. If the result is negative Box 605 must not be completed.	[605] must equal the sum of [545], [560], [565] and [595] minus [525], where the result is equal to or greater than zero. Must not be present if the sum of [545], [560], [565] and [595] minus [525] is negative
/IRenvelope/CompanyTaxReturn/TaxReconciliation/ExporterInformation	[N118]	9601	If the 'Exporter information' section is present then at least one of Boxes 616, 617 or 618 must be completed	If [N118] is present the following should be true: [616] is present or [617] is present or [618] is present
/IRenvelope/CompanyTaxReturn/TaxReconciliation/ExporterInformation/NeitherGoodsNorServicesExported	[618]	9602	Box 618 must not be completed if Box 616 is completed	[618] should not be present if [616] is present
/IRenvelope/CompanyTaxReturn/TaxReconciliation/ExporterInformation/NeitherGoodsNorServicesExported	[618]	9603	Box 618 must not be completed if Box 617 is completed	[618] should not be present if [617] is present
/IRenvelope/CompanyTaxReturn/IndicatorsAndInformation/NumberOf51groupCompanies	[625]	9436	Box 625 must not be completed if the return period end date in Box 35 is on or after 01/04/2023	[625] should not be present if [35] on or after '2023-04-01'
/IRenvelope/CompanyTaxReturn/IndicatorsAndInformation/VeryLargeQIPs	[631]	9122	Box 631 must not be completed if Box 630 is completed.	[631] should not be present if [630] is present
/IRenvelope/CompanyTaxReturn/EnhancedExpenditure	[N061]	9362	If Box 660 is completed then Box 670 must be completed	[670] should be present if [660] is present
/IRenvelope/CompanyTaxReturn/EnhancedExpenditure	[N061]	9363	If Box 665 is completed then Box 670 must be completed	[670] should be present if [665] is present
/IRenvelope/CompanyTaxReturn/EnhancedExpenditure/SMEclaim	[650]	9282	Box 650 must not be completed if Box 655 is completed	[650] should not be present if [655] equals 'yes'
/IRenvelope/CompanyTaxReturn/EnhancedExpenditure/RAndDIntensiveSMEclaim	[653]	9876	Box 653 must not be completed if the return period end date in Box 35 is on or before 31/03/2023	[653] should not be present if [35] on or before '2023-03-31'
/IRenvelope/CompanyTaxReturn/EnhancedExpenditure/RAndDIntensiveSMEclaim	[653]	9877	Box 653 can only be completed if Box 650 completed	[653] should not be present if [650] does not equal 'yes'
/IRenvelope/CompanyTaxReturn/EnhancedExpenditure/LargeCompanyClaim	[655]	9284	Box 655 must not be completed if Box 650 is completed	[655] should not be present if [650] equals 'yes'
/IRenvelope/CompanyTaxReturn/EnhancedExpenditure/AdditionalRAndDForm	[657]	9437	If Box 657 is completed then either Box 650 or Box 655 must be completed	If [657] is present the following should be true: ( [650] equals 'yes' ) or ( [655] equals 'yes' )
/IRenvelope/CompanyTaxReturn/EnhancedExpenditure/RAndDExpenditureSME	[659]	9438	Box 659 must not be completed if Box 650 isn't completed	[659] should not be present if [650] does not equal 'yes'
/IRenvelope/CompanyTaxReturn/EnhancedExpenditure/RAndDExpenditureSME	[659]	9439	If Box L166 is completed and the return period start date in Box 30 is on or after 01/04/2023 then Box 659 must equal Box L166	If [L166] is present and [30] onOrAfter '2023-04-01' [659] must equal [L166]
/IRenvelope/CompanyTaxReturn/EnhancedExpenditure/RAndDExpenditureSME	[659]	9879	Box 659 must not be completed if Box 653 is not completed and the return period start date in Box 30 is on or after 01/04/2024	[659] should not be present if ( [30] on or after '2024-04-01' ) and ( [653] does not equal 'yes' )
/IRenvelope/CompanyTaxReturn/EnhancedExpenditure/RandDEnhancedExpenditure	[660]	9364	Box 660 must only be completed if either Box 650 or Box 655 are completed	If [660] is present then [650] should equal 'yes' or [655] should equal 'yes'
/IRenvelope/CompanyTaxReturn/EnhancedExpenditure/RandDEnhancedExpenditure	[660]	9440	Box 660 must not be completed if Box 659 is not completed and the return period start date in Box 30 is on or after 01/04/2023	[660] should not be present if [659] is not present and [30] is on or after '2023-04-01'
/IRenvelope/CompanyTaxReturn/EnhancedExpenditure/RandDEnhancedExpenditure	[660]	9880	Box 660 must not be completed if Box 653 is not completed and the return period start date in Box 30 is on or after 01/04/2024	[660] should not be present if ( [30] on or after '2024-04-01' ) and ( [653] does not equal 'yes' )
/IRenvelope/CompanyTaxReturn/EnhancedExpenditure/CreativesCoreExpenditure	[663]	8003	Box 663 must not be completed if Box 96 is not completed	[663] should not be present if [96] does not equal 'yes'
/IRenvelope/CompanyTaxReturn/EnhancedExpenditure/CreativeEnhancedExpenditure	[665]	8004	Box 665 must not be completed if Box 96 is not completed	[665] should not be present if [96] does not equal 'yes'
/IRenvelope/CompanyTaxReturn/EnhancedExpenditure/RandDAndCreativeEnhancedExpenditure	[670]	9365	Box 670 must equal the sum of Boxes 660 and 665	[670] should equal [660] plus [665]
/IRenvelope/CompanyTaxReturn/EnhancedExpenditure/SMEclaimAsLargeCompany	[675]	9287	Box 675 can only be completed if Box 650 is completed	[650] should equal 'yes' if [675] is present
/IRenvelope/CompanyTaxReturn/EnhancedExpenditure/SMEclaimAsLargeCompany	[675]	9881	Box 675 must not be completed if the return period start date in Box 30 is on or after 01/04/2024	[675] should not be present if [30] on or after '2024-04-01'
/IRenvelope/CompanyTaxReturn/EnhancedExpenditure/VaccineResearch	[680]	9286	Box 680 must only be completed if either Box 650 or Box 655 are completed	If [680] is present then [650] should equal 'yes' or [655] should equal 'yes'
/IRenvelope/CompanyTaxReturn/EnhancedExpenditure/VaccineResearch	[680]	9285	Box 680 must not be completed if the return period start date in Box 30 is on or after 1 April 2017	[680] should not be present if [30] is on or after '2017-04-01'.
/IRenvelope/CompanyTaxReturn/AllowancesAndCharges	[N062]	9288	The sum of Boxes 690 and 735 must not exceed the apportioned AIA limit	The sum of [690] and [735] must not exceed the apportioned AIA limit (see Appendix C)
/IRenvelope/CompanyTaxReturn/AllowancesAndCharges/FullExpensing	[688/689]	9870	Boxes 688 and 689 must not be completed if the return period end date in Box 35 is on or before 31 March 2023	[688/689] should not be present if [35] on or before '2023-03-31'
/IRenvelope/CompanyTaxReturn/AllowancesAndCharges/MachineryAndPlantSuperDeduction	[691/692]	9606	Boxes 691 and 692 must not completed if the return period end date in Box 35 is on before 31 March 2021	[691/692] should not be present if [35] on or before '2021-03-31'
/IRenvelope/CompanyTaxReturn/AllowancesAndCharges/MachineryAndPlantSuperDeduction	[691/692]	9607	Box 772 must be completed if Box 691 is completed	"[772] must be submitted if the ""CapitalAllowances"" component of [691/692] is submitted"
/IRenvelope/CompanyTaxReturn/AllowancesAndCharges/MachineryAndPlantSpecialRateAllowance	[693/694]	9608	Boxes 693 and 694 must not be completed if the return period end date in Box 35 is on or before 31 March 2021	[693/694] should not be present if [35] on or before '2021-03-31'
/IRenvelope/CompanyTaxReturn/AllowancesAndCharges/MachineryAndPlantSpecialRateAllowance	[693/694]	9609	Box 773 must be completed if Box 693 is completed	"[773] must be submitted if the ""CapitalAllowances"" component of [693/694] is submitted"
/IRenvelope/CompanyTaxReturn/AllowancesAndCharges/FortyPercentFirstYearAllowance	[696]	8081	Box 696 must not be present if Box 35 is on or before '2025-12-31'	[696] should not be present if [35] on or before '2025-12-31'
/IRenvelope/CompanyTaxReturn/AllowancesAndCharges/StructuresAndBuildingsCapitalAllowances	[711]	9260	Box 711 can only be completed if the return period end date in Box 35 is on or after 29 October 2018	[711] can only be present if [35] on or after '2018-10-29'
/IRenvelope/CompanyTaxReturn/AllowancesAndCharges/ElectricChargePoints	[713/714]	9278	Boxes 713 and 714 can only be completed if the return period end date in Box 35 is on or after 23 November 2016	[713/714] can only be present if [35] on or after '2016-11-23'
/IRenvelope/CompanyTaxReturn/AllowancesAndCharges/ElectricChargePoints	[713/714]	8005	Box 714 must not be completed if the return period start date in Box 30 is on or after 1 April 2025	"The ""BalancingCharges"" component of [713/714] should not be present if [30] is on or after '2025-04-01'"
/IRenvelope/CompanyTaxReturn/AllowancesAndCharges/BusinessPremisesRenovationIncluded	[715/720]	9289	Boxes 715 and 720 must not be completed if the return period start date in Box 30 is on or after 1 April 2017	[715/720] should not be present if [30] is on or after '2017-04-01'.
/IRenvelope/CompanyTaxReturn/AllowancesAndCharges/EnterpriseZones	[721/722]	8007	Boxes 721 and 722 must not be completed if the return period start date in Box 30 is on or after 1 April 2024	[721/722] should not be present if [30] on or after '2024-04-01'
/IRenvelope/CompanyTaxReturn/AllowancesAndCharges/ZeroEmissionsGoodsVehicles	[723/724]	8008	Boxes 723 and 724 must not be completed if the return period start date in Box 30 is on or after 1 April 2025	[723/724] should not be present if [30] on or after '2025-04-01'
/IRenvelope/CompanyTaxReturn/AllowancesAndCharges/ZeroEmissionsCars	[726/727]	9839	Boxes 726 and 727 must not be completed if the return period end date in Box 35 is on or before 31 March 2021	[726/727] should not be present if [35] is on or before '2021-03-31'
/IRenvelope/CompanyTaxReturn/AllowancesAndCharges/ZeroEmissionsCars	[726/727]	8009	Box 727 must not be completed if the return period start date in Box 30 is on or after 1 April 2025	"The ""BalancingCharges"" component of [726/727] should not be present if [30] is on or after '2025-04-01'"
/IRenvelope/CompanyTaxReturn/NotIncluded/FullExpensing	[733/734]	9871	Boxes 733 and 734 must not be completed if the return period end date in Box 35 is on or before 31 March 2023	[733/734] should not be present if [35] on or before '2023-03-31'
/IRenvelope/CompanyTaxReturn/NotIncluded/StructuresAndBuildingsCapitalAllowances	[736]	9291	Box 736 can only be completed if the date in box 35 is on or after 29 October 2018	[736] can only be present if [35] on or after '2018-10-29'
/IRenvelope/CompanyTaxReturn/NotIncluded/ElectricChargePoints	[737/738]	9377	Box 737/738 can only be completed if the date in box 35 is on or after 23 November 2016	[737/738] can only be present if [35] on or after '2016-11-23'
/IRenvelope/CompanyTaxReturn/NotIncluded/ElectricChargePoints	[737/738]	8011	Box 738 must not be completed if the return period start date in Box 30 is on or after 1 April 2025	"The ""BalancingCharges"" component of [737/738] should not be present if [30] is on or after '2025-04-01'"
/IRenvelope/CompanyTaxReturn/NotIncluded/BusinessPremisesRenovationNotIncluded	[740/745]	9290	Boxes 740 and 745 must not be completed if the return period start date in Box 30 is on or after 1 April 2017	[740/745] should not be present if [30] is on or after '2017-04-01'.
/IRenvelope/CompanyTaxReturn/NotIncluded/MachineryAndPlantSuperDeduction	[741/742]	9610	Boxes 741 and 742 must not be completed if the return period end date in Box 35 is on or before 31 March 2021	[741/742] should not be present if [35] on or before '2021-03-31'
/IRenvelope/CompanyTaxReturn/NotIncluded/MachineryAndPlantSuperDeduction	[741/742]	9616	Box 772 must be completed if Box 741 is completed	"[772] must be submitted if the ""CapitalAllowances"" component of [741/742] is submitted"
/IRenvelope/CompanyTaxReturn/NotIncluded/MachineryAndPlantSpecialRateAllowance	[743/744]	9617	Boxes 743 and 744 must not be completed if the return period end date in Box 35 is on or before 31 March 2021	[743/744] should not be present if [35] on or before '2021-03-31'
/IRenvelope/CompanyTaxReturn/NotIncluded/MachineryAndPlantSpecialRateAllowance	[743/744]	9618	Box 773 must be completed if Box 743 is completed	"[773] must be submitted if the ""CapitalAllowances"" component of [743/744] is submitted"
/IRenvelope/CompanyTaxReturn/NotIncluded/FortyPercentFirstYearAllowance	[739]	8082	Box 739 must not be present if Box 35 is on or before '2025-12-31'	[739] should not be present if [35] on or before '2025-12-31'
/IRenvelope/CompanyTaxReturn/NotIncluded/EnterpriseZones	[746/747]	8012	Boxes 746 and 747 must not be completed if the return period start date in Box 30 is on or after 1 April 2024	[746/747] should not be present if [30] on or after '2024-04-01'
/IRenvelope/CompanyTaxReturn/NotIncluded/ZeroEmissionsGoodsVehicles	[748/749]	8013	Boxes 748 and 749 must not be completed if the return period start date in Box 30 is on or after 1 April 2025	[748/749] should not be present if [30] on or after '2025-04-01'
/IRenvelope/CompanyTaxReturn/NotIncluded/ZeroEmissionsCars	[751/752]	9392	Boxes 751 and 752 must not be completed if the return period end date in Box 35 is on or before 31 March 2021	[751/752] should not be present if [35] is on or before '2021-03-31'
/IRenvelope/CompanyTaxReturn/NotIncluded/ZeroEmissionsCars	[751/752]	8014	Box 752 must not be completed if the return period start date in Box 30 is on or after 1 April 2025	"The ""BalancingCharges"" component of [751/752] should not be present if [30] is on or after '2025-04-01'"
/IRenvelope/CompanyTaxReturn/QualifyingExpenditure/DesignatedEnvironmentallyFriendlyMachineryAndPlant	[765]	9379	Box 765 can only be completed if the return period start date in Box 30 is on or before 31 March 2020	[765] can only be present if [30] on or before '2020-03-31'
/IRenvelope/CompanyTaxReturn/QualifyingExpenditure/StructuresAndBuildings	[771]	9412	Box 771 can only be completed if the return period end date in Box 35 is on or after 29 October 2018	[771] can only be present if [35] on or after '2018-10-29'
/IRenvelope/CompanyTaxReturn/QualifyingExpenditure/MachineryAndPlantSuperDeduction	[772]	9619	Box 772 must not be completed if the return period end date in Box 35 is on or before 31 March 2021	[772] should not be present if [35] on or before '2021-03-31'
/IRenvelope/CompanyTaxReturn/QualifyingExpenditure/MachineryAndPlantSpecialRateAllowance	[773]	9620	Box 773 must not be completed if the return period end date in Box 35 is on or before 31 March 2021	[773] should not be present if [35] on or before '2021-03-31'
/IRenvelope/CompanyTaxReturn/NorthernIrelandInformation	[N203]	9162	Boxes 856, 857 and 858 can only be completed if the 'To' date in Box 35 is on or after 01 April 2050	If [N203] is present then [35] must be on or after '2050-04-01'
/IRenvelope/CompanyTaxReturn/NorthernIrelandInformation/NIagainstUK	[856]	9163	Box 856 can only be completed if Box 310 is completed	If [856] is present, [310] should be present
/IRenvelope/CompanyTaxReturn/NorthernIrelandInformation/NIagainstNI	[857]	9164	Box 857 can only be completed if Box 310 is completed	If [857] is present, [310] should be present
/IRenvelope/CompanyTaxReturn/NorthernIrelandInformation/UKagainstNI	[858]	9165	Box 858 can only be completed if Box 310 is completed	If [858] is present, [310] should be present
/IRenvelope/CompanyTaxReturn/OverpaymentsAndRepayments/RepaymentsForThePeriodCoveredByThisReturn/IncomeTax	[870]	9296	Box 870 must equal Box 520	[870] should equal [520]
/IRenvelope/CompanyTaxReturn/OverpaymentsAndRepayments/RepaymentsForThePeriodCoveredByThisReturn/RandDTaxCredit	[875]	9393	Box 875 must only be completed if Box 142 equals 'yes'	[875] should only be present if [142] equals 'yes'
/IRenvelope/CompanyTaxReturn/OverpaymentsAndRepayments/RepaymentsForThePeriodCoveredByThisReturn/RandDTaxCredit	[875]	9394	Box 875 must equal Box L180	[875] should equal [L180]
/IRenvelope/CompanyTaxReturn/OverpaymentsAndRepayments/RepaymentsForThePeriodCoveredByThisReturn/RandDExpenditureCredit	[880]	9395	Box 880 must only be completed if Box 142 equals 'yes'	[880] should only be present if [142] equals 'yes'
/IRenvelope/CompanyTaxReturn/OverpaymentsAndRepayments/RepaymentsForThePeriodCoveredByThisReturn/RandDExpenditureCredit	[880]	9396	Box 880 must equal Box L125	[880] should equal [L125]
/IRenvelope/CompanyTaxReturn/OverpaymentsAndRepayments/RepaymentsForThePeriodCoveredByThisReturn/CreativeCredit	[885]	8015	Box 885 can only be completed if Box P330 is completed	If [885] is present the following should be true: [P330] is present
/IRenvelope/CompanyTaxReturn/OverpaymentsAndRepayments/RepaymentsForThePeriodCoveredByThisReturn/CreativeCredit	[885]	8016	Box 885 must not be completed if Box 96 is not completed	[885] should not be present if [96] does not equal 'yes'
/IRenvelope/CompanyTaxReturn/OverpaymentsAndRepayments/RepaymentsForThePeriodCoveredByThisReturn/CreativeCredit	[885]	8017	Box 885 must not be completed if Box P330 equals 0 (zero)	[885] should not be present if [P330] equals '0.00'
/IRenvelope/CompanyTaxReturn/OverpaymentsAndRepayments/RepaymentsForThePeriodCoveredByThisReturn/CreativeCredit	[885]	8018	Box 885 must equal Box P330 if Box P330 is greater than 0 (zero)	If [P330] is greater than zero, then [885] must equal [P330]
/IRenvelope/CompanyTaxReturn/OverpaymentsAndRepayments/RepaymentsForThePeriodCoveredByThisReturn/PayableAVECandVGEC	[886]	8019	Box 886 can only be completed if Box P190 is completed	If [886] is present the following should be true: [P190] is present
/IRenvelope/CompanyTaxReturn/OverpaymentsAndRepayments/RepaymentsForThePeriodCoveredByThisReturn/PayableAVECandVGEC	[886]	8020	Box 886 must not be completed if Box 96 is not completed	[886] should not be present if [96] does not equal 'yes'
/IRenvelope/CompanyTaxReturn/OverpaymentsAndRepayments/RepaymentsForThePeriodCoveredByThisReturn/PayableAVECandVGEC	[886]	8021	Box 886 must not be completed if Box P190 equals 0 (zero)	[886] should not be present if [P190] equals '0.00'
/IRenvelope/CompanyTaxReturn/OverpaymentsAndRepayments/RepaymentsForThePeriodCoveredByThisReturn/PayableAVECandVGEC	[886]	8022	Box 886 must equal Box P190 if Box P190 is greater than 0 (zero)	If [P190] is greater than zero, then [886] must equal [P190]
/IRenvelope/CompanyTaxReturn/OverpaymentsAndRepayments/RepaymentsForThePeriodCoveredByThisReturn/LandRemediationCredit	[890]	9301	Box 890 must equal Box 575	[890] should equal [575]
/IRenvelope/CompanyTaxReturn/OverpaymentsAndRepayments/RepaymentsForThePeriodCoveredByThisReturn/PayableCapitalAllowancesFirstYearCredit	[895]	9302	Box 895 must equal Box 580	[895] should equal [580]
/IRenvelope/CompanyTaxReturn/OverpaymentsAndRepayments/RepaymentsForThePeriodCoveredByThisReturn/PayableCapitalAllowancesFirstYearCredit	[895]	9413	Box 895 can only be completed if the return period start date in Box 30 is on or before 31 March 2020	[895] can only be present if [30] on or before '2020-03-31'
/IRenvelope/CompanyTaxReturn/OverpaymentsAndRepayments/Surrender/JointNotice/Attached	[905]	9303	You must attach the Joint Notice if Box 905 is completed	[N106] should be present if [905] is present
/IRenvelope/CompanyTaxReturn/OverpaymentsAndRepayments/Surrender/StopUntilNotice	[915]	9304	Box 915 must not be greater than Box 900	[915] should not exceed [900]
/IRenvelope/CompanyTaxReturn/OverpaymentsAndRepayments/RAndDCreditWithCondition	[943]	9882	Box 943 must not be completed if Box 875 and Box 880 are not completed and the return period start date in Box 30 is on or after 01/04/2024	[943] should not be present if [875] is not present and [880] is not present and [30] is on or after '2024-04-01'
/IRenvelope/CompanyTaxReturn/OverpaymentsAndRepayments/PaymentToPerson	[N087]	9883	If either of Boxes 875 or 880 are completed and the return period start date in Box 30 is on or after 01/04/2024 then the section 'Payments to a person other than the company' can only be completed if Box 943 completed.	[N087] should not be present if [943] is absent and either [875] or [880] are present and [30] is on or after '2024-04-01'
/IRenvelope/CompanyTaxReturn/LoansByCloseCompanies	[N095]	9305	Supplementary form CT600A is present so Box 95 must be completed	[95] should equal 'yes' if [N095] is present
/IRenvelope/CompanyTaxReturn/ControlledForeignCompanies	[N096]	9306	Supplementary form CT600B is present so Box 100 must be completed	[100] should equal 'yes' if [N096] is present
/IRenvelope/CompanyTaxReturn/GroupAndConsortium	[N097]	9307	Supplementary form CT600C is present so Box 105 must be completed	[105] should equal 'yes' if [N097] is present
/IRenvelope/CompanyTaxReturn/Insurance	[N098]	9308	Supplementary form CT600D is present so Box 110 must be completed	[110] should equal 'yes' if [N098] is present
/IRenvelope/CompanyTaxReturn/Charity	[N099]	9309	Supplementary form CT600E is present so Box 115 must be completed	[115] should equal 'yes' if [N099] is present
/IRenvelope/CompanyTaxReturn/TonnageTax	[N100]	9310	Supplementary form CT600F is present so Box 120 must be completed	[120] should equal 'yes' if [N100] is present
/IRenvelope/CompanyTaxReturn/NorthernIreland	[N101]	9183	Supplementary form CT600G is present so Box 125 must be completed	If [N101] is present, [125] must equal 'yes'
/IRenvelope/CompanyTaxReturn/CrossBorderRoyalties	[N102]	9312	Supplementary form CT600H is present so Box 130 must be completed	[130] should equal 'yes' if [N102] is present
/IRenvelope/CompanyTaxReturn/RingFenceTrade	[N103]	9313	Supplementary form CT600I is present so Box 135 must be completed	[135] should equal 'yes' if [N103] is present
/IRenvelope/CompanyTaxReturn/TaxAvoidanceSchemes	[N104]	9314	Supplementary form CT600J is present so Box 140 must be completed	[140] should equal 'yes' if [N104] is present
/IRenvelope/CompanyTaxReturn/RestitutionTax	[N113]	9461	Supplementary form CT600K is present so Box 141 must be completed	[141] should equal 'yes' if [N113] is present.
/IRenvelope/CompanyTaxReturn/ResearchAndDevelopment	[N115]	9717	Supplementary form CT600L is present so Box 142 must be completed	[142] should equal 'yes' if [N115] is present.
/IRenvelope/CompanyTaxReturn/Freeports	[N117]	9649	Supplementary form CT600M is present so Box 143 must be completed	If [N117] is present the following should be true: [143] equals 'yes'
/IRenvelope/CompanyTaxReturn/ResidentialPropertyDeveloperTax	[N120]	9496	Supplementary page CT600N is present so Box 144 must be completed	[144] should equal 'yes' if [N120] is present.
/IRenvelope/CompanyTaxReturn/CreativeIndustries	[N123]	9013	Box 96 must be completed if Supplementary page CT600P is present	[96] should equal 'yes' if [N123] is present.
/IRenvelope/CompanyTaxReturn/AttachedFiles/XBRLsubmission	[N107]	9315	If Box 90 'No accounts reason' is absent then accounts must be attached	If [90A] is absent then the 'Accounts' child element must be present
/IRenvelope/CompanyTaxReturn/AttachedFiles/XBRLsubmission	[N107]	9316	If Box 90 'No computations reason' is absent then computations must be attached	If [90B] is absent then the 'Computation' child element must be present
/IRheader		5004	At least one key must exist in the IRHeader	At least one key must exist
/IRheader/Keys/Key	[Key]	5005	Keys in the GovTalkDetails do not match those in the IRheader.	Keys in the IR header must also exist in the GovTalk header with the same value
[AttachmentStructure]/@Format	[FORMAT]	9903	If the attached file format equals 'esef' then the attached file type must equal 'group accounts'	If [FORMAT] equals 'esef' then [TYPE2] must equal 'group accounts'
[XBRLsubmissionDetails]/Instance	[INSTANCE]	9900	You have tried to submit multi page accounts or computations but have not identified the main or primary page with an Entry Point attribute.	If multiple repetitions of EncodedInlineXBRLDocument are submitted, exactly one should have an EntryPoint attribute.
[XBRLsubmissionDetails]/Instance	[INSTANCE]	9901	You have tried to submit multi page accounts or computations but have not identified the main or primary page with an Entry Point attribute.	If multiple repetitions of InlineXBRLDocument are submitted, exactly one should have an EntryPoint attribute.
[XBRLsubmissionDetails]/Instance/EncodedInlineXBRLDocument	[ENCODEDINLINEXBRLDOCUMENT]	9970	You have tried to submit multi page accounts or computations but have not provided file name attributes for each of the pages	If multiple repetitions of [ENCODEDINLINEXBRLDOCUMENT] are submitted, each must have a Filename attribute.
[XBRLsubmissionDetails]/Instance/InlineXBRLDocument	[INLINEXBRLDOCUMENT]	9970	You have tried to submit multi page accounts or computations but have not provided file name attributes for each of the pages	If multiple repetitions of [INLINEXBRLDOCUMENT] are submitted, each must have a Filename attribute.
[XBRLsubmissionDetails]/Extension	[EXTENSION]	9902	An extension taxonomy must not be provided if raw XBRL is submitted. Please contact your software supplier.	[EXTENSION] should not be present if [RAWXBRLDOCUMENT]
[ArisingAndMaximum]/SurrenderMaximum	[Surrender Maximum]	9952	The 'Maximum available for surrender as group relief' is completed so the amount 'Arising' must be greater than zero.	If there is an entry in the second box of the arising and maximum pair, there must be an entry greater than zero in the first box of the pair.
[ArisingAndMaximum]/SurrenderMaximum	[Surrender Maximum]	9953	The 'Maximum available for surrender as group relief' must not be greater than the amount 'Arising'.	If there is an entry in the second box of the pair, it must not be greater than the entry in the first box of the pair.
[CTA]/LoansInformation	[LOANSINFORMATION]	9400	The maximum number of loans has been exceeded in Part 1	The group [LOAN] may occur up to 999 times
[CTA]/LoansInformation/TotalLoans	[A15]	9401	Box A15 must equal the sum of all 'Amount of loan' amounts in column A10B	[A15] should equal the sum of all iterations of [A10B]
[CTA]/LoansInformation/TaxChargeable	[A20]	9466	If the loans to participator rate does not change in the accounting period of the return then Box A20 must equal Box A15 multiplied by the loans to participator rate for that period. Round down for fractions less than half a penny and round up for fractions of half a penny or greater	If [LOANS-PARTICIPATOR-RATE] does not change in the period [30] to [35] inclusive: [A20] should equal [A15] at [LOANS-PARTICIPATOR-RATE] for that period, rounded to the nearest penny, with half-penny rounding upwards.
[CTA]/LoansInformation/TaxChargeable	[A20]	9467	If the loans to participator rate changes in the accounting period of the return then Box A20 must be equal to or greater than Box A15 multiplied by the lowest loans to participator rate for that period. Round down for fractions less than half a penny and round up for fractions of half a penny or greater	If [LOANS-PARTICIPATOR-RATE] changes in the period [30] to [35] inclusive: [A20] should be at least ([A15] at the lowest value of [LOANS-PARTICIPATOR-RATE] for that period, rounded to the nearest penny, with half-penny rounding upwards).
[CTA]/LoansInformation/TaxChargeable	[A20]	9468	If the loans to participator rate changes in the accounting period of the return then Box A20 must be equal to or less than Box A15 multiplied by the highest loans to participator rate for that period. Round down for fractions less than half a penny and round up for fractions of half a penny or greater	If [LOANS-PARTICIPATOR-RATE] changes in the period [30] to [35] inclusive: [A20] should be at most [A15] at the highest value of [LOANS-PARTICIPATOR-RATE] for that period, rounded to the nearest penny, with half-penny rounding upwards.
[CTA]/ReliefEarlierThan	[RELIEFEARLIERTHAN]	9403	The maximum number of loans has been exceeded in Part 2	[A25] may occur up to 999 times
[CTA]/ReliefEarlierThan/Loan	[A25]	9404	At least one of 'Amount repaid/return repayments made' in Box A25B or 'Amount released or written off' in Box A25C must be greater than 0 (zero).	Within each iteration of [A25] at least one of [A25B] and [A25C] should be greater than 0
[CTA]/ReliefEarlierThan/Loan	[A25]	9405	If 'Part 2: Relief for return payments and/or amounts repaid, released or written off within 9 months' is completed then 'Part 1: Outstanding loans and arrangements' made must be completed	[LOANSINFORMATION] should be present if [A25] is present
[CTA]/ReliefEarlierThan/Loan/Date	[A25D]	9406	The 'Date of repayment, release or write-off' in Box A25D must be less than nine months and one day after the period To date in Box 35.	[A25D] must be before nine months and one day after [35]. If [35] is on the last day of the month, [A25D] must be before the first day of the month ten months after [35].
[CTA]/ReliefEarlierThan/Loan/Date	[A25D]	9429	The 'Date of repayment, release or write-off' in Box A25D must be after the period To date in Box 35.	[A25D] should be after [35]
[CTA]/ReliefEarlierThan/Loan/Date	[A25D]	9884	The 'Date of repayment, release or write-off' in Box A25D must not be later than today.	[A25D] should be no later than today.
[CTA]/ReliefEarlierThan/TotalAmountRepaid	[A30]	9407	Box A30 must equal the sum of all 'Amounts repaid/return repayments made' in Boxes A25B	[A30] should equal the sum of all iterations of [A25B]
[CTA]/ReliefEarlierThan/TotalAmountReleasedOrWritten	[A35]	9408	Box A35 must equal the sum of all 'Amounts released or written off' made in Boxes A25C	[A35] should equal the sum of all iterations of [A25C]
[CTA]/ReliefEarlierThan/TotalLoans	[A40]	9409	Box A40 must equal the sum of Boxes A30 and A35	[A40] should equal [A30] plus [A35]
[CTA]/ReliefEarlierThan/ReliefDue	[A45]	9411	Box A45 must not be greater than Box A20	[A45] should not exceed [A20]
[CTA]/ReliefEarlierThan/ReliefDue	[A45]	9469	If the loans to participator rate does not change in the accounting period of the return then Box A45 must equal Box A40 multiplied by the loans to participator rate for that period. Round down for fractions less than half a penny and round up for fractions of half a penny or greater	If [LOANS-PARTICIPATOR-RATE] does not change in the period [30] to [35] inclusive: [A45] should equal [A40] at [LOANS-PARTICIPATOR-RATE] for that period, rounded to the nearest penny, with half-penny rounding upwards.
[CTA]/ReliefEarlierThan/ReliefDue	[A45]	9470	If the loans to participator rate changes in the accounting period of the return then Box A45 must be equal to or greater than Box A40 multiplied by the lowest loans to participator rate for that period. Round down for fractions less than half a penny and round up for fractions of half a penny or greater	If [LOANS-PARTICIPATOR-RATE] changes in the period [30] to [35] inclusive: [A45] should be at least [A40] at the lowest value of [LOANS-PARTICIPATOR-RATE] for that period, rounded to the nearest penny, with half-penny rounding upwards.
[CTA]/ReliefEarlierThan/ReliefDue	[A45]	9471	If the loans to participator rate changes in the accounting period of the return then Box A45 must be equal to or less than Box A40 multiplied by the highest loans to participator rate for that period. Round down for fractions less than half a penny and round up for fractions of half a penny or greater	If [LOANS-PARTICIPATOR-RATE] changes in the period [30] to [35] inclusive: [A45] should be at most [A40] at the highest value of [LOANS-PARTICIPATOR-RATE] for that period, rounded to the nearest penny, with half-penny rounding upwards.
[CTA]/LoanLaterReliefNow	[LOANLATERRELIEFNOW]	9418	The maximum number of loans has been exceeded in Part 3	[A50] may occur up to 999 times
[CTA]/LoanLaterReliefNow/Loan	[A50]	9419	At least one of 'Amount repaid/return repayments made' in Box A50B or 'Amount released or written off' in Box A50C must be greater than 0 (zero).	Within each iteration of [A50], at least one of [A50B] and [A50C] should be greater than 0
[CTA]/LoanLaterReliefNow/Loan/Date	[A50D]	9430	The 'Date of repayment, release or write-off' in Box A50D must be at least nine months after the period To date in Box 35.	Must be after the date nine months after [35]. If [35] is on the last day of the month, [A50D] must be later than the last day of the month nine months after [35].
[CTA]/LoanLaterReliefNow/Loan/Date	[A50D]	9431	The 'Date of repayment, release or write-off' in Box A50D cannot be later than today	[A50D] cannot be later than today
[CTA]/LoanLaterReliefNow/TotalAmountRepaid	[A55]	9421	Box A55 must equal the sum of all 'Amounts repaid/return repayments made' in Boxes A50B	[A55] should equal the sum of all iterations of [A50B]
[CTA]/LoanLaterReliefNow/TotalAmountReleasedOrWritten	[A60]	9422	Box A60 must equal the sum of all 'Amounts released or written off' made in Boxes A50C	[A60] should equal the sum of all iterations of [A50C]
[CTA]/LoanLaterReliefNow/TotalLoans	[A65]	9423	Box A65 must equal the sum of Boxes A55 and A60	[A65] should equal [A55] plus [A60]
[CTA]/LoanLaterReliefNow/ReliefDue	[A70]	9425	Box A70 must not be greater than Box A20	[A70] should not exceed [A20]
[CTA]/LoanLaterReliefNow/ReliefDue	[A70]	9426	If Box A70 is completed then Box 485 must be completed	[485] should be 'yes' if [A70] is greater than 0
[CTA]/LoanLaterReliefNow/ReliefDue	[A70]	9472	If the loans to participator rate does not change in the accounting period of the return then Box A65 must equal Box A70 multiplied by the loans to participator rate for that period. Round down for fractions less than half a penny and round up for fractions of half a penny or greater	If [LOANS-PARTICIPATOR-RATE] does not change in the period [30] to [35] inclusive: [A70] should equal [A65] at [LOANS-PARTICIPATOR-RATE] for that period, rounded to the nearest penny, with half-penny rounding upwards.
[CTA]/LoanLaterReliefNow/ReliefDue	[A70]	9473	If the loans to participator rate changes in the accounting period of the return then Box A65 must be equal to or greater than Box A70 multiplied by the lowest loans to participator rate for that period. Round down for fractions less than half a penny and round up for fractions of half a penny or greater	If [LOANS-PARTICIPATOR-RATE] changes in the period [30] to [35] inclusive: [A70] should be at least [A65] at the lowest value of [LOANS-PARTICIPATOR-RATE] for that period, rounded to the nearest penny, with half-penny rounding upwards.
[CTA]/LoanLaterReliefNow/ReliefDue	[A70]	9474	If the loans to participator rate changes in the accounting period of the return then Box A65 must be equal to or less than Box A70 multiplied by the highest loans to participator rate for that period. Round down for fractions less than half a penny and round up for fractions of half a penny or greater	If [LOANS-PARTICIPATOR-RATE] changes in the period [30] to [35] inclusive: [A70] should be at most [A65] at the highest value of [LOANS-PARTICIPATOR-RATE] for that period, rounded to the nearest penny, with half-penny rounding upwards.
[CTA]/TaxPayable	[A80]	9427	Box A80 must equal Box A20 minus (the sum of Boxes A45 and A70). If the result is negative then enter 0 (zero)	[A80] should equal ([A20]-([A45]+[A70]))if the result is positive, otherwise [A80] should equal 0.00
[CTA]/TaxPayable	[A80]	9428	If Box A80 is completed then Box 480 must be completed and equal to Box A80	[480] should be present and equal to [A80] if [A80] is present
[CTB]		9450	Box B10 must be completed if the sum of 'Tax on chargeable profits' in Boxes B5F is greater than 0 (zero)	[B10] should be present if the sum of all iterations of [B5F] is greater than zero
[CTB]		9451	Box B15 must be completed if 'Creditable tax' in Box B5G is completed	[B15] should be present if [B5G] is present
[CTB]		9452	Box B20 must be completed if 'Reliefs in terms of tax' in Box B5H is completed	[B20] should be present if [B5H] is present
[CTB]		9453	Box B25 must be completed if 'ACT as restricted' in Box B5I is completed	[B25] should be present if [B5I] is present
[CTB]		9454	Box B30 must be completed if any of 'Tax on chargeable profits' in Box B5F, 'Creditable tax' in Box B5G, 'Reliefs in terms of tax' in Box B5H, 'ACT as restricted' in Box B5I or 'CFC charge due' in Box B5J are completed	[B30] should be present if [SB010b] is present
[CTB]		9460	Supplementary form CT600B is present so at least one of Boxes B5, B35 or within the range B40 to B85 must be completed	If [N096] is present, then at least one of [COMPANYINFORMATIONPAGEB], [B35] or [HYBRID] should be present.
[CTB]/CompanyInformation/CFCTaxCalculation/CFCchargeDue	[B5J]	9455	CFC charge due' in Box B5J must equal 'Tax on chargeable profits' in Box B5F minus (the sum of 'Creditable tax' in Box B5G, 'Reliefs in terms of tax' in Box B5H and 'ACT as restricted' in Box B5I)	[B5J] should equal [B5F] minus the sum of [B5G], [B5H] and [B5I]
[CTB]/TotalTaxChargeable	[B10]	9456	Box B10 must equal the sum of 'Tax on chargeable profits' in Boxes B5F	[B10] should equal the sum of all entries in [B5F]
[CTB]/TotalCreditableTax	[B15]	9457	Box B15 must equal the sum of 'Creditable tax' in Boxes B5G	[B15] should equal the sum of all entries in [B5G]
[CTB]/TotalReliefInTaxTerms	[B20]	9458	Box B20 must equal the sum of 'Reliefs in terms of tax' in Boxes B5H	[B20] should equal the sum of all entries in [B5H]
[CTB]/TotalACTrestricted	[B25]	9459	Box B25 must equal the sum of 'ACT as restricted' in Boxes B5I	[B25] should equal the sum of all entries in [B5I]
[CTB]/TotalCFCtaxChargeble	[B30]	9463	Box B30 must equal the sum of 'CFC charge due' amounts in Boxes B5J	[B30] should equal the sum of all entries in [B5J]
[CTB]/TotalCFCtaxChargeble	[B30]	9465	If Box B30 is completed then Box 490 must be completed and equal to Box B30	[490] should be present and equal to [B30] if [B30] is present
[CTB]/HybridAndOtherMismatches	[HYBRID]	9621	Box B70 must be completed if Box B65 is completed	[B70] should be present if [B65] is present
[CTB]/HybridAndOtherMismatches	[HYBRID]	9622	If 'Hybrid and other mismatches' group is present then at least one of Boxes B40 to B85 must be completed	Group must not be empty
[CTC]		9544	At least one of 'Part 1: Claims to group relief', 'Part 2: Amounts surrendered as group relief' must be completed, 'Part 3: Claims to group relief for carried forward losses' and 'Part 4: Amounts surrendered as group relief for carried forward losses' must be completed	At least one of [CLAIMTOGROUPRELIEF], [SURRENDEREDGROUPRELIEF], [GROUPRELIEFCFL] or [SURRGROUPRELIEFCFL] should be present
[CTC]/ClaimToGroupRelief	[CLAIMTOGROUPRELIEF]	9518	The Claim authorisation section must be completed if the return type is New and there is a claim to group relief	[CLAIMAUTHORISATION] should be present if [N003] equals 'new' and [CLAIMTOGROUPRELIEF] is present
[CTC]/ClaimToGroupRelief/CompanyInformation/Company/AccountingPeriod	[C5B]	9502	The 'Accounting period From date of surrendering company' in Box C5B must be on or before the return period To date in Box 35	The 'From' date of [C5B] should be on or before [35]
[CTC]/ClaimToGroupRelief/CompanyInformation/Company/AccountingPeriod	[C5B]	9503	The 'Accounting period of surrendering company' in Box C5B must not be longer than 12 months.	The period covered by [C5B] should not be longer than 12 months
[CTC]/ClaimToGroupRelief/CompanyInformation/Company/AccountingPeriod	[C5B]	9504	The 'Accounting period of surrendering company' To date must not be before the From date in Box C5B	The 'To' date of [C5B] should not be before the 'From' date
[CTC]/ClaimToGroupRelief/CompanyInformation/Company/AccountingPeriod	[C5B]	9505	The 'Accounting period of surrendering company' To date in Box C5B must be on or after the return period From date in Box 30	The 'To' date of [C5B] should be on or after [30]
[CTC]/ClaimToGroupRelief/CompanyInformation/TotalAmountClaimed	[C10]	9506	If Box C10 is completed then Box 310 must be completed and equal to Box C10	[310] should be present and equal to [C10] if [C10] is present
[CTC]/ClaimToGroupRelief/CompanyInformation/TotalAmountClaimed	[C10]	9507	Box C10 must equal the sum of 'Claims to group relief Amount Claimed' in Boxes C5D	[C10] should equal the sum of all iterations of [C5D]
[CTC]/ClaimToGroupRelief/ClaimAuthorisation/CopyOfNoticesOfConsentAttached	[SC161]	9510	If 'Copy of notices of consent' is completed then a PDF attachment of type 'Other' must be included	If [SC161] is 'yes' then there must be a PDF attachment of type 'other' in this submission.
[CTC]/ClaimToGroupRelief/ClaimAuthorisation/CopyOfNoticesOfConsentAttached	[SC161]	9973	If 'Copy of notices of consent' is completed then Box 310 must be greater than 0 (zero)	[310] should exceed 0 if [SC161] is present
[CTC]/SurrenderedGroupRelief/NItradingLosses	[C46]	9168	Box C46 can only be completed if Box 5 is completed	If [C46] is present then [5] must be present
[CTC]/SurrenderedGroupRelief/NItradingLosses	[C46]	9177	Box C46 must not be greater than Box C45	[C46] must not exceed [C45]
[CTC]/SurrenderedGroupRelief/TotalSurrender	[C80]	9511	Box C80 must equal the sum of Boxes C45, C50, C55, C60, C65, C70 and C75	[C80] should equal the sum of [C45], [C50], [C55], [C75], [C60], [C65] and [C70]
[CTC]/SurrenderedGroupRelief/SurrenderInformation/Company/AccountingPeriod	[C85B]	9513	The 'Accounting period of claimant company' From date in Box C85B must be on or before the return period To date in Box 35	The 'From' date of [C85B] should be on or before [35]
[CTC]/SurrenderedGroupRelief/SurrenderInformation/Company/AccountingPeriod	[C85B]	9514	The 'Accounting period of claimant company' in Box C85B must not be longer than 12 months.	The period covered by [C85B] should not be longer than 12 months
[CTC]/SurrenderedGroupRelief/SurrenderInformation/Company/AccountingPeriod	[C85B]	9515	The 'Accounting period of claimant company' To date must not be before the From date in Box C85B	The 'To' date of [C85B] should not be before the 'From' date
[CTC]/SurrenderedGroupRelief/SurrenderInformation/Company/AccountingPeriod	[C85B]	9516	The 'Accounting period of claimant company' To date in Box C85B must be on or after the return period From date in Box 30	The 'To' date of [C85B] should be on or after [30]
[CTC]/SurrenderedGroupRelief/SurrenderInformation/AmountSurrenderedTotal	[C90]	9517	Box C90 must equal the sum of all 'Amount surrendered' in Boxes C85D	[C90] should equal the sum of all iterations of [C85D]
[CTC]/SurrenderedGroupRelief/ConsentToSurrender/ConsentOptions/SimplifiedArrangementInForce	[SC150]	9974	If 'Simplified arrangement in force' is completed then Box C90 must be greater than 0 (zero)	[C90] should exceed 0 if [SC150] is present
[CTC]/SurrenderedGroupRelief/ConsentToSurrender/ConsentOptions/NoticeOfConsentCompleted	[SC151]	9519	Amounts surrendered as group relief Declaration must be completed if Notice of consent is completed	[DECLARATION] should be present if [SC151] is present
[CTC]/SurrenderedGroupRelief/ConsentToSurrender/ConsentOptions/NoticeOfConsentCompleted	[SC151]	9961	Notice of consent completed' must not be Yes if 'Copy of notices of consent attached' is Yes	[SC151] should not be present if [SC152] is present
[CTC]/SurrenderedGroupRelief/ConsentToSurrender/ConsentOptions/NoticeOfConsentCompleted	[SC151]	9975	If 'Notice of consent completed' is Yes then Box C90 must be greater than 0 (zero)	[C90] should exceed 0 if [SC151] is present
[CTC]/SurrenderedGroupRelief/ConsentToSurrender/ConsentOptions/CopyOfNoticesOfConsentAttached	[SC152]	9521	Copies of notices of consent' must not be completed if 'Amounts surrendered as group relief Declaration' is completed.	[SC152] should not be present if [DECLARATION] is present
[CTC]/SurrenderedGroupRelief/ConsentToSurrender/ConsentOptions/CopyOfNoticesOfConsentAttached	[SC152]	9522	If Amounts surrendered as group relief 'Copies of notices of consent' is Yes then a PDF attachment of type 'Other' must be included	If [SC152] is 'yes' then there must be a PDF attachment of type 'other' in this submission
[CTC]/SurrenderedGroupRelief/ConsentToSurrender/ConsentOptions/CopyOfNoticesOfConsentAttached	[SC152]	9976	If 'Copy of notices of consent' is Yes then Box C90 must be greater than 0 (zero)	[C90] should exceed 0 if [SC152] is present
[CTC]/SurrenderedGroupRelief/ConsentToSurrender/Declaration/CompanyName	[C95]	9523	The company name in Box C95 must equal the company name in Box 1	[C95] should equal [1]
[CTC]/SurrenderedGroupRelief/ConsentToSurrender/Declaration/TaxReference	[C100]	9543	The tax reference in Box C100 must equal the tax reference in Box 3	[C100] should equal [3]
[CTC]/SurrenderedGroupRelief/ConsentToSurrender/Declaration/AccountingPeriod	[C105/C110]	9524	Details of company surrendering relief Accounting period in Boxes C105 and C110 must match the Accounting period of the return in Boxes 30 and 35	The 'From' and 'To' dates of [C105/C110] should equal [30] and [35] respectively
[CTC]/GroupReliefForCarriedForwardLosses	[GROUPRELIEFCFL]	9545	The Claim authorisation section must be completed if the return type is New and there is a claim to group relief for carried forward losses	[CLAIMAUTHORISATION2] should be present if [N003] equals 'new' and [GROUPRELIEFCFL] is present
[CTC]/GroupReliefForCarriedForwardLosses/CompanyInformation/Company/AccountingPeriod	[C125B]	9546	The 'Accounting period From date of surrendering company' in Box C125B must be on or before the return period To date in Box 35	The 'From' date of [C125B] should be on or before [35]
[CTC]/GroupReliefForCarriedForwardLosses/CompanyInformation/Company/AccountingPeriod	[C125B]	9547	The 'Accounting period of surrendering company' in Box C125B must not be longer than 12 months.	The period covered by [C125B] should not be longer than 12 months
[CTC]/GroupReliefForCarriedForwardLosses/CompanyInformation/Company/AccountingPeriod	[C125B]	9548	The 'Accounting period of surrendering company' To date must not be before the From date in Box C125B	The 'To' date of [C125B] should not be before the 'From' date
[CTC]/GroupReliefForCarriedForwardLosses/CompanyInformation/Company/AccountingPeriod	[C125B]	9549	The 'Accounting period of surrendering company' To date in Box C125B must be on or after the return period From date in Box 30	The 'To' date of [C125B] should be on or after [30]
[CTC]/GroupReliefForCarriedForwardLosses/CompanyInformation/TotalAmountClaimed	[C130]	9550	If Box C130 is completed then Box 312 must be completed and equal to Box C130	[312] should be present and equal to [C130] if [C130] is present.
[CTC]/GroupReliefForCarriedForwardLosses/CompanyInformation/TotalAmountClaimed	[C130]	9551	Box C130 must equal the sum of 'Claims to group relief for carried forward losses Amount Claimed' in Boxes C125D	[C130] should equal the sum of all iterations of [C125D]
[CTC]/GroupReliefForCarriedForwardLosses/ClaimAuthorisation/CopyOfNoticesOfConsentAttached	[SC172]	9552	If 'Copy of notices of consent' is completed then a PDF attachment of type 'Other' must be included	If [SC172] is 'yes' then there must be a PDF attachment of type 'other' in this submission.
[CTC]/GroupReliefForCarriedForwardLosses/ClaimAuthorisation/CopyOfNoticesOfConsentAttached	[SC172]	9553	If 'Copy of notices of consent' is completed then Box 312 must be greater than 0 (zero)	[312] should exceed 0 if [SC172] is present
[CTC]/SurrenderedGroupReliefForCarriedForwardLosses/NItradingLosses	[C161]	9181	Box C161 can only be completed if Box 5 is completed	If [C161] is present then [5] must be present
[CTC]/SurrenderedGroupReliefForCarriedForwardLosses/NItradingLosses	[C161]	9182	Box C161 must not be greater than Box C160	[C161] must not exceed [C160]
[CTC]/SurrenderedGroupReliefForCarriedForwardLosses/TotalSurrender	[C185]	9554	Box C185 must equal the sum of Boxes C160, C165, C170, C175 and C180	[C185] should equal the sum of [C160], [C165], [C170], [C175] and [C180]
[CTC]/SurrenderedGroupReliefForCarriedForwardLosses/SurrenderInformation/Company/AccountingPeriod	[C190B]	9555	The 'Accounting period of claimant company' From date in Box C190B must be on or before the return period To date in Box 35	The 'From' date of [C190B] should be on or before [35]
[CTC]/SurrenderedGroupReliefForCarriedForwardLosses/SurrenderInformation/Company/AccountingPeriod	[C190B]	9556	The 'Accounting period of claimant company' in Box C190B must not be longer than 12 months.	The period covered by [C190B] should not be longer than 12 months
[CTC]/SurrenderedGroupReliefForCarriedForwardLosses/SurrenderInformation/Company/AccountingPeriod	[C190B]	9557	The 'Accounting period of claimant company' To date must not be before the From date in Box C190B	The 'To' date of [C190B] should not be before the 'From' date
[CTC]/SurrenderedGroupReliefForCarriedForwardLosses/SurrenderInformation/Company/AccountingPeriod	[C190B]	9558	The 'Accounting period of claimant company' To date in Box C190B must be on or after the return period From date in Box 30	The 'To' date of [C190B] should be on or after [30]
[CTC]/SurrenderedGroupReliefForCarriedForwardLosses/SurrenderInformation/AmountSurrenderedTotal	[C195]	9559	Box C195 must equal the sum of all 'Amount surrendered' in Boxes C190D	[C195] should equal the sum of all iterations of [C190D]
[CTC]/SurrenderedGroupReliefForCarriedForwardLosses/ConsentToSurrender/ConsentOptions/SimplifiedArrangementInForce	[SC188]	9560	If 'Simplified arrangement in force' is completed then Box C195 must be greater than 0 (zero)	[C195] should exceed 0 if [SC188] is present
[CTC]/SurrenderedGroupReliefForCarriedForwardLosses/ConsentToSurrender/ConsentOptions/NoticeOfConsentCompleted	[SC189]	9561	Amounts surrendered as group relief for carried forward losses Declaration must be completed if Notice of consent is completed	[DECLARATION2] should be present if [SC189] is present
[CTC]/SurrenderedGroupReliefForCarriedForwardLosses/ConsentToSurrender/ConsentOptions/NoticeOfConsentCompleted	[SC189]	9562	If 'Simplified arrangement in force' is completed then Box C195 must be greater than 0 (zero)	[C195] should exceed 0 if [SC189] is present
[CTC]/SurrenderedGroupReliefForCarriedForwardLosses/ConsentToSurrender/ConsentOptions/NoticeOfConsentCompleted	[SC189]	9563	Notice of consent completed' must not be Yes if 'Copy of notices of consent attached' is Yes	[SC189] should not be present if [SC190] is present
[CTC]/SurrenderedGroupReliefForCarriedForwardLosses/ConsentToSurrender/ConsentOptions/CopyOfNoticesOfConsentAttached	[SC190]	9564	Copies of notices of consent' must not be completed if 'Amounts surrendered as group relief for carried forward losses Declaration' is completed	[SC190] should not be present if [DECLARATION2] is present
[CTC]/SurrenderedGroupReliefForCarriedForwardLosses/ConsentToSurrender/ConsentOptions/CopyOfNoticesOfConsentAttached	[SC190]	9565	If Amounts surrendered as group relief for carried forward losses 'Copies of notices of consent' is Yes then a PDF attachment of type 'Other' must be included	If [SC190] is 'yes' then there must be a PDF attachment of type 'other' in this submission.
[CTC]/SurrenderedGroupReliefForCarriedForwardLosses/ConsentToSurrender/ConsentOptions/CopyOfNoticesOfConsentAttached	[SC190]	9566	If 'Copy of notices of consent' is Yes then Box C195 must be greater than 0 (zero)	[C195] should exceed 0 if [SC190] is present
[CTC]/SurrenderedGroupReliefForCarriedForwardLosses/ConsentToSurrender/Declaration/CompanyName	[C200]	9567	The company name in Box C200 must equal the company name in Box 1	[C200] should equal [1]
[CTC]/SurrenderedGroupReliefForCarriedForwardLosses/ConsentToSurrender/Declaration/TaxReference	[C205]	9568	The tax reference in Box C205 must equal the tax reference in Box 3	[C205] should equal [3]
[CTC]/SurrenderedGroupReliefForCarriedForwardLosses/ConsentToSurrender/Declaration/AccountingPeriod	[C210/C215]	9569	Details of company surrendering relief Accounting period in Boxes C210 and C215 must match the Accounting period of the return in Boxes 30 and 35	The 'From' and 'To' dates of [C210/C215] should equal [30] and [35] respectively
[CTE]/InformationRequired/Income/Total	[E90]	9614	Box E90 must equal the sum of Boxes E50, E55, E60, E65, E70, E75, E80, E85 and E88	[E90] should equal the sum of [E50], [E55], [E60], [E65], [E70], [E75], [E80], [E85] and [E88]
[CTE]/InformationRequired/Expenditure/TradingCosts	[E95]	9611	Box E50 must be greater than 0 (zero) if Box E95 is completed	[E50] should exceed 0 if [E95] is present
[CTE]/InformationRequired/Expenditure/UKlandBuildings	[E100]	9612	Box E60 must be greater than 0 (zero) if Box E100 is completed	[E60] should exceed 0 if [E100] is present
[CTE]/InformationRequired/Expenditure/Total	[E125]	9615	Box E125 must equal the sum of Boxes E95, E100, E105, E110, E115 and E120	[E125] should equal the sum of [E95], [E100], [E105], [E110], [E115] and [E120]
[CTE]/InformationRequired/Assets/InvestmentsOrLoans/Qualifying	[E180]	9613	Box E180 must not be completed if Box E185 is completed.	[E180] should not be present if [E185] is present
[CTE]/InformationRequired/Assets/LegacyPayments/Payment	[E195]	8026	The postcode in Box E195E must be completed if the overseas indicator in Box E195D is not completed	[E195E] should be present if not ( [E195D] is present )
[CTE]/InformationRequired/Assets/LegacyPayments/Payment/Overseas	[E195E]	8027	The overseas indicator in Box E195E must not be completed if the postcode in Box E195D is completed	[E195E] should not be present if [E195D] is present
[CTE]/InformationRequired/Assets/LegacyPayments/Payment/Date	[E195F]	8028	The date in Box E195F must be on or before the period end date in Box 35	[E195F] is valid only if this is on or before [35]
[CTE]/InformationRequired/Assets/LegacyPayments/Total	[E200]	8029	Box E200 must equal the sum of all legacy amount entries in Box E195G	[E200] must equal the sum of all iterations of [E195G]
[CTE]/InformationRequired/Assets/LegacyPayments/Total	[E200]	8030	Box E88 must be completed if Box E200 is completed	[E88] should be present if [E200] is present
[CTE]/InformationRequired/Assets/LegacyPayments/Total	[E200]	8083	Box E200 is valid only if this equals Box E88	[E200] is valid only if this equals [E88]
[CTF]/TonnageTax	[TONNAGETAX]	9650	Supplementary form CT600F can only be present if at least one of 'Part 3 Relevant shipping profits' or 'Part 4: Computation of tonnage tax profits' is completed	[QUALIFYINGSHIPS] or [RELEVANTSHIPPINGPROFITS] should be present if [TONNAGETAX] is present
[CTF]/TonnageTax/Information	[INFORMATION]	9664	Box F35A or F35B must be completed if Box F30A is Yes	[F35A/F35B] should be present if [F30A/F30B/F30C] equals 'yes'
[CTF]/TonnageTax/Information/TonnageGroup/GroupElection	[F5A/F5B]	9651	Box F10 must be completed if Box F5A is Yes	[F10] should be present if [F5A/F5B] equals 'yes'
[CTF]/TonnageTax/Information/TonnageGroup/GroupElection	[F5A/F5B]	9652	Box F25A, F25B of F25C must be completed if Box F5A is Yes	[F25A/F25B/F25C] should be present if [F5A/F5B] equals 'yes'
[CTF]/TonnageTax/Information/TonnageGroup/Name	[F10]	9653	Box F10 must not be completed if Box F5B is No	[F10] should not be present if [F5A/F5B] equals 'no'
[CTF]/TonnageTax/Information/CompanyMetCharteredInLimit	[F20A/F20B/F20C]	9656	If Box F5A is Yes then Box F20C must be Not applicable	[F20A/F20B/F20C] should equal 'na' if [F5A/F5B] equals 'yes'
[CTF]/TonnageTax/Information/GroupMetCharteredInLimit	[F25A/F25B/F25C]	9659	Boxes F25A, F25B or F25C must not be completed if Box F5B is No	[F25A/F25B/F25C] should not be present if [F5A/F5B] equals 'no'
[CTF]/TonnageTax/Information/NotRegistered	[F30A/F30B/F30C]	9464	If the return period start date in Box 30 is on or after 01/04/2022 then Boxes F30A and F30B must not be completed	If [30] onOrAfter '2022-04-01' then [F30A/F30B/F30C] may not be 'yes' or 'no'
[CTF]/TonnageTax/Information/Flagging	[F35A/F35B]	9665	Boxes F35A or F35B must not be completed unless F30A is Yes.	[F35A/F35B] should not be present if [F30A/F30B/F30C] does not equal 'yes'
[CTF]/TonnageTax/Information/OffshoreActivities	[F40A/F40B]	9660	Part 2 Offshore training allowance must be completed if Box F40A is Yes	[OFFSHORETRAININGALLOWANCE] should be present if [F40A/F40B] equals 'yes'
[CTF]/TonnageTax/OffshoreTrainingAllowance	[OFFSHORETRAININGALLOWANCE]	9666	Part 2 Offshore training allowance must not be present if Box F40B is No	[OFFSHORETRAININGALLOWANCE] should not be present if [F40A/F40B] equals 'no'
[CTF]/TonnageTax/QualifyingShips/Total	[F70]	9663	Box F70 must equal the sum of 'Tonnage Tax profits' in boxes 70G rounded down to the nearest whole pound.	[F70] should equal ( the sum of all iterations of [F70G] ) rounded down to the nearest whole pound
[CTG]/Trading	[TRADINGG]	9184	Box G20 must be completed if Box G5 is completed	[G20C] should be present if [G5C] is positive.
[CTG]/Trading/Profits/Total	[G5C]	9187	Box G5C can only be completed if Box 155 is completed	If [G5C] is present then [155] should be present
[CTG]/Trading/Profits/Total	[G5C]	9189	Box G5C can only be completed if Box G5A or Box G5B are completed	If [G5C] is present, at least one of [G5A] or [G5B] should be present
[CTG]/Trading/Profits/Total	[G5C]	9191	Box G5C must equal the sum of Boxes G5A and G5B	[G5C] should equal [G5A] plus [G5B].
[CTG]/Trading/Profits/Total	[G5C]	9192	Box G5C must equal Box 155	[G5C] should equal [155].
[CTG]/Trading/LossesBroughtForward/Total	[G10C]	9194	Box G10C can only be completed if Box 160 is completed	If [G10C] is present, [160] should be present.
[CTG]/Trading/LossesBroughtForward/Total	[G10C]	9196	Box G10C can only be completed if Box G10A or Box G10B are completed	If [G10C] is present then [G10A] or [G10B] should be present.
[CTG]/Trading/LossesBroughtForward/Total	[G10C]	9205	Box G10C must equal the sum of Boxes G10A and G10B	[G10C] should equal [G10A] plus [G10B].
[CTG]/Trading/LossesBroughtForward/Total	[G10C]	9215	Box G10C must equal Box 160	[G10C] should equal [160]
[CTG]/Trading/LossesBroughtForward/Total	[G10C]	9217	Box G10C must not exceed Box G5C	[G10C] should not exceed [G5C].
[CTG]/Trading/LossesBroughtForwardUsed/Total	[G15C]	9219	Box G15C must equal Box G15B	[G15C] is valid only if this equals [G15B]
[CTG]/Trading/NetProfits/Total	[G20C]	9243	Box G20C can only be completed if Box 165 is completed	If [G20C] is present, [165] should be present
[CTG]/Trading/NetProfits/Total	[G20C]	9253	Box G20C can only be completed if Box G20A or Box G20B are completed	If [G20C] is present then [G20A] or [G20B] should be present
[CTG]/Trading/NetProfits/Total	[G20C]	9255	Box G20C must equal Box G5C minus Box G10C	[G20C] should equal [G5C] minus [G10C]
[CTG]/Trading/NetProfits/Total	[G20C]	9256	Box G20C must equal Box 165	[G20C] should equal [165]
[CTG]/TotalProfits/NonTradeProfitsAndGains/Total	[G25C]	9259	Box G25C must equal Box G25B	[G25C] should equal [G25B]
[CTG]/TotalProfits/TotalProfitsAndGains/Total	[G30C]	9262	Box G30C can only be completed if Box G30A or Box G30B are completed	If [G30C] is present, [G30A] or [G30B] should be present
[CTG]/TotalProfits/TotalProfitsAndGains/Total	[G30C]	9265	Box G30C must equal the sum of Boxes G30A and G30B	[G30C] should equal [G30A] plus [G30B].
[CTG]/TotalProfits/TotalProfitsAndGains/Total	[G30C]	9266	Box G45C must be completed if Box G30C is greater than zero	[G45C] should be present if [G30C] exceeds 0
[CTG]/ProfitsBeforeDeductions/LossesBroughtForward/Total	[G35C]	9292	Box G35C can only be completed if Box 225 is completed	If [G35C] is present, [225] should be present
[CTG]/ProfitsBeforeDeductions/LossesBroughtForward/Total	[G35C]	9293	Box G35C must equal Box G35B	[G35C] should equal [G35B]
[CTG]/ProfitsBeforeDeductions/LossesBroughtForward/Total	[G35C]	9090	Box G35C must equal Box 225	[G35C] should equal [225]
[CTG]/ProfitsBeforeDeductions/DeficitsBroughtForward/Total	[G40C]	9091	Box G40C can only be completed if Box 230 is completed	If [G40C] is present, [230] should be present
[CTG]/ProfitsBeforeDeductions/DeficitsBroughtForward/Total	[G40C]	9092	Box G40C must equal Box G40B	[G40C] should equal [G40B]
[CTG]/ProfitsBeforeDeductions/DeficitsBroughtForward/Total	[G40C]	9093	Box G40C must equal Box 230	[G40C] should equal [230]
[CTG]/ProfitsBeforeDeductions/ProfitsBeforeOtherDeductionsAndReliefs/NorthernIreland	[G45A]	9095	Box G45A must equal Box G30A	[G45A] should equal [G30A]
[CTG]/ProfitsBeforeDeductions/ProfitsBeforeOtherDeductionsAndReliefs/RestOfUK	[G45B]	9096	Box G45B must equal Box G30B minus the sum of Boxes G35B and G40B	[G45B] must equal [G30B] minus ([G35B] plus [G40B])
[CTG]/ProfitsBeforeDeductions/ProfitsBeforeOtherDeductionsAndReliefs/Total	[G45C]	9097	Box G45C can only be completed if Box 235 is completed	If [G45C] is present, [235] should be present
[CTG]/ProfitsBeforeDeductions/ProfitsBeforeOtherDeductionsAndReliefs/Total	[G45C]	9098	Box G45C can only be completed if Box G45A or Box G45B are completed	If [G45C] is present, [G45A] or [G45B] should be present
[CTG]/ProfitsBeforeDeductions/ProfitsBeforeOtherDeductionsAndReliefs/Total	[G45C]	9280	Box G45C must equal Box G30C minus the sum of Boxes G35C and G40C	[G45C] must equal [G30C] minus ([G35C] plus [G40C])
[CTG]/ProfitsBeforeDeductions/ProfitsBeforeOtherDeductionsAndReliefs/Total	[G45C]	9294	Box G45C must equal Box 235	[G45C] should equal [235]
[CTG]/ProfitsBeforeDeductions/ProfitsBeforeOtherDeductionsAndReliefs/Total	[G45C]	9295	Box G105C must be completed if Box G45C is greater than zero	[G105C] should be present if [G45C] exceeds 0
[CTG]/DeductionsAndReliefs	[DEDUCTIONSANDRELIEFSG]	9297	Box G100C must be completed if the sum of Boxes G50C, G55C, G60C, G65C, G70C, G73C, G75C, G80C, G92C, and G95C is greater than zero	[G100C] should be present if ( the sum of [G50C], [G55C], [G60C], [G65C], [G70C], [G73C], [G75C], [G80C], [G92C], and [G95C] ) exceeds 0
[CTG]/DeductionsAndReliefs	[DEDUCTIONSANDRELIEFSG]	9298	Box G120C must be completed if Box G105C is greater than zero	[G120C] should be present if [G105C] exceeds 0
[CTG]/DeductionsAndReliefs/LossesUnquotedShares/Total	[G50C]	9299	Box G50C can only be completed if Box 240 is completed	If [G50C] is present, [240] should be present
[CTG]/DeductionsAndReliefs/LossesUnquotedShares/Total	[G50C]	9311	Box G50C can only be completed if Box G50A or Box G50B are completed	If [G50C] is present, [G50A] or [G50B] should be present
[CTG]/DeductionsAndReliefs/LossesUnquotedShares/Total	[G50C]	9317	Box G50C must equal the sum of Boxes G50A and G50B	[G50C] should equal [G50A] plus [G50B]
[CTG]/DeductionsAndReliefs/LossesUnquotedShares/Total	[G50C]	9402	Box G50C must equal Box 240	[G50C] should equal [240].
[CTG]/DeductionsAndReliefs/ManagementExpenses/Total	[G55C]	9410	Box G55C can only be completed if Box 245 is completed	If [G55C] is present, [245] should be present
[CTG]/DeductionsAndReliefs/ManagementExpenses/Total	[G55C]	9441	Box G55C can only be completed if Box G55A or Box G55B are completed	If [G55C] is present, [G55A] or [G55B] should be present
[CTG]/DeductionsAndReliefs/ManagementExpenses/Total	[G55C]	9442	Box G55C must equal the sum of Boxes G55A and G55B	[G55C] should equal [G55A] plus [G55B]
[CTG]/DeductionsAndReliefs/ManagementExpenses/Total	[G55C]	9443	Box G55C must equal Box 245	[G55C] should equal [245].
[CTG]/DeductionsAndReliefs/UKpropertyBusinessLosses/Total	[G60C]	9444	Box G60C can only be completed if Box 250 is completed	If [G60C] is present, [250] should be present
[CTG]/DeductionsAndReliefs/UKpropertyBusinessLosses/Total	[G60C]	9445	Box G60C can only be completed if Box G60A or Box G60B are completed	If [G60C] is present, [G60A] or [G60B] should be present
[CTG]/DeductionsAndReliefs/UKpropertyBusinessLosses/Total	[G60C]	9446	Box G60C must equal the sum of Boxes G60A and G60B	[G60C] should equal [G60A] plus [G60B]
[CTG]/DeductionsAndReliefs/UKpropertyBusinessLosses/Total	[G60C]	9447	Box G60C must equal Box 250	[G60C] should equal [250].
[CTG]/DeductionsAndReliefs/CapitalAllowancesManagement/Total	[G65C]	9448	Box G65C can only be completed if Box 255 is completed	If [G65C] is present, [255] should be present
[CTG]/DeductionsAndReliefs/CapitalAllowancesManagement/Total	[G65C]	9449	Box G65C can only be completed if Box G65A or Box G65B are completed	If [G65C] is present, [G65A] or [G65B] should be present
[CTG]/DeductionsAndReliefs/CapitalAllowancesManagement/Total	[G65C]	9530	Box G65C must equal the sum of Boxes G65A and G65B	[G65C] should equal [G65A] plus [G65B].
[CTG]/DeductionsAndReliefs/CapitalAllowancesManagement/Total	[G65C]	9531	Box G65C must equal Box 255	[G65C] should equal [255].
[CTG]/DeductionsAndReliefs/NonTradeDeficits/Total	[G70C]	9532	Box G70C can only be completed if Box 260 is completed	If [G70C] is present, [260] should be present
[CTG]/DeductionsAndReliefs/NonTradeDeficits/Total	[G70C]	9533	Box G70C can only be completed if Box G70A or Box G70B are completed	If [G70C] is present, [G70A] or [G70B] should be present
[CTG]/DeductionsAndReliefs/NonTradeDeficits/Total	[G70C]	9534	Box G70C must equal the sum of Boxes G70A and G70B	[G70C] should equal [G70A] plus [G70B].
[CTG]/DeductionsAndReliefs/NonTradeDeficits/Total	[G70C]	9535	Box G70C must equal Box 260	[G70C] should equal [260].
[CTG]/DeductionsAndReliefs/CarriedForwardNonTradeDeficits/Total	[G73C]	9536	Box G73C can only be completed if Box 263 is completed	If [G73C] is present, [263] should be present
[CTG]/DeductionsAndReliefs/CarriedForwardNonTradeDeficits/Total	[G73C]	9537	Box G73C can only be completed if Box G73A or Box G73B are completed	If [G73C] is present, [G73A] or [G73B] should be present
[CTG]/DeductionsAndReliefs/CarriedForwardNonTradeDeficits/Total	[G73C]	9538	Box G73C must equal the sum of Boxes G73A and G73B	[G73C] should equal [G73A] plus [G73B].
[CTG]/DeductionsAndReliefs/CarriedForwardNonTradeDeficits/Total	[G73C]	9539	Box G73C must equal Box 263	[G73C] should equal [263].
[CTG]/DeductionsAndReliefs/NonTradingLossIntangibles/Total	[G75C]	9540	Box G75C can only be completed if Box 265 is completed	If [G75C] is present, [265] should be present
[CTG]/DeductionsAndReliefs/NonTradingLossIntangibles/Total	[G75C]	9541	Box G75C can only be completed if Box G75A or Box G75B are completed	If [G75C] is present, [G75A] or [G75B] should be present
[CTG]/DeductionsAndReliefs/NonTradingLossIntangibles/Total	[G75C]	9542	Box G75C must equal the sum of Boxes G75A and G75B	[G75C] should equal [G75A] plus [G75B].
[CTG]/DeductionsAndReliefs/NonTradingLossIntangibles/Total	[G75C]	9570	Box G75C must equal Box 265	[G75C] should equal [265].
[CTG]/DeductionsAndReliefs/TradingLosses/Total	[G80C]	9571	Box G80C can only be completed if Box 275 is completed	If [G80C] is present, [275] should be present
[CTG]/DeductionsAndReliefs/TradingLosses/Total	[G80C]	9572	Box G80C can only be completed if Box G80A or Box G80B are completed	If [G80C] is present, [G80A] or [G80B] should be present
[CTG]/DeductionsAndReliefs/TradingLosses/Total	[G80C]	9573	Box G80C must equal the sum of Boxes G80A and G80B	[G80C] should equal [G80A] plus [G80B]
[CTG]/DeductionsAndReliefs/TradingLosses/Total	[G80C]	9574	Box G80C must equal Box 275	[G80C] should equal [275].
[CTG]/DeductionsAndReliefs/TradingLossesUsed/Total	[G85C]	9575	Box G85C must equal Box G85B	[G85C] should equal [G85B].
[CTG]/DeductionsAndReliefs/TradingLossesCarriedBack	[G90]	9576	Box G90 can only be completed if Box 280 is completed	If [G90] is present, [280] should be present
[CTG]/DeductionsAndReliefs/TradingLossesCarriedForward/Total	[G92C]	9577	Box G92C can only be completed if Box 285 is completed	If [G92C] is present, [285] should be present
[CTG]/DeductionsAndReliefs/TradingLossesCarriedForward/Total	[G92C]	9578	Box G92C can only be completed if Box G92A or Box G92B are completed	If [G92C] is present, [G92A] or [G92B] should be present
[CTG]/DeductionsAndReliefs/TradingLossesCarriedForward/Total	[G92C]	9579	Box G92C must equal the sum of Boxes G92A and G92B	[G92C] should equal [G92A] plus [G92B]
[CTG]/DeductionsAndReliefs/TradingLossesCarriedForward/Total	[G92C]	9580	Box G92C must equal Box 285	[G92C] should equal [285].
[CTG]/DeductionsAndReliefs/TradingLossesCarriedForwardUsed/Total	[G93C]	9581	Box G93C must equal Box G93B	[G93C] should equal [G93B].
[CTG]/DeductionsAndReliefs/NonTradeCapitalAllowances/Total	[G95C]	9582	Box G95C can only be completed if Box 290 is completed	If [G95C] is present, [290] should be present
[CTG]/DeductionsAndReliefs/NonTradeCapitalAllowances/Total	[G95C]	9583	Box G95C can only be completed if Box G95A or Box G95B are completed	If [G95C] is present, [G95A] or [G95B] should be present
[CTG]/DeductionsAndReliefs/NonTradeCapitalAllowances/Total	[G95C]	9584	Box G95C must equal the sum of Boxes G95A and G95B	[G95C] should equal [G95A] plus [G95B]
[CTG]/DeductionsAndReliefs/NonTradeCapitalAllowances/Total	[G95C]	9585	Box G95C must equal Box 290	[G95C] should equal [290].
[CTG]/DeductionsAndReliefs/TotalOfDeductionsAndReliefs/Total	[G100C]	9586	Box G100C can only be completed if Box 295 is completed	If [G100C] is present, [295] should be present
[CTG]/DeductionsAndReliefs/TotalOfDeductionsAndReliefs/Total	[G100C]	9587	Box G100C can only be completed if Box G100A or Box G100B are completed	If [G100C] is present, [G100A] or [G100B] should be present
[CTG]/DeductionsAndReliefs/TotalOfDeductionsAndReliefs/Total	[G100C]	9588	Box G100C must equal the sum of Boxes G50C, G55C, G60C, G65C, G70C, G73C, G75C, G80C, G92C and G95C	[G100C] must equal the sum of [G50C], [G55C], [G60C], [G65C], [G70C], [G73C], [G75C], [G80C], [G92C] and [G95C]
[CTG]/DeductionsAndReliefs/TotalOfDeductionsAndReliefs/Total	[G100C]	9589	Box G100C must equal Box 295	[G100C] should equal [295].
[CTG]/DeductionsAndReliefs/TotalOfDeductionsAndReliefs/Total	[G100C]	9590	Box G100C must equal the sum of Boxes G100A and G100B	[G100C] should equal [G100A] plus [G100B]
[CTG]/DeductionsAndReliefs/ProfitsBeforeDonationsAndGroupRelief/Total	[G105C]	9591	Box G105C can only be completed if Box 300 is completed	If [G105C] is present, [300] should be present
[CTG]/DeductionsAndReliefs/ProfitsBeforeDonationsAndGroupRelief/Total	[G105C]	9592	Box G105C can only be completed if Box G105A or Box G105B are completed	If [G105C] is present, [G105A] or [G105B] should be present
[CTG]/DeductionsAndReliefs/ProfitsBeforeDonationsAndGroupRelief/Total	[G105C]	9593	Box G105C must equal Box G45C minus Box G100C	[G105C] must equal [G45C] minus [G100C]
[CTG]/DeductionsAndReliefs/ProfitsBeforeDonationsAndGroupRelief/Total	[G105C]	9594	Box G105C must equal Box 300	[G105C] should equal [300].
[CTG]/DeductionsAndReliefs/ProfitsBeforeDonationsAndGroupRelief/Total	[G105C]	9595	Box G105C must equal the sum of Boxes G105A and G105B	[G105C] should equal [G105A] plus [G105B]
[CTG]/DeductionsAndReliefs/QualifyingDonations/Total	[G110C]	9596	Box G110C can only be completed if Box 305 is completed	If [G110C] is present, [305] should be present
[CTG]/DeductionsAndReliefs/QualifyingDonations/Total	[G110C]	9597	Box G110C can only be completed if Box G110A or Box G110B are completed	If [G110C] is present, [G110A] or [G110B] should be present
[CTG]/DeductionsAndReliefs/QualifyingDonations/Total	[G110C]	9598	Box G110C must equal the sum of Boxes G110A and G110B	[G110C] should equal [G110A] plus [G110B]
[CTG]/DeductionsAndReliefs/QualifyingDonations/Total	[G110C]	9599	Box G110C must equal Box 305	[G110C] should equal [305].
[CTG]/DeductionsAndReliefs/GroupRelief/Total	[G115C]	9701	Box G115C can only be completed if Box 310 is completed	If [G115C] is present, [310] should be present
[CTG]/DeductionsAndReliefs/GroupRelief/Total	[G115C]	9702	Box G115C can only be completed if Box G115A or Box G115B are completed	If [G115C] is present, [G115A] or [G115B] should be present
[CTG]/DeductionsAndReliefs/GroupRelief/Total	[G115C]	9703	Box G115C must equal the sum of Boxes G115A and G115B	[G115C] should equal [G115A] plus [G115B]
[CTG]/DeductionsAndReliefs/GroupRelief/Total	[G115C]	9704	Box G115C must equal Box 310	[G115C] should equal [310].
[CTG]/DeductionsAndReliefs/GroupReliefForCarriedForwardLosses/Total	[G117C]	9705	Box G117C can only be completed if Box 312 is completed	If [G117C] is present, [312] should be present
[CTG]/DeductionsAndReliefs/GroupReliefForCarriedForwardLosses/Total	[G117C]	9706	Box G117C can only be completed if Box G117A or Box G117B are completed	If [G117C] is present, [G117A] or [G117B] should be present
[CTG]/DeductionsAndReliefs/GroupReliefForCarriedForwardLosses/Total	[G117C]	9707	Box G117C must equal the sum of Boxes G117A and G117B	[G117C] should equal [G117A] plus [G117B]
[CTG]/DeductionsAndReliefs/GroupReliefForCarriedForwardLosses/Total	[G117C]	9708	Box G117C must equal Box 312	[G117C] should equal [312].
[CTG]/DeductionsAndReliefs/ChargeableProfits/Total	[G120C]	9709	Box G120C can only be completed if Box G120A or Box G120B are completed	If [G120C] is present, [G120A] or [G120B] should be present
[CTG]/DeductionsAndReliefs/ChargeableProfits/Total	[G120C]	9808	Box G120C must equal Box G105C minus (the sum of Boxes G110C, G115C and G117C)	[G120C] must equal [G105C] minus (the sum of [G110C], [G115C], and [G117C])
[CTG]/DeductionsAndReliefs/ChargeableProfits/Total	[G120C]	9809	Box G120C must equal Box 315	[G120C] should equal [315].
[CTG]/DeductionsAndReliefs/ChargeableProfits/Total	[G120C]	9810	Box G120C must equal the sum of Boxes G120A and G120B	[G120C] should equal [G120A] plus [G120B]
[CTG]/TaxReconciliation	[TAXRECONCILIATION]	9811	Box G135C must be completed if the sum of Boxes G125C and G130C is greater than zero	[G135C] should be present if ( [G125C] plus [G130C] ) exceeds 0
[CTG]/TaxReconciliation	[TAXRECONCILIATION]	9812	Box G150C must be completed if the sum of Boxes G140C and G145C is greater than zero	[G150C] should be present if ( [G140C] plus [G145C] ) exceeds 0
[CTG]/TaxReconciliation/ResearchAndDevelopmentCredit/Total	[G125C]	9820	Box G125C can only be completed if Box 530 is completed	If [G125C] is present, [530] should be present
[CTG]/TaxReconciliation/ResearchAndDevelopmentCredit/Total	[G125C]	9821	Box G125C can only be completed if Box G125A or Box G125B are completed	If [G125C] is present, [G125A] or [G125B] should be present
[CTG]/TaxReconciliation/ResearchAndDevelopmentCredit/Total	[G125C]	9822	Box G125C must equal the sum of Boxes G125A and G125B	[G125C] should equal [G125A] plus [G125B]
[CTG]/TaxReconciliation/ResearchAndDevelopmentCredit/Total	[G125C]	9823	Box G125C must equal Box 530	[G125C] should equal [530].
[CTG]/TaxReconciliation/CreativeCredit/Total	[G130C]	9824	Box G130C can only be completed if Box 540 is completed	If [G130C] is present, [540] should be present
[CTG]/TaxReconciliation/CreativeCredit/Total	[G130C]	9825	Box G130C can only be completed if Box G130A or Box G130B are completed	If [G130C] is present, [G130A] or [G130B] should be present
[CTG]/TaxReconciliation/CreativeCredit/Total	[G130C]	9826	Box G130C must equal the sum of Boxes G130A and G130B	[G130C] should equal [G130A] plus [G130B]
[CTG]/TaxReconciliation/CreativeCredit/Total	[G130C]	9827	Box G130C must equal Box 540	[G130C] should equal [540].
[CTG]/TaxReconciliation/ResearchAndDevelopmentOrCreativeTaxCredit/Total	[G135C]	9828	Box G135C can only be completed if Box 545 is completed	If [G135C] is present, [545] should be present
[CTG]/TaxReconciliation/ResearchAndDevelopmentOrCreativeTaxCredit/Total	[G135C]	9829	Box G135C can only be completed if Box G135A or Box G135B are completed	If [G135C] is present, [G135A] or [G135B] should be present
[CTG]/TaxReconciliation/ResearchAndDevelopmentOrCreativeTaxCredit/Total	[G135C]	9830	Box G135C must equal the sum of Boxes G125C and G130C	[G135C] should equal [G125C] plus [G130C]
[CTG]/TaxReconciliation/ResearchAndDevelopmentOrCreativeTaxCredit/Total	[G135C]	9831	Box G135C must equal Box 545	[G135C] should equal [545].
[CTG]/TaxReconciliation/ResearchAndDevelopmentOrCreativeTaxCredit/Total	[G135C]	9832	Box G135C must equal the sum of Boxes G135A and G135B	[G135C] should equal [G135A] plus [G135B]
[CTG]/TaxReconciliation/LandRemediationCredit/Total	[G140C]	9833	Box G140C can only be completed if Box 550 is completed	If [G140C] is present, [550] should be present
[CTG]/TaxReconciliation/LandRemediationCredit/Total	[G140C]	9834	Box G140C can only be completed if Box G140A or Box G140B are completed	If [G140C] is present, [G140A] or [G140B] should be present
[CTG]/TaxReconciliation/LandRemediationCredit/Total	[G140C]	9835	Box G140C must equal the sum of Boxes G140A and G140B	[G140C] should equal [G140A] plus [G140B]
[CTG]/TaxReconciliation/LandRemediationCredit/Total	[G140C]	9957	Box G140C must equal Box 550	[G140C] should equal [550].
[CTG]/TaxReconciliation/LifeAssuranceCompanyCredit/Total	[G145C]	9958	Box G145C can only be completed if Box 555 is completed	If [G145C] is present, [555] should be present
[CTG]/TaxReconciliation/LifeAssuranceCompanyCredit/Total	[G145C]	9959	Box G145C must equal box G145B	[G145C] should equal [G145B].
[CTG]/TaxReconciliation/LifeAssuranceCompanyCredit/Total	[G145C]	9960	Box G145C must equal Box 555	[G145C] should equal [555].
[CTG]/TaxReconciliation/TotalLandAndLifeCredit/NorthernIreland	[G150A]	9962	Box G150A must equal Box G140A	[G150A] should equal [G140A].
[CTG]/TaxReconciliation/TotalLandAndLifeCredit/Total	[G150C]	9963	Box G150C can only be completed if Box 560 is completed	If [G150C] is present, [560] should be present
[CTG]/TaxReconciliation/TotalLandAndLifeCredit/Total	[G150C]	9967	Box G150C can only be completed if Box G150A or Box G150B are completed	If [G150C] is present, [G150A] or [G150B] should be present
[CTG]/TaxReconciliation/TotalLandAndLifeCredit/Total	[G150C]	9968	Box G150C must equal the sum of Boxes G140C and G145C	[G150C] should equal [G140C] plus [G145C]
[CTG]/TaxReconciliation/TotalLandAndLifeCredit/Total	[G150C]	9969	Box G150C must equal Box 560	[G150C] should equal [560].
[CTG]/TaxReconciliation/TotalLandAndLifeCredit/Total	[G150C]	9964	Box G150C must equal the sum of Boxes G150A and G150B	[G150C] should equal [G150A] plus [G150B]
[CTG]/TaxReconciliation/CapitalAllowancesFirstYearCredit	[G155]	9414	Box G155 can only be completed if the date in box 30 is on or before 31 March 2020	[G155] can only be present if [30] on or before '2020-03-31'
[CTG]/TaxReconciliation/CapitalAllowancesFirstYearCredit/Total	[G155C]	9972	Box G155C can only be completed if Box 565 is completed	If [G155C] is present, [565] should be present
[CTG]/TaxReconciliation/CapitalAllowancesFirstYearCredit/Total	[G155C]	9977	Box G155C can only be completed if Box G155A or Box G155B are completed	If [G155C] is present, [G155A] or [G155B] should be present
[CTG]/TaxReconciliation/CapitalAllowancesFirstYearCredit/Total	[G155C]	9978	Box G155C must equal the sum of Boxes G155A and G155B	[G155C] should equal [G155A] plus [G155B]
[CTG]/TaxReconciliation/CapitalAllowancesFirstYearCredit/Total	[G155C]	9979	Box G155C must equal Box 565	[G155C] should equal [565].
[CTG]/LossesDeficitsAndExcess/LossesOfTradesUK/Total	[G165C]	9980	Box G165C can only be completed if Box 780 is completed	If [G165C] is present, the 'Arising' element of [780/785] should be present
[CTG]/LossesDeficitsAndExcess/LossesOfTradesUK/Total	[G165C]	9981	Box G165C can only be completed if Box G165A or Box G165B are completed	If [G165C] is present, [G165A] or [G165B] should be present
[CTG]/LossesDeficitsAndExcess/LossesOfTradesUK/Total	[G165C]	9982	Box G165C must equal the sum of Boxes G165A and G165B	[G165C] should equal [G165A] plus [G165B]
[CTG]/LossesDeficitsAndExcess/LossesOfTradesUK/Total	[G165C]	9983	Box G165C must equal Box 780	[G165C] must equal the 'Arising' element of [780/785].
[CTG]/LossesDeficitsAndExcess/LossesOfTradesOutsideUK/Total	[G170C]	9984	Box G170C can only be completed if Box 790 is completed	If [G170C] is present, [790] should be present
[CTG]/LossesDeficitsAndExcess/LossesOfTradesOutsideUK/Total	[G170C]	9985	Box G170C must equal Box G170B	[G170C] should equal [G170B].
[CTG]/LossesDeficitsAndExcess/LossesOfTradesOutsideUK/Total	[G170C]	9986	Box G170C must equal Box 790	[G170C] should equal [790].
[CTG]/Indicators/BackOfficeActivities	[G175]	9987	Box G175 can only be completed if Box 8 is completed	If [G175] is present, [8] should be present
[CTG]/Indicators/SMEelectionIntoLargeCompanyRegime	[G185]	9988	Box G185 can only be completed if Box 8 is completed	If [G185] is present, [8] should be present
[CTH]/Royalties/DeductionAmount	[H5G]	9750	All 'Amount of tax deducted from payment' amounts in Boxes H5G must equal 'Gross Amount of Royalty paid' in Boxes H5D multiplied by 'Rate of tax deducted from payment' in Boxes H5F divided by 100 and rounded to the nearest penny (round down for fractions less than half a penny and round up for fractions of half a penny or greater).	For each iteration of [ROYALTIES], [H5G] must equal [H5D] multiplied by ( [H5F] divided by 100 ) and rounded to the nearest penny (round down for fractions less than half a penny, and round up for fractions of half a penny or greater)
[CTI]		9800	Box I70 must be completed if Box I65 is greater than 0 (zero)	[I70] should be present if [I65] exceeds 0
[CTI]		9801	Box I75 must be completed if Box I15 is completed and Box I5 minus Box I20 is greater than 0 (zero).	[I75] should be present if [I15] equals 'yes' and ( [I5] minus [I20] ) exceeds 0
[CTI]/CalculationOfSupplementaryCharge/DisallowedFinancingCosts/Total	[I30]	9802	Box I30 must equal the sum of Boxes I20 and I25	[I30] should equal [I20] plus [I25]
[CTI]/CalculationOfSupplementaryCharge/Profits	[I35]	9803	If Box I10 is completed then Box I35 must equal the sum of Boxes I5 and I30	[I35] should equal [I5] plus [I30] if [I10] equals 'yes'
[CTI]/CalculationOfSupplementaryCharge/Profits	[I35]	9804	If Box I5 is completed then Box I35 must equal Box I30 minus Box I5. If the result is negative please enter 0 (zero).	If [I15] is 'yes' then [I35] must equal [I30] minus [I5] if the sum is positive, or zero otherwise.
[CTI]/CalculationOfSupplementaryCharge/MinusLosses	[I50]	9805	Box I50 must not be greater than Box I35	[I50] should not exceed [I35]
[CTI]/CalculationOfSupplementaryCharge/FieldAllowance	[I60]	9816	Box I60 must not be greater than Box I35 minus Box I50	[I60] should not exceed [I35] minus [I50]
[CTI]/CalculationOfSupplementaryCharge/NetProfits	[I65]	9817	Box I65 must equal Box I45 minus the sum of Boxes I50, I55 and I60	[I65] should equal [I45] minus the sum of [I50], [I55] and [I60]
[CTI]/CalculationOfSupplementaryCharge/Tax	[I70]	9807	If Box I70 is completed then Box 505 must be completed and equal to Box I70	[505] should be present and equal to [I70] if [I70] is present
[CTI]/CalculationOfSupplementaryCharge/Tax	[I70]	9819	If the ring fence supplementary charge rate changes in the accounting period of the return then Box I70 must be calculated as follows. Part1 equals the number of days from the return period From date in Box 30 to the date the rate changed multiplied by Box I65 and divided by the number of days in the accounting period of the return. If the pence figure is equal to or greater than 50p then round Part1 up otherwise round down, to the nearest whole pound. Part2 equals Box I65 minus Part1. Multiply each Part by the applicable ring fence supplementary charge rate and add together	If [RF-SUPPLEMENTARY-CHARGE-RATE] changes in the period [30] to [35] inclusive: let part1 = (the number of days from [30] to the end of the old rate inclusive, multiplied by [I65] and divided by number of days from [30] to [35] inclusive); let part2 = [I65] minus part1; [I70] must equal part1 at the former value of [RF-SUPPLEMENTARY-CHARGE-RATE] + part2 at the latter value of [RF-SUPPLEMENTARY-CHARGE-RATE]To round part1: If the pence figure is equal to or greater than 50p then round part1 up, otherwise round part1 down, to the nearest whole pound.
[CTI]/CalculationOfSupplementaryCharge/Tax	[I70]	9818	If the ring fence supplementary charge rate does not change in the accounting period of the return then Box I70 must equal Box I65 multiplied by the ring fence supplementary charge rate for that period	If [RF-SUPPLEMENTARY-CHARGE-RATE] does not change in the period [30] to [35] inclusive: [I70] should equal [I65] at [RF-SUPPLEMENTARY-CHARGE-RATE] for that period
[CTI]/NetRingFenceTrade/RingFenceCorpTaxIncluded	[I80]	9813	If Box I80 is completed then Box 585 must be completed and equal to Box I80	[585] must be present and equal to [I80] if [I80] is present
[CTI]/NetRingFenceTrade/SupplementaryChargeTax	[I85]	9814	If Box I85 is completed then Box 590 must be completed and equal to Box I85	[590] must be present and equal to [I85] if [I85] is present
[CTI]/TransferredTaxHistory	[TRANSFERREDTAXHISTORY]	9328	[ASSETINFORMATION] must be completed if Box I90 is completed.	At least one occurrence of [ASSETINFORMATION] should be present if [I90] is present
[CTI]/TransferredTaxHistory	[TRANSFERREDTAXHISTORY]	9329	[ASSETINFORMATION] must be completed if Box I100 is completed.	At least one occurrence of [ASSETINFORMATION] should be present if [I100] is present
[CTI]/TransferredTaxHistory/ElectionToTransfer	[ELECTIONTOTRANSFER]	9330	If [ELECTIONTOTRANSFER] is completed at least one of the following Boxes must be completed: I90 , I95, I100 and I105.	If [ELECTIONTOTRANSFER] is present at least one of [I90], [I95], [I100] or [I105] should be present
[CTI]/TransferredTaxHistory/AssetInformation/AssetReference	[I115]	9475	Asset Reference (Box I115) must be unique within the submission.	[I115] must be unique within the submission.
[CTI]/TransferredTaxHistory/AssetInformation/TrackingOfTransferredTaxHistory/RingFenceCorporationTax/AmountCarriedForward	[I135D]	9476	The PROFITS in Box I135D should equal the PROFITS of Box I135A minus the PROFITS of Boxes I135B and Box I135C.	The [PTPROFITS] component of [I135D] should equal the [PTPROFITS] component of [I135A] minus the [PTPROFITS] components of [I135B] and [I135C].
[CTI]/TransferredTaxHistory/AssetInformation/TrackingOfTransferredTaxHistory/RingFenceCorporationTax/AmountCarriedForward	[I135D]	9477	The TAX in box I135D should equal the TAX of Box I135A minus the TAX in Boxes I135B and I135C.	The [PTTAX] component of [I135D] should equal the [PTTAX] component of [I135A] minus the [PTTAX] components of [I135B] and [I135C].
[CTI]/TransferredTaxHistory/AssetInformation/TrackingOfTransferredTaxHistory/SupplementaryCharge/AmountTransferred	[I140B]	9478	If Box I140B is completed then Box I135B must be completed.	[I135B] should be present if [I140B] is present
[CTI]/TransferredTaxHistory/AssetInformation/TrackingOfTransferredTaxHistory/SupplementaryCharge/AmountUsed	[I140C]	9479	If Box I140C is completed then Box I135C must be completed.	[I135C] should be present if [I140C] is present
[CTI]/TransferredTaxHistory/AssetInformation/TrackingOfTransferredTaxHistory/SupplementaryCharge/AmountCarriedForward	[I140D]	9480	The PROFITS in Box I140D should equal the PROFITS of Box I140A minus the PROFITS of boxes I140B and I140C.	The [PTPROFITS] component of [I140D] should equal the [PTPROFITS] component of [I140A] minus the [PTPROFITS] components of [I140B] and [I140C].
[CTI]/TransferredTaxHistory/AssetInformation/TrackingOfTransferredTaxHistory/SupplementaryCharge/AmountCarriedForward	[I140D]	9481	The TAX in Box I140D should equal the TAX of Box I140A minus the TAX of Boxes I140B and I140C.	The [PTTAX] component of [I140D] should equal the [PTTAX] component of [I140A] minus the [PTTAX] components of [I140B] and [I140C].
[CTI]/TransferredTaxHistory/AssetInformation/TrackingOfTransferredTaxHistory/TrackedProfitsOrLosses/AmountCarriedForward	[I145D]	9482	Where the profits figure is positive and losses negative, Box I145D should equal the sum of Boxes I145A + I145B + 145C1 minus I145C2.	[I145D] should be the sum of [I145A] + [I145B] + [I145C1] - [I145C2], where [PLPROFITS] components are considered positive while [PLLOSSES] components are considered negative.
[CTI]/TransferredTaxHistory/AssetInformation/TrackingOfTransferredTaxHistory/DecommissioningExpenditure	[I150]	9483	If Box I150 is completed then at least one of Box I150A or I150B should be completed.	If [I150] is present at least one of [I150A] or [I150B] should be present
[CTI]/TransferredTaxHistory/AssetInformation/TrackingOfTransferredTaxHistory/DecommissioningExpenditure/AmountCarriedForward	[I150D]	9484	Box I150D must equal the sum of Boxes I150A, I150B, and I150C1 minus Box I150C2.	[I150D] should equal the sum of [I150A], [I150B], and [I150C1] minus [I150C2]
[CTI]/TransferredTaxHistory/AssetInformation/TrackingOfTransferredTaxHistory/ActivatedRingFenceCorporationTax	[I155]	9485	If Box I155 is completed at least one of the following Boxes must be completed: I155A, I155B.	If [I155] is present at least one of [I155A] and [I155B] must be present
[CTI]/TransferredTaxHistory/AssetInformation/TrackingOfTransferredTaxHistory/ActivatedRingFenceCorporationTax/TotalActivated	[I155C]	9486	The PROFITS in Box I155C should equal the PROFITS in Box I155A plus the PROFITS in Box I155B.	The [PTPROFITS] component of [I155C] should equal the [PTPROFITS] component of [I155A] plus the [PTPROFITS] component of [I155B]
[CTI]/TransferredTaxHistory/AssetInformation/TrackingOfTransferredTaxHistory/ActivatedRingFenceCorporationTax/TotalActivated	[I155C]	9487	The TAX in Box I155C should equal the TAX in Box I155A plus the Tax in Box I155B.	The [PTTAX] component of [I155C] should equal the [PTTAX] component of [I155A] plus the [PTTAX] component of [I155B]
[CTI]/TransferredTaxHistory/AssetInformation/TrackingOfTransferredTaxHistory/ActivatedRingFenceCorporationTax/TotalUsed	[I155D]	9488	The profits in Box I155D should not exceed the profits in Box I155C.	The [PTPROFITS] component of [I155D] should not exceed the [PTPROFITS] component of [I155C]
[CTI]/TransferredTaxHistory/AssetInformation/TrackingOfTransferredTaxHistory/ActivatedRingFenceCorporationTax/TotalUsed	[I155D]	9489	The tax in Box I155D should not exceed the tax in Box I155C.	The [PTTAX] component of [I155D] should not exceed the [PTTAX] component of [I155C]
[CTI]/TransferredTaxHistory/AssetInformation/TrackingOfTransferredTaxHistory/ActivatedSupplementaryCharge/PreviouslyActivated	[I160A]	9490	Box I155A must be completed if Box I160A is completed.	[I155A] should be present if [I160A] is present
[CTI]/TransferredTaxHistory/AssetInformation/TrackingOfTransferredTaxHistory/ActivatedSupplementaryCharge/ActivatedThisPeriod	[I160B]	9491	Box I155B must be completed if Box I160B is completed.	[I155B] should be present if [I160B] is present
[CTI]/TransferredTaxHistory/AssetInformation/TrackingOfTransferredTaxHistory/ActivatedSupplementaryCharge/TotalActivated	[I160C]	9492	Box I155C must be completed if Box I160C is completed.	[I155C] should be present if [I160C] is present
[CTI]/TransferredTaxHistory/AssetInformation/TrackingOfTransferredTaxHistory/ActivatedSupplementaryCharge/TotalUsed	[I160D]	9493	Box I155D must be completed if Box I160D is completed.	[I155D] should be present if [I160D] is present
[CTK]/TaxCalculation/SAbeforeRestitutionTax	[K5]	9462	Box K5 must equal Box 525.	[K5] should equal [525].
[CTK]/TaxCalculation/TaxCalculation	[K15]	9220	Box K15.2 must be submitted if the return period to date in Box 35 falls in the financial year following the financial year of the return period from date in Box 30.	[K15.2] should be submitted if [35] falls in the financial year following the financial year of [30].
[CTK]/TaxCalculation/TaxCalculation/FinancialYearOne/Year	[K15.1A]	9221	Box K15.1A must equal the equivalent financial year of the return period From date in Box 30	[K15.1A] should equal the equivalent financial year of the date in [30].
[CTK]/TaxCalculation/TaxCalculation/FinancialYearOne/AmountOfInterest	[K15.1B]	9222	If Box K15.2 is not completed then Box K15.1B must equal Box K10	If [K15.2] is absent, [K15.1B] should equal [K10].
[CTK]/TaxCalculation/TaxCalculation/FinancialYearOne/AmountOfInterest	[K15.1B]	9223	If Box K15.2 is completed then Box K15.1B must be less than or equal to Box K10.	If [K15.2] is present, [K15.1B] should be less than or equal to [K10].
[CTK]/TaxCalculation/TaxCalculation/FinancialYearOne/TaxRate	[K15.1C]	9224	Box K15.1C must equal the Restitution interest tax rate	[K15.1C] should equal [RESTITUTION INTEREST TAX RATE].
[CTK]/TaxCalculation/TaxCalculation/FinancialYearOne/Tax	[K15.1D]	9225	Box K15.1D must equal Box K15.1B multiplied by (Box K15.1C divided by 100) rounded to two decimal places (round up if third decimal is greater than or equal to 5, otherwise round down).	[K15.1D] should equal [K15.1B] multiplied by ([K15.1C] divided by 100) rounded to two decimal places (round up if third decimal is greater than or equal to 5, otherwise round down).
[CTK]/TaxCalculation/TaxCalculation/FinancialYearTwo	[K15.2]	9226	Box K15.2 must not be completed if the return period date 'From' and 'To' both fall within the same financial year.	[K15.2] should not be submitted if [30] and [35] both fall within the same financial year.
[CTK]/TaxCalculation/TaxCalculation/FinancialYearTwo/Year	[K15.2A]	9227	Box K15.2A must equal Box K15.1A plus one	[K15.2A] should equal [K15.1A] plus 1.
[CTK]/TaxCalculation/TaxCalculation/FinancialYearTwo/AmountOfInterest	[K15.2B]	9228	Box K15.2B must equal Box K10 minus Box K15.1B.	[K15.2B] should equal [K10] minus [K15.1B].
[CTK]/TaxCalculation/TaxCalculation/FinancialYearTwo/TaxRate	[K15.2C]	9229	Box K15.2C must equal the Restitution interest tax rate	[K15.2C] should equal [RESTITUTION INTEREST TAX RATE].
[CTK]/TaxCalculation/TaxCalculation/FinancialYearTwo/Tax	[K15.2D]	9230	Box K15.2D must equal Box K15.2B multiplied by Box K15.2C divided by 100) rounded to two decimal places (round up if third decimal is greater than or equal to 5, otherwise round down).	[K15.2D] should equal [K15.2B] multiplied by ([K15.2C] divided by 100) rounded to two decimal places (round up if third decimal is greater than or equal to 5, otherwise round down).
[CTK]/TaxCalculation/TotalRestitutionTax	[K20]	9231	Box K20 must equal Box K15.1D plus Box K15.2D	[K20] should equal [K15.1D] plus [K15.2D].
[CTK]/TaxCalculation/TaxAlreadyWithheld	[K25]	9232	Box K25 must not be greater than Box K20.	[K25] should not exceed [K20].
[CTK]/TaxCalculation/SAafterRestitutionTax	[K30]	9233	Box K30 must equal Box K5 plus Box K20 minus Box K25	[K30] should equal [K5] plus [K20] minus [K25].
[CTK]/TaxCalculation/RestitutionTaxNowPayable	[K35]	9235	Box K35 must equal Box K20 minus Box K25	[K35] should equal [K20] minus [K25].
[CTK]/TaxCalculation/RestitutionTaxNowPayable	[K35]	9239	If Box K35 is completed then Box 527 must be completed and equal to Box K35	If [K35] is submitted then [527] must be present and equal to [K35].
[CTL]		9710	Supplementary form CT600L is present so Pre-Step 1 restriction section, Step 1 section or SME section must be completed	If [N115] is present at least one of [SL053], [SL001] and [SL042] must be present
[CTL]		9711	Step 2 section on supplementary form CT600L must be completed if Box L25 minus Box L45 is greater than 0	[SL010] should be present if ( [L25] minus [L45] ) exceeds 0
[CTL]		9712	Step 3 section on supplementary form CT600L must be completed if Box L50 minus Box L65 is greater than 0	[SL015] should be present if ( [L50] minus [L65] ) exceeds 0
[CTL]		9713	Step 4 section on supplementary form CT600L must be completed if Box L70 minus Box L80 is greater than 0	[SL019] should be present if ( [L70] minus [L80] ) exceeds 0
[CTL]		9714	Step 5 section on supplementary form CT600L must be completed if Box L85 minus Box L90 is greater than 0	[SL022] should be present if ( [L85] minus [L90] ) exceeds 0
[CTL]		9715	Step 6 section on supplementary form CT600L must be completed if Box L95 minus Box L100 is greater than 0	[SL025] should be present if ( [L95] minus [L100] ) exceeds 0
[CTL]		9716	Step 7 section on supplementary form CT600 must be completed if Box L105 minus Box L120 is greater than 0	[SL030] should be present if ( [L105] minus [L120] ) exceeds 0
[CTL]/PreStep1Restriction/PreStep1CorporationTaxLiability	[L6]	9623	Box L6 must equal Box 475	[L6] is valid only if this equals [475]
[CTL]/PreStep1Restriction/AmountOfStep2BroughtForwardRDEC	[L7]	9624	Box L7 must equal Box L194	[L7] is valid only if this equals [L194]
[CTL]/PreStep1Restriction/AmountOfStep2BroughtForwardRDEC	[L7]	9625	Box L7 must equal the lesser of Box L5 and L6	Must equal the lesser of [L5] and [L6]
[CTL]/PreStep1Restriction/AmountCarriedForward	[L8]	9626	Box L8 must equal Box L5 minus Box L7	[L8] is valid only if this equals ( [L5] minus [L7] )
[CTL]/PreStep1Restriction/AmountCarriedForward	[L8]	9627	Box L8 must equal Box L129	[L8] is valid only if this equals [L129]
[CTL]/PreStep1Restriction/RemainingCorporationTaxLiability	[L9]	9628	Box L9 must equal Box L6 minus Box L7	[L9] is valid only if this equals ( [L6] minus [L7] )
[CTL]/Step1	[SL001]	9718	Step 1 section on supplementary form CT600L can only be present if either Box L15 or Box L20 are completed	If [SL001] is present at least one of [L15] and [L20] must be present
[CTL]/Step1	[SL001]	9719	Box L30 must be completed if the Step 1 section on supplementary form CT600L is present and Box 475 or Box L9 is completed	[L30] is mandatory if([475] or [L9]) and [SL001] present
[CTL]/Step1/RandDExpenditureOnWhichRDECisClaimedInThisAccountingPeriod	[L10]	9720	Box L15 must be completed if Box L10 is completed	[L15] should be present if [L10] is present
[CTL]/Step1/RDECclaimForThisAccountingPeriod	[L15]	9721	Box L15 must be less than Box L10	[L15] is valid only if it is less than [L10]
[CTL]/Step1/RDECclaimForThisAccountingPeriod	[L15]	9722	If Box L185 or Box L190 are completed then Box L15 must equal the sum of Boxes L185 and L190	If [L185] or [L190] are present then [L15] must equal [L185] + [L190]
[CTL]/Step1/RDECclaimForThisAccountingPeriod	[L15]	9723	Box L10 must be completed if Box L15 is completed	[L10] should be present if [L15] is present
[CTL]/Step1/TotalRDECforTheAccountingPeriod	[L25]	9724	Box L25 must equal the sum of Boxes L15 and L20	[L25] is valid only if it equals ( [L15] plus [L20] )
[CTL]/Step1/CorporationTaxLiability	[L30]	9726	Box L40 must be completed if Box L30 is completed	[L40] should be present if [L30] is present
[CTL]/Step1/CorporationTaxLiability	[L30]	9725	If Box L9 is completed then Box L30 must equal Box L9. If Box L9 is not completed then Box L30 must equal Box 475	If [L9] is present then [L30] must equal [L9]. If [L9] is not present then [L30] must equal [475]
[CTL]/Step1/IncomeTaxDeductedFromProfitsApplicableToCorporationTaxLiability	[L35]	9727	Box L35 can only be completed if Box L30 is completed	If [L35] is present [L30] should be present
[CTL]/Step1/IncomeTaxDeductedFromProfitsApplicableToCorporationTaxLiability	[L35]	9728	Box L35 must be less than or equal to Box 515	[L35] is valid only if this does not exceed [515]
[CTL]/Step1/IncomeTaxDeductedFromProfitsApplicableToCorporationTaxLiability	[L35]	9729	Box L35 must be less than or equal to Box L30	[L35] is valid only if this does not exceed [L30]
[CTL]/Step1/MaximumAmountAvailableForStep1SetOff	[L40]	9730	Box L40 must equal Box L30 minus Box L35	[L40] is valid only if this equals ( [L30] minus [L35] )
[CTL]/Step1/AmountOfRDECusedToDischargeCorporationTaxAtStep1	[L45]	9731	Box L45 must equal L195	[L45] is valid only if it equals [L195]
[CTL]/Step1/AmountOfRDECusedToDischargeCorporationTaxAtStep1	[L45]	9732	Box L45 must equal the lesser of Boxes L25 and L40. If Box L40 is not completed then Box L45 must equal 0.	[L45] must equal the lesser of [L25] and [L40]. If [L40] is not present then [L45] must be zero.
[CTL]/Step1/AmountOfRDECusedToDischargeCorporationTaxAtStep1	[L45]	9733	Box L195 must be completed if Box L45 is completed	[L195] should be present if [L45] is present
[CTL]/Step2	[SL010]	9734	Step 2 section on supplementary form CT600L can only be completed if Step 1 section on the same form is completed	If [SL010] is present then [SL001] must be present
[CTL]/Step2	[SL010]	9735	Box L55 must be completed if L15 and Step 2 on supplementary form CT600L are both completed	[L55] should be present if [L15] is present and [SL010] is present
[CTL]/Step2	[SL010]	9736	RDEC carried forward section on supplementary form CT600L must be completed if Step 2 section on the same form is completed	[SL032] should be present if [SL010] is present
[CTL]/Step2/Step1BalanceCarriedForwardToStep2	[L50]	9737	Box L50 must equal Box L25 minus Box L45	[L50] is valid only if it equals ( [L25] minus [L45] )
[CTL]/Step2/CorporationTaxChargeOnRDECforThisAccountingPeriod	[L55]	9738	Box L55 must not be less than Box L15 multiplied by the lowest tax rate of [FULL RATE OF CT], [FULL RF RATE OF CT], [SMALL CO RATE OF CT], [RF SMALL CO RATE OF CT], [EQUIV. LOW CT RATE] or [CT RATE FOR NI TRADING PROFITS] at either the return period start date in Box 30 or the return period end date in Box 35	[L55] must not be less than [L15] multiplied by the lowest of ([CT RATE FOR NI TRADING PROFITS], [FULL RATE OF CT], [FULL RF RATE OF CT], [SMALL CO RATE OF CT], [RF SMALL CO RATE OF CT], [EQUIV. LOW CT RATE]) at either [30] or [35]
[CTL]/Step2/CorporationTaxChargeOnRDECforThisAccountingPeriod	[L55]	9739	Box L60 must be completed if Box L55 is completed	[L60] should be present if [L55] is present
[CTL]/Step2/TotalRDECarisingInThisAPlessCorporationTaxChargeOnTheRDECforThisAP	[L60]	9740	Box L60 must equal Box L15 minus Box L55	[L60] is valid only if this equals ( [L15] minus [L55] )
[CTL]/Step2/RDECarisingInThisAPlessRemainingCorporationTaxLiabilityAtStep1	[L62]	9630	If Box L40 is less than Box L15 then Box L62 must equal Box L15 minus Box L40 otherwise Box L62 must equal 0 (zero)	If [L40] is less than [L15] then [L62] must equal [L15]-[L40], else [L62] must equal zero
[CTL]/Step2/Step2RestrictionCarriedForwardToNextAccountingPeriod	[L65]	9741	Box L65 must equal Box L130	[L65] is valid only if this equals [L130]
[CTL]/Step2/Step2RestrictionCarriedForwardToNextAccountingPeriod	[L65]	9631	If box L9 is completed or the return period start date in Box 30 is on or after 1 April 2022 and Box L60 is less than Box L62, then Box L65 must equal Box L62 minus Box L60	If ( [L9] is present or [30] is on or after '2022-04-01' ) and [L60] is less than [L62] then [L65] must equal [L62] - [L60]
[CTL]/Step2/Step2RestrictionCarriedForwardToNextAccountingPeriod	[L65]	9989	If box L9 is completed or the return period start date in Box 30 is on or after 1 April 2022 and Box L60 is not less than Box L62, then Box L65 must equal 0 (zero)	If ( [L9] is present or [30] is on or after '2022-04-01' ) and [L60] is not less than [L62] then [L65] must equal zero
[CTL]/Step3	[SL015]	9743	Step 3 section on supplementary form CT600L can only be completed if Step 2 section on the same form is completed	If [SL015] is present then [SL010] should be present
[CTL]/Step3/Step2BalanceCarriedForwardToStep3	[L70]	9744	Box L70 must equal Box L50 minus Box L65	[L70] is valid only if this equals ( [L50] minus [L65] )
[CTL]/Step3/ExceptionS1112E	[L71]	8031	Box L71A must be completed if Box L71 is completed	[L71A] should be present if [L71] is present
[CTL]/Step3/TotalExpenditureOnEPWsFromAndSubcontractingToConnectedPersons	[L71A]	8032	Box L71A can only be completed if the period start date in Box 30 is on or after 1 April 2024	If [L71A] is present the following should be true: [30] on or after '2024-04-01'
[CTL]/Step3/TotalExpenditureOnEPWsFromAndSubcontractingToConnectedPersons	[L71A]	8033	Box L71A can only be completed if the SME section is not completed	If [L71A] is present the following should be true: not ( [SL042] is present )
[CTL]/Step3/TotalExpenditureOnEPWsFromAndSubcontractingToConnectedPersons	[L71A]	8034	Box L71A must not be completed if Box L71 is not completed	[L71A] should not be present if not ( [L71] is present )
[CTL]/Step3/TotalExpenditureOnEPWsFromAndSubcontractingToConnectedPersons	[L71A]	8035	Box L71A must not be greater than Box L10 multiplied by 0.15	[L71A] is valid only if this does not exceed ( [L10] times 0.15 )
[CTL]/Step3/PAYENICsForWhichTheCompanyIsLiableInThisAP	[L72]	8036	Box L72 must not be completed if Box L71 is completed	[L72] should not be present if [L71] is present
[CTL]/Step3/PAYENICsForWhichTheCompanyIsLiableInThisAP	[L72]	8037	Box L72A must be completed if Box L72 is completed	[L72A] should be present if [L72] is present
[CTL]/Step3/RelevantPAYENICsLiabilityOfConnectedCompanies	[L73]	8038	Box L73A must be completed if Box L73 is completed	[L73A] should be present if [L73] is present
[CTL]/Step3/TotalRelevantExpenditureOnRandDWorkersPAYEandNationalInsuranceContributions	[L75]	8039	If the period start date in Box 30 is on or after 1 April 2024, the SME section is completed and Box L167 is not completed, then Box L75 must not exceed the sum of Boxes L168 and L169 multiplied by 3 plus £20,000 minus the entry in Box L170	If [30] is on or after 01-04-2024, [SL042] is present and [L167] is not present then [L75] must not exceed ( [L168] + [L169] ) * 3 + £20,000 - [L170]
[CTL]/Step3/TotalRelevantExpenditureOnRandDWorkersPAYEandNationalInsuranceContributions	[L75]	8040	If the period start date in Box 30 is on or after 1 April 2024, the SME section is not completed and Box L71 is not completed then Box L75 must not exceed the sum of Boxes L72 and L73 multiplied by 3 plus £20,000	If [30] is on or after 01-04-2024, [SL042] is not present and [L71] is not present then [L75] must not exceed ( [L72] + [L73] ) * 3 + £20,000
[CTL]/Step3/Step3RestrictionCarriedForwardToNextAP	[L80]	9745	Box L80 must equal Box L145	[L80] is valid only if this equals [L145]
[CTL]/Step3/Step3RestrictionCarriedForwardToNextAP	[L80]	9746	If Box L71 and Box L167 are not completed and Box L75 is less than Box L70 then Box L80 must equal Box L70 minus L75 otherwise Box L80 must equal 0 (zero)	If [L71] and [L167] are not present, then (if [L75] is less than [L70] then [L80] must equal [L70] - [L75], else [L80] must equal zero)
[CTL]/Step3/Step3RestrictionCarriedForwardToNextAP	[L80]	9747	Box L80 must be completed if Step 3 section on supplementary form CT600L is completed	[L145] should be present if [L80] is present
[CTL]/Step4	[SL019]	9748	Step 4 section on supplementary form CT600L can only be completed if Step 3 section on the same form is completed	If [SL019] is present then [SL015] should be present
[CTL]/Step4/Step3BalanceCarriedForwardToStep4	[L85]	9749	Box L85 must equal Box L70 minus Box L80	[L85] is valid only if this equals ( [L70] minus [L80] )
[CTL]/Step4/AmountUsedToDischargeCorporationTaxLiabilityOfAnotherAccountingPeriod	[L90]	9751	Box L90 must be less than or equal to Box L85	[L90] is valid only if this does not exceed [L85]
[CTL]/Step5	[SL022]	9752	Step 5 section on supplementary form CT600L can only be completed if Step 4 section on the same form is completed	If [SL022] is present then [SL019] should be present
[CTL]/Step5	[SL022]	9753	RDEC surrendered section on supplementary form CT600L must be completed if Step 5 section on the same form is completed	[SL038] should be present if [SL022] is present
[CTL]/Step5/Step4BalanceCarriedForwardToStep5	[L95]	9754	Box L95 must equal Box L85 minus Box L90	[L95] should equal ( [L85] minus [L90] )
[CTL]/Step5/CreditSurrenderedToGroupMember	[L100]	9755	Box L100 must be less than or equal to Box L95	[L100] should not exceed [L95]
[CTL]/Step5/CreditSurrenderedToGroupMember	[L100]	9756	Box L100 must equal Box L160	[L100] should equal [L160]
[CTL]/Step5/CreditSurrenderedToGroupMember	[L100]	9757	Box L160 must be completed if L100 completed	[L160] should be present if [L100] is present
[CTL]/Step6	[SL025]	9758	Step 6 section on supplementary form CT600L can only be completed if Step 5 section on the same form is completed	If [SL025] is present [SL022] should be present
[CTL]/Step6/Step5BalanceCarriedForwardToStep6	[L105]	9759	Box L105 must equal Box L95 minus Box L100	[L105] should equal ( [L95] minus [L100] )
[CTL]/Step6/AmountUsedToDischargeOtherCompanyLiabilityOnThisCTSA	[L110]	9760	Box L110 must be less than or equal to Box L105	[L110] should not exceed [L105]
[CTL]/Step6/AmountUsedToDischargeOtherCompanyLiabilityOnThisCTSA	[L110]	9761	Box L110 must equal L200	[L110] should equal [L200]
[CTL]/Step6/AmountUsedToDischargeOtherCompanyLiabilityOnThisCTSA	[L110]	9762	Box L200 must be completed if Box L110 is completed	[L200] should be present if [L110] is present
[CTL]/Step6/AmountUsedToDischargeAnyOtherCompanyLiability	[L115]	9763	Box L115 must be less than or equal to Box L105 minus Box L110	[L115] should not exceed ( [L105] minus [L110] )
[CTL]/Step6/TotalUsedToDischargeOtherCompanyLiability	[L120]	9764	Box L120 must equal the sum of Boxes L110 and L115	[L120] should equal ( [L110] plus [L115] )
[CTL]/Step7	[SL030]	9765	Step 7 section on supplementary form CT600L can only be completed if Step 6 section on the same form is completed	If [SL030] is present then [SL025] should be present
[CTL]/Step7/PayableRDEC	[L125]	9767	Box L125 must equal Box 880	[L125] should equal [880]
[CTL]/Step7/PayableRDEC	[L125]	9766	Box L125 must equal Box L105 minus the sum of Boxes L120 and L123	[L125] should equal ( [L105] minus ( [L120] plus [L123] ) )
[CTL]/RDECcarriedForward	[SL032]	9494	If the 'RDEC carried forward' section on supplementary form CT600L is completed then either the 'Pre-Step 1 restriction' section or the 'Step 2' section on the same form must be completed.	If [SL032] is present the following should be true: [SL010] is present or [SL053] is present
[CTL]/RDECcarriedForward/PreStep1Restriction	[L129]	9632	Box L129 must equal Box L8	[L129] is valid only if this equals [L8]
[CTL]/RDECcarriedForward/Step2Restriction	[L130]	9769	Box L130 must equal Box L65	[L130] should equal [L65]
[CTL]/RDECcarriedForward/SurrenderedToOtherGroupCompany	[L135]	9770	Box L135 must equal Box L155	[L135] should equal [L155]
[CTL]/RDECcarriedForward/SurrenderedToOtherGroupCompany	[L135]	9771	RDEC surrendered section on supplementary form CT600L must be completed if Box L135 is completed	[SL038] should be present if [L135] is present
[CTL]/RDECcarriedForward/SurrenderedToOtherGroupCompany	[L135]	9772	Box L155 must be completed if Box L135 is completed	[L155] should be present if [L135] is present
[CTL]/RDECcarriedForward/BalanceCarriedForwardToNextAccountingPeriod	[L140]	9633	If Box L8 is completed or the return period start date in Box 30 is on or after 1 April 2022 then Box L140 must equal the sum of Boxes L129 and L130 minus Box L135	If [L8] is present or [30] is on or after '2022-04-01' then [L140] must equal [L129] + [L130] - [L135]
[CTL]/RDECcarriedForward/Step3Restriction	[L145]	9774	Box L145 must equal Box L80	[L145] should equal [L80]
[CTL]/RDECcarriedForward/TotalCarriedForwardToNextAP	[L150]	9775	Box L150 must equal the sum of Boxes L140 and L145	[L150] is valid only if this equals ( [L140] plus [L145] )
[CTL]/RDECsurrendered	[SL038]	9776	RDEC surrendered section on supplementary form CT600L can only be completed if Step 5 section or Box L135 are completed	If [SL038] is present at least one of [SL022] and [L135] should be present
[CTL]/RDECsurrendered/Step2RestrictionSurrendered	[L155]	9777	Box L155 must equal Box L135	[L155] should equal [L135]
[CTL]/RDECsurrendered/Step5CreditSurrenderedToGroupMember	[L160]	9778	Box L160 must equal Box L100	[L160] should equal [L100]
[CTL]/RDECsurrendered/TotalSurrendered	[L165]	9779	Box L165 must equal the sum of Boxes L155 and L160	[L165] should equal ( [L155] plus [L160] )
[CTL]/SME	[SL042]	9780	SME section on supplementary form CT600L can only be completed if Box L170, L185 or L190 are completed	If [SL042] is present at least one of [L170] and [L185] and [L190] should be present
[CTL]/SME	[SL042]	9634	Box L167A must be completed if Box L167 is completed	[L167A] should be present if [L167] equals 'yes'
[CTL]/SME	[SL042]	9636	Box L168A must be completed if Box L168 is completed	[L168A] should be present if [L168] is present
[CTL]/SME	[SL042]	9637	Box L169A must be completed if Box L169 is completed	[L169A] should be present if [L169] is present
[CTL]/SME	[SL042]	9885	The section 'Small and medium-sized enterprise (SME) R&D and enhanced support for R&D intensive SMEs' must not be completed if Box 653 is not completed and the period start date in Box 30 is on or after '01/04/2024	[SL042] should not be present if ( [30] on or after '2024-04-01' ) and ( [653] does not equal 'yes' )
[CTL]/SME/TotalExpenditureOnExternallyProvidedWorkersFromAndSubcontractingToConnectedPersons	[L167A]	9639	Box L167A must not be completed if Box L167 is not completed	[L167A] should not be present if [L167] does not equal 'yes'
[CTL]/SME/TotalExpenditureOnExternallyProvidedWorkersFromAndSubcontractingToConnectedPersons	[L167A]	9640	If the period start date in Box 30 is before 1 April 2024 then the entry in Box L167A must not be greater than Box L166 multiplied by 0.15	If [30] is before 01-04-2024 then [L167A] is valid only if this does not exceed ( [L166] times 0.15 )
[CTL]/SME/TotalExpenditureOnExternallyProvidedWorkersFromAndSubcontractingToConnectedPersons	[L167A]	8041	If the period start date in Box 30 is on or after 1 April 2024 then Box L167A must not be greater than the sum of Boxes L166 + L10 multiplied by 0.15	If [30] is on or after 01-04-2024 then [L167A] must not exceed ( [L166] + [L10] ) * 0.15
[CTL]/SME/PAYENICforWhichTheCompanyIsLiableInThisAccountingPeriod	[L168]	9641	Box L168 must not be completed if Box L167 is completed	[L168] should not be present if [L167] equals 'yes'
[CTL]/SME/RandDPayableTaxCreditClaim	[L170]	9642	If Box L167 is not completed and the return period start date in Box 30 is on or after 1 April 2021 then Box L170 must not exceed the sum of Boxes L168 and L169 multiplied by 3 plus 20,000	If [L167] is not equal to 'yes' and [30] is on or after '2021-04-01' then [L170] must not exceed £20,000 + ( ( [L168] + [L169] ) * 3 )
[CTL]/SME/RandDPayableTaxCreditSetOffAgainstOtherLiabilitiesOnThisReturn	[L175]	9781	Box L175 can only be completed if Box L170 is completed	If [L175] is present [L170] should be present
[CTL]/SME/RandDPayableTaxCreditSetOffAgainstOtherLiabilitiesOnThisReturn	[L175]	9782	Box L175 must be less than or equal to Box L170	[L175] should not exceed [L170]
[CTL]/SME/RandDPayableTaxCreditSetOffAgainstOtherLiabilitiesOnThisReturn	[L175]	9783	Box L175 must equal Box L205	[L175] should equal [L205]
[CTL]/SME/RandDPayableTaxCreditSetOffAgainstOtherLiabilitiesOnThisReturn	[L175]	9784	Box L205 must be completed if Box L175 is completed	[L205] should be present if [L175] is present
[CTL]/SME/RandDBalancePayableTaxCredit	[L180]	9785	Box L180 can only be completed if Box L170 is completed	If [L180] is present [L170] should be present
[CTL]/SME/RandDBalancePayableTaxCredit	[L180]	9786	Box L180 must equal Box L170 minus Box L175	[L180] should equal ( [L170] minus [L175] )
[CTL]/SME/RDECclaimFromWorkSubcontractedToItByALargeCompany	[L185]	9886	Box L185 must not be completed if the period start date in Box 30 is on or after 01/04/2024	[L185] should not be present if [30] on or after '2024-04-01'
[CTL]/SME/RDECclaimFromSubsidisedAndCappedWork	[L190]	9887	Box L190 must not be completed if the period start date in Box 30 is on or after 01/04/2024	[L190] should not be present if [30] on or after '2024-04-01'
[CTL]/TotalRandDSetOffAgainstLiabilities/RDECpreStep1DischargeAmount	[L194]	9643	Box L194 must equal Box L7	[L194] is valid only if this equals [L7]
[CTL]/TotalRandDSetOffAgainstLiabilities/RDECstep1DischargeAmount	[L195]	9787	Box L195 must equal Box L45	[L195] should equal [L45]
[CTL]/TotalRandDSetOffAgainstLiabilities/RDECstep6DischargeAmountForThisAccountingPeriod	[L200]	9788	Box L200 must equal Box L110	[L200] should equal [L110]
[CTL]/TotalRandDSetOffAgainstLiabilities/SMERandDBalancePayableTaxCreditUsedToDischargeOtherLiabilitiesOnThisReturn	[L205]	9789	Box L205 must equal Box L175	[L205] should equal [L175]
[CTL]/TotalRandDSetOffAgainstLiabilities/Total	[L210]	9791	Box L210 must equal Box 530	[L210] should equal [530]
[CTL]/TotalRandDSetOffAgainstLiabilities/Total	[L210]	9790	Box L210 must equal the sum of Boxes L194, L195, L200 and L205	[L210] is valid only if this equals ( The sum of [L194], [L195], [L200], and [L205] )
[CTM]		9644	Supplementary form CT600M can only be present if section M5 or M20 is completed	If [N117] is present, then one of [M5] or [M20] should be present
[CTM]		9645	Box M10 must be completed if section M5 is present	[M10] must be present if [M5] is present
[CTM]		9646	Box M15 must be completed if section M5 is present	[M15] must be present if [M5] is present
[CTM]		9647	Box M25 must be completed if Box M20D is completed	[M25] must be present if [M20D] is present
[CTM]		9648	Box M30 must be completed if Box M20E is completed	[M30] must be present if [M20E] is present
[CTM]/QualifyingExpenditureTotal	[M10]	9655	Box M10 must be less than or equal to Box 771	[M10] must be less than or equal to [771]
[CTM]/QualifyingExpenditureTotal	[M10]	9657	Box M10 must equal the sum of all 'Total amount of qualifying expenditure' entries in Box M5E	[M10] should equal the sum of all iterations of [M5E]
[CTM]/SBAclaimTotal	[M15]	9658	Box M15 must be less than or equal to the sum of Boxes 711 and 736	[M15] must be less than or equal to [711] plus [736]
[CTM]/SBAclaimTotal	[M15]	9661	Box M15 must equal the sum of all 'Total SBA claim amount' entries in Box M5F	[M15] should equal the sum of all iterations of [M5F]
[CTM]/ECAforPlantAndMachineryInFreeports	[M20]	9662	If section M20 is present then one of Boxes M20C, M20D or M20E must be completed	If [M20] is present then one of [M20C] or [M20D] or [M20E] must be present
[CTM]/AmountOfECAclaimedWithinTheAccountingPeriodTotal	[M25]	9667	Box 760 must be completed if Box M25 is completed	[760] must be present if [M25] is present
[CTM]/AmountOfECAclaimedWithinTheAccountingPeriodTotal	[M25]	9668	Box M25 must equal the sum of all 'Total amount of ECA claimed within the accounting period' entries in Box M20D	[M25] should equal the sum of all iterations of [M20D]
[CTM]/DisposalValueTotal	[M30]	9669	Box M30 must equal the sum of all 'Disposal value' entries in Box M20E	[M30] should equal the sum of all iterations of [M20E]
[CTN]		9495	At least one of Sections 1, 2, 3 or 4 must be completed if the supplementary form CT600N is present	At least one of [SN001], [SN018], [SN029] or [SN095] should be present
[CTN]/Section1	[SN001]	9497	The accounting period in Boxes N15 and N20 must be completed if Box N10 is not completed	[N15/N20] should be present if [N10] does not equal 'yes'
[CTN]/Section1	[SN001]	9498	Box N25 must be completed if Box N30 is completed	[N25] should be present if [N30] is present
[CTN]/Section1	[SN001]	9499	Box N30 must be completed if Box N25 is completed	[N30] should be present if [N25] is present
[CTN]/Section1	[SN001]	9500	Box N40 must be completed if Box N10 and N35 aren't completed	[N40] should be present if [N10] does not equal 'yes' and [N35] is not present
[CTN]/Section1	[SN001]	9501	Box N45 must be completed if Box N10 is not completed	[N45] should be present if [N10] does not equal 'yes'
[CTN]/Section1	[SN001]	9508	Box N50 must be completed if Box N10 is not completed	[N50] should be present if [N10] does not equal 'yes'
[CTN]/Section1	[SN001]	9509	Box N55 must be completed if Box N10 is not completed	[N55] should be present if [N10] does not equal 'yes'
[CTN]/Section1	[SN001]	9512	Box N60 must be completed if Box N10 is not completed	[N60] should be present if [N10] does not equal 'yes'
[CTN]/Section1	[SN001]	9520	Box N65 must be completed if Box N10 is not completed	[N65] should be present if [N10] does not equal 'yes'
[CTN]/Section1/AllocationPeriod	[N15/N20]	9525	The accounting period in Boxes N15 and N20 must not be completed if Box N10 is completed	[N15/N20] should not be present if [N10] equals 'yes'
[CTN]/Section1/AllocationPeriod	[N15/N20]	9526	The period From date in Box N15 must be on or before the period end date in Box 35	The 'From' date of [N15/N20] should be on or before [35]
[CTN]/Section1/AllocationPeriod	[N15/N20]	9527	The period covered in Boxes N15 and N20 must not be longer than 12 months	The period covered by [N15/N20] should not be longer than 12 months
[CTN]/Section1/AllocationPeriod	[N15/N20]	9528	The period To date in Box N20 must not be before the period From date in Box N15	The 'To' date of [N15/N20] should not be before the 'From' date
[CTN]/Section1/AllocationPeriod	[N15/N20]	9604	The period To date in Box N20 must be on or after the return period From date in Box 30	The 'To' date of [N15/N20] should be on or after [30]
[CTN]/Section1/PreviousAllocatingMemberName	[N25]	9605	Box N25 must not be completed if Box N10 is completed	[N25] should not be present if [N10] equals 'yes'
[CTN]/Section1/PreviousAllocatingMemberTaxReference	[N30]	9635	Box N30 must not be completed if Box N10 is completed	[N30] should not be present if [N10] equals 'yes'
[CTN]/Section1/IsUltimateParentCompany	[N35]	9638	Box N35 must not be completed if Box N10 is completed	[N35] should not be present if [N10] equals 'yes'
[CTN]/Section1/UltimateParentCompanyName	[N40]	9654	Box N40 must not be completed if Box N10 is completed	[N40] should not be present if [N10] equals 'yes'
[CTN]/Section1/UltimateParentCompanyName	[N40]	9672	Box N40 must not be completed if Box N35 has been completed and Box N10 has not been completed	[N40] should not be present if ( [N10] does not equal 'yes' ) and [N35] is present
[CTN]/Section1/GroupCompanyReceivingAllocationAllowance	[N45]	9673	Box N45 must not be completed if Box N10 is completed	[N45] should not be present if [N10] equals 'yes'
[CTN]/Section1/GroupCompanyReceivingAllocationAllowance/AccountingPeriod	[N45B]	9674	The accounting period in Box N45B must not be longer than 12 months	The period covered by [N45B] should not be longer than 12 months
[CTN]/Section1/GroupCompanyReceivingAllocationAllowance/AccountingPeriod	[N45B]	9675	The accounting period To date must not be before the From date in Box N45B	The 'To' date of [N45B] should not be before the 'From' date
[CTN]/Section1/TotalAllocated	[N50]	9676	Box N50 must not be completed if Box N10 is completed	[N50] should not be present if [N10] equals 'yes'
[CTN]/Section1/TotalAllocated	[N50]	9677	Box N50 must equal the sum of all Amount allocated entries in Boxes N45D	[N50] must equal the sum of all iterations of [N45D]
[CTN]/Section1/StatementAuthorised	[N55]	9678	Box N55 must not be completed if Box N10 is completed	[N55] should not be present if [N10] equals 'yes'
[CTN]/Section1/FullNameOfPersonAuthorising	[N60]	9679	Box N60 must not be completed if Box N10 is completed	[N60] should not be present if [N10] equals 'yes'
[CTN]/Section1/StatusOfThePersonAuthorising	[N65]	9680	Box N65 must not be completed if Box N10 is completed	[N65] should not be present if [N10] equals 'yes'
[CTN]/Section2	[SN018]	9681	Box N80 must be completed if Box N75 is completed	[N80] should be present if [N75] equals 'yes'
[CTN]/Section2	[SN018]	9682	Box N85 must be completed if the table at N80 is completed	[N85] should be present if [N80] is present
[CTN]/Section2/CompanyProvidingAllocationOfNotionalAllowanceForExcludedBody	[N80]	9683	Box N80 must not be completed if Box N75 is not completed	[N80] should not be present if [N75] does not equal 'yes'
[CTN]/Section2/Total	[N85]	9684	Box N85 must equal the sum of all 'Amount' in Boxes N80C	[N85] must equal the sum of all iterations of [N80C]
[CTN]/Section3	[SN029]	9685	If Section 3 is present on supplementary page CT600N then one of Section 3 Parts 1, 2, 3 or 4 must be completed	If [SN029] is present the following should be true: [SN030] is present or [SN043] is present or [SN062] is present or [SN076] is present
[CTN]/Section3/Section3Part1	[SN030]	9686	Section 4 on supplementary page CT600N must be completed if Section 3 Part 1 is completed	[SN095] should be present if [SN030] is present
[CTN]/Section3/Section3Part1	[SN030]	9687	Claim authorisation' section on supplementary page CT600N must be completed if the return type is 'new' and Section 3 Part 1 is present	[SN037] should be present if ( [N003] equals 'new' ) and [SN030] is present
[CTN]/Section3/Section3Part1/DetailsOfSurrender/AccountingPeriod	[N95B]	9688	The 'Accounting period of surrendering company' From date in Box N95B must be on or before the return period To date in Box 35	The 'From' date of [N95B] should be on or before [35]
[CTN]/Section3/Section3Part1/DetailsOfSurrender/AccountingPeriod	[N95B]	9689	The 'Accounting period of the surrendering company' in Box N95B must not be longer than 12 months	The period covered by [N95B] should not be longer than 12 months
[CTN]/Section3/Section3Part1/DetailsOfSurrender/AccountingPeriod	[N95B]	9690	The 'Accounting period of surrendering company' To date must not be before the From date in Box N95B	The 'To' date of [N95B] should not be before the 'From' date
[CTN]/Section3/Section3Part1/DetailsOfSurrender/AccountingPeriod	[N95B]	9691	The 'Accounting period of surrendering company' To date in Box N95B must be on or after the return period From date in Box 30	The 'To' date of [N95B] should be on or after [30]
[CTN]/Section3/Section3Part1/Total	[N100]	9692	Box N100 must equal the sum of all 'Amount claimed' entries in Boxes N95D	[N100] must equal the sum of all iterations of [N95D]
[CTN]/Section3/Section3Part1/Total	[N100]	9693	Box N260 must be completed if Box N100 is completed	[N260] should be present if [N100] is present
[CTN]/Section3/Section3Part1/ClaimAuthorisation	[SN037]	9694	Either 'Copy of notices of consent attached' or 'Authorisation of claim to group relief for simplified arrangements' must be Yes in Section 3 Part 1 on supplementary page CT600N	Must submit exactly one of [SN038] or [SN039]
[CTN]/Section3/Section3Part1/ClaimAuthorisation/CopyOfNoticesOfConsentAttached	[SN038]	9695	If 'Copy of notices of consent attached' is Yes in Section 3 Part 1 on supplementary page CT600N then a PDF attachment of type 'Other' must be included	If [SN038] is 'yes' then there must be a PDF attachment of type 'other' in this submission.
[CTN]/Section3/Section3Part2	[SN043]	9696	Consent to surrender' section must be completed if the type of return is 'new' and Section 3 Part 2 on supplementary page CT600N is completed	[SN050] should be present if ( [N003] equals 'new' ) and [SN043] is present
[CTN]/Section3/Section3Part2/DetailsOfSurrender/AccountingPeriod	[N120B]	9697	The 'Accounting period of claimant company' From date in Box N120B must be on or before the return period To date in Box 35	The 'From' date of [N120B] should be on or before [35]
[CTN]/Section3/Section3Part2/DetailsOfSurrender/AccountingPeriod	[N120B]	9698	The 'Accounting period of the claimant company' in Box N120B must not be longer than 12 months	The period covered by [N120B] should not be longer than 12 months
[CTN]/Section3/Section3Part2/DetailsOfSurrender/AccountingPeriod	[N120B]	9699	The 'Accounting period of claimant company' To date must not be before the From date in Box N120B	The 'To' date of [N120B] should not be before the 'From' date
[CTN]/Section3/Section3Part2/DetailsOfSurrender/AccountingPeriod	[N120B]	9700	The 'Accounting period of claimant company' To date in Box N120B must be on or after the return period From date in Box 30	The 'To' date of [N120B] should be on or after [30]
[CTN]/Section3/Section3Part2/Total	[N125]	9773	Box N125 must equal the sum of all 'Amount surrendered' entries in Boxes N120D	[N125] must equal the sum of all iterations of [N120D]
[CTN]/Section3/Section3Part2/ConsentToSurrender/ConsentOptions	[SN051]	9792	If the 'Type of Consent' section is present in Section 3 Part 2 on supplementary page CT600N, then at least one of 'Simplified arrangement is in force', 'Notice of consent completed' or 'Copy of notices of consent attached' must be Yes	If [SN051] is present the following should be true: [SN052] is present or [SN053] is present or [SN054] is present
[CTN]/Section3/Section3Part2/ConsentToSurrender/ConsentOptions/NoticeOfConsentCompleted	[SN053]	9793	Notice of consent completed' must not be Yes if 'Copy of notices of consent attached' is Yes in Section 3 Part 2 on supplementary page CT600N	[SN053] should not be present if [SN054] is present
[CTN]/Section3/Section3Part2/ConsentToSurrender/ConsentOptions/CopyOfNoticesOfConsentAttached	[SN054]	9794	Copy of notices of consent attached' must not be Yes if the 'Declaration of consent' section is completed in Section 3 Part 2 on supplementary page CT600N	[SN054] should not be present if [SN055] is present
[CTN]/Section3/Section3Part2/ConsentToSurrender/ConsentOptions/CopyOfNoticesOfConsentAttached	[SN054]	9795	If 'Copy of notices of consent attached' is Yes in Section 3 Part 2 on supplementary page CT600N then a PDF attachment of type 'Other' must be included	If [SN054] is 'yes' then there must be a PDF attachment of type 'other' in this submission.
[CTN]/Section3/Section3Part2/ConsentToSurrender/Declaration/AccountingPeriod	[N140/N145]	9796	The accounting period covered in Boxes N140 and N145 must not be longer than 12 months	The period covered by [N140/N145] should not be longer than 12 months
[CTN]/Section3/Section3Part2/ConsentToSurrender/Declaration/AccountingPeriod	[N140/N145]	9797	The accounting period end date in Box N145 should not before the From date in Box N140	The 'To' date of [N140/N145] should not be before the 'From' date
[CTN]/Section3/Section3Part3	[SN062]	9798	Section 4 on supplementary page CT600N must be completed if Section 3 Part 3 is completed	[SN095] should be present if [SN062] is present
[CTN]/Section3/Section3Part3	[SN062]	9799	Authorisation of claim to group relief for simplified arrangements must be present if the type of return is 'new' and Section 3 Part 3 on supplementary page CT600N is present	[SN069] should be present if ( [N003] equals 'new' ) and [SN062] is present
[CTN]/Section3/Section3Part3/DetailsOfSurrender/AccountingPeriod	[N160B]	9806	The 'Accounting period of surrendering company' From date in Box N160B must be on or before the return period To date in Box 35	The 'From' date of [N160B] should be on or before [35]
[CTN]/Section3/Section3Part3/DetailsOfSurrender/AccountingPeriod	[N160B]	9815	The 'Accounting period of surrendering company' in Box N160B must not be longer than 12 months	The period covered by [N160B] should not be longer than 12 months
[CTN]/Section3/Section3Part3/DetailsOfSurrender/AccountingPeriod	[N160B]	9836	The 'Accounting period of surrendering company' To date must not be before the From date in Box N160B	The 'To' date of [N160B] should not be before the 'From' date
[CTN]/Section3/Section3Part3/DetailsOfSurrender/AccountingPeriod	[N160B]	9837	The 'Accounting period of surrendering company' To date in Box N160B must be on or after the return period From date in Box 30	The 'To' date of [N160B] should be on or after [30]
[CTN]/Section3/Section3Part3/Total	[N165]	9838	Box N165 must equal the sum of all 'Amount claimed' entries in Boxes N160D	[N165] must equal the sum of all iterations of [N160D]
[CTN]/Section3/Section3Part3/Total	[N165]	9840	Box N265 must be completed if Box N165 is completed	[N265] should be present if [N165] is present
[CTN]/Section3/Section3Part3/ClaimAuthorisation	[SN069]	9841	Either 'Copy of notices of consent attached' or 'Authorisation of claim to group relief for simplified arrangements' must be Yes in Section 3 Part 3 on supplementary page CT600N	Must submit exactly one of [SN070] or [SN071]
[CTN]/Section3/Section3Part3/ClaimAuthorisation/CopyOfNoticesOfConsentAttached	[SN070]	9842	If 'Copy of notices of consent attached' is Yes in Section 3 Part 3 on supplementary page CT600N then a PDF attachment of type 'Other' must be included	If [SN070] is 'yes' then there must be a PDF attachment of type 'other' in this submission.
[CTN]/Section3/Section3Part4	[SN076]	9843	Consent to surrender' must be present if the type of return is 'new' and Section 3 part 4 on supplementary page CT600N is present	[SN083] should be present if ( [N003] equals 'new' ) and [SN076] is present
[CTN]/Section3/Section3Part4/DetailsOfSurrender/AccountingPeriod	[N190B]	9844	The 'Accounting period of claimant company' From date in Box N190B must be on or before the return period To date in Box 35	The 'From' date of [N190B] should be on or before [35]
[CTN]/Section3/Section3Part4/DetailsOfSurrender/AccountingPeriod	[N190B]	9845	The 'Accounting period of claimant company' in Box N190B must not be no longer than 12 months	The period covered by [N190B] should not be longer than 12 months
[CTN]/Section3/Section3Part4/DetailsOfSurrender/AccountingPeriod	[N190B]	9846	The 'Accounting period of claimant company' To date must not be before the From date in Box N190B	The 'To' date of [N190B] should not be before the 'From' date
[CTN]/Section3/Section3Part4/DetailsOfSurrender/AccountingPeriod	[N190B]	9847	The 'Accounting period of claimant company' To date in Box N190B must be on or after the return period From date in Box 30	The 'To' date of [N190B] should be on or after [30]
[CTN]/Section3/Section3Part4/Total	[N195]	9848	Box N195 must equal the sum of all 'Amount surrendered' entries in Boxes N190D	[N195] must equal the sum of all iterations of [N190D]
[CTN]/Section3/Section3Part4/ConsentToSurrender/ConsentOptions	[SN084]	9849	If the 'Type of Consent' section is present in Section 3 Part 4 on supplementary page CT600N, then at least one of 'Simplified arrangement is in force', 'Notice of consent completed' or 'Copy of notices of consent attached' must be Yes	If [SN084] is present the following should be true: [SN085] is present or [SN086] is present or [SN087] is present
[CTN]/Section3/Section3Part4/ConsentToSurrender/ConsentOptions/NoticeOfConsentCompleted	[SN086]	9850	If 'Copy of notices of consent attached' is Yes in Section 3 Part 4 on supplementary page CT600N then 'Notice of consent completed' must not be present	[SN086] should not be present if [SN087] is present
[CTN]/Section3/Section3Part4/ConsentToSurrender/ConsentOptions/CopyOfNoticesOfConsentAttached	[SN087]	9851	Copy of notices of consent attached' must not be Yes if the 'Declaration of consent' section is completed in Section 3 Part 4 on supplementary form CT600N	[SN087] should not be present if [SN088] is present
[CTN]/Section3/Section3Part4/ConsentToSurrender/ConsentOptions/CopyOfNoticesOfConsentAttached	[SN087]	9852	If 'Copy of notices of consent attached' is Yes in Section 3 Part 4 on supplementary page CT600N then a PDF attachment of type 'Other' must be included	If [SN087] is 'yes' then there must be a PDF attachment of type 'other' in this submission.
[CTN]/Section3/Section3Part4/ConsentToSurrender/Declaration/AccountingPeriod	[N210/N215]	9853	The accounting period covered in Boxes N210 and N215 should not be longer than 12 months	The period covered by [N210/N215] should not be longer than 12 months
[CTN]/Section3/Section3Part4/ConsentToSurrender/Declaration/AccountingPeriod	[N210/N215]	9854	The Accounting period end date in Box N215 must not be before the Accounting period start date in Box N210	The 'To' date of [N210/N215] should not be before the 'From' date
[CTN]/Section4	[SN095]	9855	Section 4 on supplementary page CT600N can only be completed if Box N230 or N240 is completed	If [SN095] is present the following should be true: [N230] is present or [N240] is present
[CTN]/Section4/AdjustedProfit	[N230]	9856	Box N230 must not be completed if Box N235 is completed	[N230] should not be present if [N235] is present
[CTN]/Section4/AdjustedLoss	[N235]	9857	Box N235 must not be completed if Box N230 is completed	[N235] should not be present if [N230] is present
[CTN]/Section4/JointVentureProfit	[N240]	9858	Box N240 must not be completed if Box N245 is completed	[N240] should not be present if [N245] is present
[CTN]/Section4/JointVentureLoss	[N245]	9859	Box N245 must not be completed if Box N240 is completed	[N245] should not be present if [N240] is present
[CTN]/Section4/TotalOfProfit	[N250]	9860	If the sum of Boxes N230 and Box N240 is greater than the sum of Boxes N235 and N245, then Box N250 must equal the sum of Boxes N230 and Box N240 minus the sum of Boxes N235 and N245. Otherwise Box N250 must equal 0 (zero)	If [N230] + [N240] > ( [N235] + [N245] ) then [N250] must equal [N230] + [N240] - ( [N235] + [N245] ), otherwise [N250] must equal 0
[CTN]/Section4/AllowableRPDTgroupReliefClaimed	[N260]	9861	Box N260 must equal Box N100 if completed	[N260] must equal [N100] if [N100] is present.
[CTN]/Section4/AllowableRPDTgroupReliefForCarriedForwardLossesClaimed	[N265]	9862	Box N265 must equal Box N165 if completed	[N265] must equal [N165] if [N165] is present.
[CTN]/Section4/RPDprofitsForAccountingPeriod	[N270]	9863	If Box N250 is greater than the sum of Boxes N255, N260 and N265, then Box N270 must equal Box N250 minus the sum of Boxes N255, N260 and N265 otherwise Box N270 must equal 0 (zero)	If [N250] > ( [N255] + [N260] + [N265] ) then [N270] must equal [N250] - ( [N255] + [N260] + [N265] ), otherwise [N270] must equal 0
[CTN]/Section4/ProfitsChargeableToRPDT	[N280]	9864	If Box N270 is greater than Box N275 then Box N280 must equal Box N270 minus Box N275 otherwise Box N280 must equal 0 (zero)	If [N270] > [N275], [N280] must equal [N270] - [N275]. Otherwise [N280] must equal 0
[CTN]/Section4/RPDTpayable	[N285]	9865	Box 497 must be completed if box N285 is completed	[497] should be present if [N285] is present
[CTP]		9001	Supplementary form CT600P is present so at least one of 'Pre-step 1 restriction' section, 'Step 1' section or 'Cultural reliefs and film, high-end TV, children's TV, animation and video games tax relief' section must be completed	At least one of [SP035], [SP041] or [SP144] should be present
[CTP]		9002	Box P190 must be completed if Box 886 is completed	[P190] should be present if [886] is present
[CTP]		9003	Box P310 must be completed if Box 663 is completed	[P310] should be present if [663] is present
[CTP]		9004	The Step 2 section on supplementary page CT600P must be completed if Box P95 minus Box P115 is greater than 0 (zero)	[SP051] should be present if ( [P95] minus [P115] ) exceeds 0
[CTP]		9005	The Step 3 section on supplementary page CT600P must be completed if Box P120 minus Box P140 is greater than 0 (zero)	[SP057] should be present if ( [P120] minus [P140] ) exceeds 0
[CTP]		9006	The Step 4 section on supplementary page CT600P must be completed if Box P145 minus Box P150 is greater than 0 (zero)	[SP060] should be present if ( [P145] minus [P150] ) exceeds 0
[CTP]		9007	The Step 5 section on supplementary page CT600P must be completed if Box P155 minus Box P160 is greater than 0 (zero)	[SP063] should be present if ( [P155] minus [P160] ) exceeds 0
[CTP]		9008	The Step 6 section on supplementary page CT600P must be completed if Box P165 minus Box P180 is greater than zero	[SP068] should be present if ( [P165] minus [P180] ) exceeds 0
[CTP]		9009	Box P315 must be completed if Box 665 is completed	[P315] should be present if [665] is present
[CTP]		9010	Box P325 must be completed if Box 540 is completed	[P325] should be present if [540] is present
[CTP]		9011	Box P330 must be completed if Box 885 is completed	[P330] should be present if [885] is present
[CTP]		9012	Box P245 must be completed if Box 541 is completed	[P245] should be present if [541] is present
[CTP]/AudioVisualExpenditureCredit	[SP001]	9015	If the 'Audio-Visual Expenditure Credit' section on supplementary page CT600P is present then Boxes P5, P10, P15, P20 or P25 must be completed	If [SP001] is present the following should be true: [P5] is present or [P10] is present or [P15] is present or [P20] is present or [P25] is present
[CTP]/AudioVisualExpenditureCredit/Film/UKrelevantGlobalExpenditure	[P5B]	8042	Box P5B must not be greater than Box P5A	[P5B] is valid only if this does not exceed [P5A]
[CTP]/AudioVisualExpenditureCredit/Film/ExpenditureCreditClaimed	[P5D]	8043	If P5C equals zero then P5D must equal zero, otherwise P5D must be less than P5C	If [P5C] equals zero then [P5D] must equal zero, otherwise [P5D] must be less than [P5C]
[CTP]/AudioVisualExpenditureCredit/HighEndTV/UKrelevantGlobalExpenditure	[P10B]	8044	Box P10B must not be greater than Box P10A	[P10B] is valid only if this does not exceed [P10A]
[CTP]/AudioVisualExpenditureCredit/HighEndTV/ExpenditureCreditClaimed	[P10D]	8045	If P10C equals zero then P10D must equal zero, otherwise P10D must be less than P10C	If [P10C] equals zero then [P10D] must equal zero, otherwise [P10D] must be less than [P10C]
[CTP]/AudioVisualExpenditureCredit/ChildrensTV/UKrelevantGlobalExpenditure	[P15B]	8046	Box P15B must not be greater than Box P15A	[P15B] is valid only if this does not exceed [P15A]
[CTP]/AudioVisualExpenditureCredit/ChildrensTV/ExpenditureCreditClaimed	[P15D]	8047	Box P15D must be less than Box P15C	[P15D] is valid only if this is less than [P15C]
[CTP]/AudioVisualExpenditureCredit/Animation/UKrelevantGlobalExpenditure	[P20B]	8048	Box P20B must not be greater than Box P20A	[P20B] is valid only if this does not exceed [P20A]
[CTP]/AudioVisualExpenditureCredit/Animation/ExpenditureCreditClaimed	[P20D]	8049	Box P20D must be less than Box P20C	[P20D] is valid only if this is less than [P20C]
[CTP]/AudioVisualExpenditureCredit/IndependentFilm/UKrelevantGlobalExpenditure	[P25B]	8050	Box P25B must not be greater than Box P25A	[P25B] is valid only if this does not exceed [P25A]
[CTP]/AudioVisualExpenditureCredit/IndependentFilm/ExpenditureCreditClaimed	[P25D]	8051	Box P25D must be less than Box P25C	[P25D] is valid only if this is less than [P25C]
[CTP]/AudioVisualExpenditureCredit/TotalAudioVisual/TotalRelevantGlobalExpenditure	[P30A]	9016	Box P30A must equal the sum of Boxes P5A, P10A, P15A, P20A and P25A	[P30A] is valid only if this equals ( The sum of [P5A], [P10A], [P15A], [P20A], and [P25A] )
[CTP]/AudioVisualExpenditureCredit/TotalAudioVisual/TotalUKrelevantGlobalExpenditure	[P30B]	8052	Box P30B must equal the sum of Boxes P5B, P10B, P15B, P20B and P25B	[P30B] is valid only if this equals ( The sum of [P5B], [P10B], [P15B], [P20B], and [P25B] )
[CTP]/AudioVisualExpenditureCredit/TotalAudioVisual/TotalQualifyingExpenditure	[P30C]	9017	Box P30C must equal the sum of Boxes P5C, P10C, P15C, P20C and P25C	[P30C] is valid only if this equals ( The sum of [P5C], [P10C], [P15C], [P20C], and [P25C] )
[CTP]/AudioVisualExpenditureCredit/TotalAudioVisual/TotalQualifyingExpenditure	[P30C]	9018	Box P75 must be completed if Box P30C is completed	[P75] should be present if [P30C] is present
[CTP]/AudioVisualExpenditureCredit/TotalAudioVisual/TotalExpenditureCreditClaimed	[P30D]	9019	Box P30D must equal the sum of Boxes P5D, P10D, P15D, P20D and P25D	[P30D] is valid only if this equals ( The sum of [P5D], [P10D], [P15D], [P20D], and [P25D] )
[CTP]/AudioVisualExpenditureCredit/TotalAudioVisual/TotalExpenditureCreditClaimed	[P30D]	9020	Box P80 must be completed if Box P30D is completed	[P80] should be present if [P30D] is present
[CTP]/AudioVisualExpenditureCredit/TotalAudioVisual/TotalAdditionalCreditForVisualEffects	[P30E]	8053	Box P30E must equal the sum of Boxes P5E and P10E	[P30E] is valid only if this equals ( [P5E] plus [P10E] )
[CTP]/AudioVisualExpenditureCredit/TotalAudioVisual/TotalAdditionalCreditForVisualEffects	[P30E]	8054	Box P81 must be completed if Box P30E is completed	[P81] should be present if [P30E] is present
[CTP]/VideoGamesExpenditureCredit/VideoGames/UKrelevantGlobalExpenditure	[P35B]	8055	Box P35B must not be greater than Box P35A	[P35B] is valid only if this does not exceed [P35A]
[CTP]/VideoGamesExpenditureCredit/VideoGames/ExpenditureCreditClaimed	[P35D]	8056	Box P35D must be less than Box P35C	[P35D] is valid only if this is less than [P35C]
[CTP]/VideoGamesExpenditureCredit/TotalVideoGames/TotalRelevantGlobalExpenditure	[P45A]	9021	Box P45A must equal Box P35A	[P45A] is valid only if this equals [P35A]
[CTP]/VideoGamesExpenditureCredit/TotalVideoGames/TotalUKrelevantGlobalExpenditure	[P45B]	8057	Box P45B must equal Box P35B	[P45B] is valid only if this equals [P35B]
[CTP]/VideoGamesExpenditureCredit/TotalVideoGames/TotalQualifyingExpenditure	[P45C]	9022	Box P45C must equal Box P35C	[P45C] is valid only if this equals [P35C]
[CTP]/VideoGamesExpenditureCredit/TotalVideoGames/TotalQualifyingExpenditure	[P45C]	9023	Box P85 must be completed if Box P45C has been completed	[P85] should be present if [P45C] is present
[CTP]/VideoGamesExpenditureCredit/TotalVideoGames/TotalExpenditureCreditClaimed	[P45D]	9024	Box P45D must equal Box P35D	[P45D] is valid only if this equals [P35D]
[CTP]/VideoGamesExpenditureCredit/TotalVideoGames/TotalExpenditureCreditClaimed	[P45D]	9025	Box P90 must be completed if Box P45D has been completed	[P90] should be present if [P45D] is present
[CTP]/PreStep1Restriction	[SP035]	9026	The 'AVEC and VGEC carried forward' section on supplementary page CT600P must be completed if the 'Pre-step 1 restriction' section on the same supplementary page is completed	[SP071] should be present if [SP035] is present
[CTP]/PreStep1Restriction/CorporationTaxLiability	[P55]	9027	If Box 530 is less than Box 475 then Box P55 must equal Box 475 minus Box 530 otherwise Box P55 must equal 0 (zero)	If [530] is less than [475] then [P55] must equal [475] - [530], else [P55] must equal zero
[CTP]/PreStep1Restriction/AmountOfStep2BroughtForwardAndSurrenderedAVECVGEC	[P60]	9028	Box P60 must not be greater than Box P50	[P60] is valid only if this does not exceed [P50]
[CTP]/PreStep1Restriction/AmountOfStep2BroughtForwardAndSurrenderedAVECVGEC	[P60]	9029	Box P60 must not be greater than Box P55	[P60] is valid only if this does not exceed [P55]
[CTP]/PreStep1Restriction/AmountOfStep2BroughtForwardAndSurrenderedAVECVGEC	[P60]	9030	Box P230 must be completed if Box P60 is completed	[P230] should be present if [P60] is present
[CTP]/PreStep1Restriction/AmountOfStep2BroughtForwardAVECVGECcarriedForward	[P65]	9031	Box P65 must equal Box P50 minus Box P60	[P65] is valid only if this equals ( [P50] minus [P60] )
[CTP]/PreStep1Restriction/AmountOfStep2BroughtForwardAVECVGECcarriedForward	[P65]	9032	Box P65 must equal Box P195	[P65] is valid only if this equals [P195]
[CTP]/PreStep1Restriction/RemainingCorporationTaxLiabilityCarriedForwardToStep1	[P70]	9033	Box P70 must equal Box P55 minus Box P60	[P70] is valid only if this equals ( [P55] minus [P60] )
[CTP]/PreStep1Restriction/RemainingCorporationTaxLiabilityCarriedForwardToStep1	[P70]	9034	Box P70 must equal Box P100	[P70] is valid only if this equals [P100]
[CTP]/Step1	[SP041]	9035	Box P100 must be completed if Box P70 is completed or if Box 475 is greater than Box 530 and the Step 1 section on supplementary page CT600P is present	[P100] should be present if ( [P70] is present or ( [475] exceeds [530] ) ) and [SP041] is present
[CTP]/Step1/QualifyingExpenditureOnWhichAVECisClaimedInThisAccountingPeriod	[P75]	9036	Box P75 can only be completed if Box P30C is completed	If [P75] is present the following should be true: [P30C] is present
[CTP]/Step1/QualifyingExpenditureOnWhichAVECisClaimedInThisAccountingPeriod	[P75]	9037	Box P75 must equal Box P30C	[P75] is valid only if this equals [P30C]
[CTP]/Step1/AVECclaim	[P80]	9038	Box P80 can only be completed if Box P30D is completed	If [P80] is present the following should be true: [P30D] is present
[CTP]/Step1/AVECclaim	[P80]	9039	Box P80 must equal Box P30D	[P80] is valid only if this equals [P30D]
[CTP]/Step1/AdditionalAVECcredit	[P81]	8058	Box P81 can only be completed if Box P30E is completed	If [P81] is present the following should be true: [P30E] is present
[CTP]/Step1/AdditionalAVECcredit	[P81]	8059	Box P81 must equal Box P30E	[P81] is valid only if this equals [P30E]
[CTP]/Step1/QualifyingExpenditureOnWhichVGECisClaimedInThisAccountingPeriod	[P85]	9040	Box P85 can only be completed if Box P45C is completed	If [P85] is present the following should be true: [P45C] is present
[CTP]/Step1/QualifyingExpenditureOnWhichVGECisClaimedInThisAccountingPeriod	[P85]	9041	Box P85 must equal Box P45C	[P85] is valid only if this equals [P45C]
[CTP]/Step1/VGECclaim	[P90]	9042	Box P90 can only be completed if Box P45D is completed	If [P90] is present the following should be true: [P45D] is present
[CTP]/Step1/VGECclaim	[P90]	9044	Box P90 must equal Box P45D	[P90] is valid only if this equals [P45D]
[CTP]/Step1/TotalAVECandVGECforTheAccountingPeriod	[P95]	9045	Box P95 must equal the sum of Boxes P80, P81 and P90	[P95] is valid only if this equals ( The sum of [P80], [P81], and [P90] )
[CTP]/Step1/RemainingCorporationTaxLiability	[P100]	9046	If Box P70 is not completed and Box 475 is greater than or equal to Box 530, then Box P100 must equal Box 475 minus Box 530. If Box P70 is not completed and Box 475 is less than Box 530, then Box P100 must equal 0 (zero)	If [P70] is not present and [475] is greater than or equal to [530] then [P100] must equal [475] minus [530], else if [P70] is not present and [475] is less than [530] then [P100] must equal zero.
[CTP]/Step1/RemainingCorporationTaxLiability	[P100]	9047	Box P110 must be completed if Box P100 is completed	[P110] should be present if [P100] is present
[CTP]/Step1/IncomeTaxDeductedFromProfits	[P105]	9048	Box P105 can only be completed if Box P100 is completed	If [P105] is present the following should be true: [P100] is present
[CTP]/Step1/IncomeTaxDeductedFromProfits	[P105]	9049	Box P105 must not be greater than Box 515	[P105] is valid only if this does not exceed [515]
[CTP]/Step1/IncomeTaxDeductedFromProfits	[P105]	9050	Box P105 must not be greater than Box P100	[P105] is valid only if this does not exceed [P100]
[CTP]/Step1/MaximumAmountAvailableForStep1SetOff	[P110]	9051	Box P110 can only be completed if Box P100 is completed	If [P110] is present the following should be true: [P100] is present
[CTP]/Step1/MaximumAmountAvailableForStep1SetOff	[P110]	9052	Box P110 must equal Box P100 minus Box P105	[P110] is valid only if this equals ( [P100] minus [P105] )
[CTP]/Step1/AmountOfAVECVGECusedToDischargeCorporationTaxAtStep1	[P115]	9053	Box P115 must equal the lesser of Boxes P95 and P110. If Box P110 is not completed then Box P115 must equal 0 (zero)	Must equal the lesser of [P95] and [P110]. If [P110] is not present then [P115] must equal zero
[CTP]/Step1/AmountOfAVECVGECusedToDischargeCorporationTaxAtStep1	[P115]	9054	Box P235 must be completed if Box P115 is completed	[P235] should be present if [P115] is present
[CTP]/Step2	[SP051]	9055	The Step 2 section on supplementary page CT600P can only be completed if the Step 1 section on the same page is completed	If [SP051] is present then [SP041] should be present
[CTP]/Step2	[SP051]	9056	The 'AVEC and VGEC carried forward' section on supplementary page CT600P must be completed if the Step 2 section on the same supplementary is completed	[SP071] should be present if [SP051] is present
[CTP]/Step2/Step1BalanceCarriedForwardToStep2	[P120]	9057	Box P120 must equal Box P95 minus Box P115	[P120] is valid only if this equals ( [P95] minus [P115] )
[CTP]/Step2/CorporationTaxChargeOnAVECandVGECforThisAP	[P125]	9058	Box P125 must not be less than Box P95 multiplied by [FULL RATE OF CT] at either the return period start date in Box 30 or the return period end date in Box 35	[P125] must not be less than [P95] multiplied by [FULL RATE OF CT] at either [30] or [35]
[CTP]/Step2/TotalAVECandVGECarisingInThisAPlessCorporationTaxChargeOnTheAVECandVGECforThisAP	[P130]	9059	Box P130 must equal Box P95 minus Box P125	[P130] is valid only if this equals ( [P95] minus [P125] )
[CTP]/Step2/AVECandVGECarisingInThisAPlessRemainingCorporationTaxLiabilityAtStep1	[P135]	9060	If Box P110 is less than P95 then Box P135 must equal Box P95 minus Box P110 otherwise Box P135 must equal 0 (zero)	If [P110] is less than [P95] then [P135] must equal [P95] - [P110], else [P135] must equal zero
[CTP]/Step2/Step2RestrictionCarriedForwardToNextAP	[P140]	9061	Box P140 must not be greater than Box P120	[P140] is valid only if this does not exceed [P120]
[CTP]/Step2/Step2RestrictionCarriedForwardToNextAP	[P140]	9062	Box P140 must equal Box P200	[P140] is valid only if this equals [P200]
[CTP]/Step2/Step2RestrictionCarriedForwardToNextAP	[P140]	9063	If Box P130 is less than P135 then Box P140 must equal Box P135 minus Box P130 otherwise Box P140 must equal 0 (zero)	If [P130] is less than [P135] then [P140] must equal [P135] - [P130], else [P140] must equal zero
[CTP]/Step3	[SP057]	9064	The Step 3 section on supplementary page CT600P can only be completed if the Step 2 section on the same supplementary is completed	If [SP057] is present the following should be true: [SP051] is present
[CTP]/Step3/Step2BalanceCarriedForwardToStep3	[P145]	9065	Box P145 must equal Box P120 minus Box P140	[P145] is valid only if this equals ( [P120] minus [P140] )
[CTP]/Step3/AmountUsedToDischargeCorporationTaxLiabilityOnAnotherAP	[P150]	9066	Box P150 must not be greater than Box P145	[P150] is valid only if this does not exceed [P145]
[CTP]/Step4	[SP060]	9067	The Step 4 section on supplementary page CT600P can only be completed if the Step 3 section on the same supplementary is completed	If [SP060] is present the following should be true: [SP057] is present
[CTP]/Step4/Step3BalanceCarriedForwardToStep4	[P155]	9068	Box P155 must equal Box P145 minus Box P150	[P155] is valid only if this equals ( [P145] minus [P150] )
[CTP]/Step4/CreditSurrenderedToGroupMember	[P160]	9069	Box P160 must not be greater than Box P155	[P160] is valid only if this does not exceed [P155]
[CTP]/Step4/CreditSurrenderedToGroupMember	[P160]	9070	Box P220 must be completed if Box P160 is completed	[P220] should be present if [P160] is present
[CTP]/Step4/CreditSurrenderedToGroupMember	[P160]	9071	The 'Details of AVEC and VGEC surrendered' section on supplementary page CT600P must be completed if Box P160 is completed	[SP085] should be present if [P160] is present
[CTP]/Step5	[SP063]	9072	The Step 5 section on supplementary page CT600P can only be completed if the Step 4 section on the same supplementary is completed	If [SP063] is present the following should be true: [SP060] is present
[CTP]/Step5/Step4BalanceCarriedForwardToStep5	[P165]	9073	Box P165 must equal Box P155 minus Box P160	[P165] is valid only if this equals ( [P155] minus [P160] )
[CTP]/Step5/AmountUsedToDischargeOtherCompanyLiabilityOnThisCorporationTaxSelfAssessment	[P170]	9074	Box P170 must not be greater than Box P165	[P170] is valid only if this does not exceed [P165]
[CTP]/Step5/AmountUsedToDischargeOtherCompanyLiabilityOnThisCorporationTaxSelfAssessment	[P170]	9075	Box P240 must be completed if Box P170 is completed	[P240] should be present if [P170] is present
[CTP]/Step5/AmountUsedToDischargeOtherCompanyLiabilityOnThisCorporationTaxSelfAssessment	[P170]	9076	Box P180 must be completed if Box P170 is completed	[P180] should be present if [P170] is present
[CTP]/Step5/AmountUsedToDischargeAnyOtherCompanyLiability	[P175]	9077	Box P175 must not be greater than Box P165 minus Box P170	[P175] is valid only if this does not exceed ( [P165] minus [P170] )
[CTP]/Step5/AmountUsedToDischargeAnyOtherCompanyLiability	[P175]	9078	Box P180 must be completed if Box P175 is completed	[P180] should be present if [P175] is present
[CTP]/Step5/TotalUsedToDischargeOtherCompanyLiability	[P180]	9079	Box P180 must equal the sum of Boxes P170 and P175	[P180] is valid only if this equals ( [P170] plus [P175] )
[CTP]/Step6	[SP068]	9080	The Step 6 section on supplementary page CT600P can only be completed if the Step 5 section on the same supplementary is completed	If [SP068] is present the following should be true: [SP063] is present
[CTP]/Step6/AmountsNotPayable	[P185]	9081	Box P185 must not be greater than Box P165 minus Box P180	[P185] is valid only if this does not exceed ( [P165] minus [P180] )
[CTP]/Step6/PayableAVECandVGEC	[P190]	9083	Box P190 must equal Box P165 minus the sum of Boxes P180 and P185	[P190] is valid only if this equals ( [P165] minus ( [P180] plus [P185] ) )
[CTP]/Step6/PayableAVECandVGEC	[P190]	8060	Box 886 must be completed if Box P190 does not equal 0 (zero)	[886] should be present if [P190] does not equal '0.00'
[CTP]/AVECVGECcarriedForward	[SP071]	9085	If the 'AVEC and VGEC carried forward' section is present on supplementary page CT600P then the 'Pre-step 1 restriction' section or the Step 2 section must be completed on the same supplementary page	If [SP071] is present the following should be true: [SP035] is present or [SP051] is present
[CTP]/AVECVGECcarriedForward/PreStep1Restriction	[P195]	9086	Box P195 must equal Box P65	[P195] is valid only if this equals [P65]
[CTP]/AVECVGECcarriedForward/Step2Restriction	[P200]	9087	Box P200 must equal Box P140	[P200] is valid only if this equals [P140]
[CTP]/AVECVGECcarriedForward/SurrenderedToOtherGroupCompany	[P205]	9088	If Box P205 is completed then Box P215 must be completed	If [P205] is present the following should be true: [P215] is present
[CTP]/AVECVGECcarriedForward/SurrenderedToOtherGroupCompany	[P205]	9089	Box P205 must not be greater than the sum of Boxes P195 and P200	[P205] is valid only if this does not exceed ( [P195] plus [P200] )
[CTP]/AVECVGECcarriedForward/SurrenderedToOtherGroupCompany	[P205]	9888	Box P205 must equal Box P215	[P205] is valid only if this equals [P215]
[CTP]/AVECVGECcarriedForward/SurrenderedToOtherGroupCompany	[P205]	9889	The 'Details of AVEG and VGEC surrendered' section on supplementary page CT600P must be completed if Box P205 is completed	[SP085] should be present if [P205] is present
[CTP]/AVECVGECcarriedForward/TotalCarriedForwardToNextAP	[P210]	9890	Box P210 must equal the sum of Boxes P195 and P200 minus Box P205	[P210] is valid only if this equals [P195] plus [P200] minus [P205]
[CTP]/AVECVGECsurrendered	[SP076]	9891	Box P160 or Box P205 must be completed if the 'AVEC and VGEC surrendered' section on supplementary page CT600P is completed	[P160] or [P205] should be present if [SP076] is present
[CTP]/AVECVGECsurrendered/Step2RestrictionSurrendered	[P215]	9892	Box P205 must be completed if Box P215 is completed	[P205] should be present if [P215] is present
[CTP]/AVECVGECsurrendered/Step4CreditSurrenderedToGroupMember	[P220]	9893	Box P160 must be completed if Box P220 is completed	[P160] should be present if [P220] is present
[CTP]/AVECVGECsurrendered/Step4CreditSurrenderedToGroupMember	[P220]	9894	Box P220 must equal Box P160	[P220] is valid only if this equals [P160]
[CTP]/AVECVGECsurrendered/TotalSurrendered	[P225]	9895	Box P225 must equal the sum of Boxes P215 and P220	[P225] is valid only if this equals ( [P215] plus [P220] )
[CTP]/TotalCreditsToDischargeAgainstLiabilitiesInThisCompanyTaxReturn/AVECVGECpreStep1DischargeAmount	[P230]	9896	Box P60 must be completed if Box P230 is completed	[P60] should be present if [P230] is present
[CTP]/TotalCreditsToDischargeAgainstLiabilitiesInThisCompanyTaxReturn/AVECVGECpreStep1DischargeAmount	[P230]	9897	Box P230 must equal Box P60	[P230] is valid only if this equals [P60]
[CTP]/TotalCreditsToDischargeAgainstLiabilitiesInThisCompanyTaxReturn/AVECVGECstep1DischargeAmount	[P235]	9898	Box P115 must be completed if Box P235 is completed	[P115] should be present if [P235] is present
[CTP]/TotalCreditsToDischargeAgainstLiabilitiesInThisCompanyTaxReturn/AVECVGECstep1DischargeAmount	[P235]	9899	Box P235 must equal Box P115	[P235] is valid only if this equals [P115]
[CTP]/TotalCreditsToDischargeAgainstLiabilitiesInThisCompanyTaxReturn/AVECVGECstep5DischargeAmountForThisAP	[P240]	9938	Box P170 must be completed if Box P240 is completed	[P170] should be present if [P240] is present
[CTP]/TotalCreditsToDischargeAgainstLiabilitiesInThisCompanyTaxReturn/AVECVGECstep5DischargeAmountForThisAP	[P240]	9939	Box P240 must equal Box P170	[P240] is valid only if this equals [P170]
[CTP]/TotalCreditsToDischargeAgainstLiabilitiesInThisCompanyTaxReturn/Total	[P245]	9940	Box 541 must be completed if P245 is completed	[541] should be present if [P245] is present
[CTP]/TotalCreditsToDischargeAgainstLiabilitiesInThisCompanyTaxReturn/Total	[P245]	9941	Box P245 must equal the sum of Boxes P230, P235 and P240	[P245] is valid only if this equals ( The sum of [P230], [P235], and [P240] )
[CTP]/TotalCreditsToDischargeAgainstLiabilitiesInThisCompanyTaxReturn/Total	[P245]	9904	Box P245 must equal Box 541	[P245] is valid only if this equals [541]
[CTP]/DetailsOfAVECVGECsurrendered	[SP085]	9905	If the 'Details of AVEG and VGEC surrendered' section is present on supplementary page CT600P then Box P205 or Box P160 must be completed	If [SP085] is present the following should be true: [P205] is present or [P160] is present
[CTP]/DetailsOfAVECVGECsurrendered/DetailsOfSurrender/AccountingPeriod	[P250C]	9906	The claimant company 'Accounting period' start date in Box P250C must be on or before the return period end date in Box 35	The 'From' date of [P250C] should be on or before [35]
[CTP]/DetailsOfAVECVGECsurrendered/DetailsOfSurrender/AccountingPeriod	[P250C]	9907	The claimant company 'Accounting period' in Box P250C must not be longer than 12 months	The period covered by [P250C] should not be longer than 12 months
[CTP]/DetailsOfAVECVGECsurrendered/DetailsOfSurrender/AccountingPeriod	[P250C]	9908	The claimant company 'Accounting period' end date must not be before the start date in Box P250C	The 'To' date of [P250C] should not be before the 'From' date
[CTP]/DetailsOfAVECVGECsurrendered/DetailsOfSurrender/AccountingPeriod	[P250C]	9909	The claimant company 'Accounting period' end date in Box P250C must be on or after the return period start date in Box 30	The 'To' date of [P250C] should be on or after [30]
[CTP]/DetailsOfAVECVGECsurrendered/Total	[P255]	9910	Box P255 must equal Box P225	[P255] is valid only if this equals [P225]
[CTP]/DetailsOfAVECVGECsurrendered/Total	[P255]	9911	Box P255 must equal the sum of all 'Details of AVEC and VGEC surrendered' amount entries in Boxes P250D	[P255] must equal the sum of all iterations of [P250D]
[CTP]/FilmHighEndTVchildrensTVanimationAndVideoGamesTaxRelief	[SP092]	9912	If the 'Film, high-end TV, children's TV, animation and video games tax relief' section is present on supplementary page CT600P then Box P260, Box P265, Box P270, Box P275 or Box 280 must be completed	If [SP092] is present the following should be true: [P260] is present or [P265] is present or [P270] is present or [P275] is present or [P280] is present
[CTP]/FilmHighEndTVchildrensTVanimationAndVideoGamesTaxRelief	[SP092]	9913	The 'Cultural reliefs and film, high-end TV, children's TV, animation and video game tax relief' section on supplementary page CT600P must be completed if the 'Film, high-end TV, children's TV, animation and video games tax relief' section is completed	[SP144] should be present if [SP092] is present
[CTP]/FilmHighEndTVchildrensTVanimationAndVideoGamesTaxRelief	[SP092]	8061	The 'Film, high-end TV, children's TV, animation and video games tax relief' section must not be completed if Box 30 is on or after 1 April 2027	[SP092] should not be present if [30] on or after '2027-04-01'
[CTP]/FilmHighEndTVchildrensTVanimationAndVideoGamesTaxRelief/Film/UKcoreExpenditure	[P260B]	8062	Box P260B must not be greater than Box P260A	[P260B] is valid only if this does not exceed [P260A]
[CTP]/FilmHighEndTVchildrensTVanimationAndVideoGamesTaxRelief/Film/TaxCreditClaimed	[P260E]	8063	If P260D equals zero then P260E must equal zero, otherwise P260E must be less than P260D	If [P260D] equals zero then [P260E] must equal zero, otherwise [P260E] must be less than [P260D]
[CTP]/FilmHighEndTVchildrensTVanimationAndVideoGamesTaxRelief/HighEndTV/UKcoreExpenditure	[P265B]	8064	Box P265B must not be greater than Box P265A	[P265B] is valid only if this does not exceed [P265A]
[CTP]/FilmHighEndTVchildrensTVanimationAndVideoGamesTaxRelief/HighEndTV/TaxCreditClaimed	[P265E]	8065	If P265D equals zero then P265E must equal zero, otherwise P265E must be less than P265D	If [P265D] equals zero then [P265E] must equal zero, otherwise [P265E] must be less than [P265D]
[CTP]/FilmHighEndTVchildrensTVanimationAndVideoGamesTaxRelief/ChildrensTV/UKcoreExpenditure	[P270B]	8066	Box P270B must not be greater than Box P270A	[P270B] is valid only if this does not exceed [P270A]
[CTP]/FilmHighEndTVchildrensTVanimationAndVideoGamesTaxRelief/ChildrensTV/TaxCreditClaimed	[P270E]	8067	If P270D equals zero then P270E must equal zero, otherwise P270E must be less than P270D	If [P270D] equals zero then [P270E] must equal zero, otherwise [P270E] must be less than [P270D]
[CTP]/FilmHighEndTVchildrensTVanimationAndVideoGamesTaxRelief/Animation/UKcoreExpenditure	[P275B]	8068	Box P275B must not be greater than Box P275A	[P275B] is valid only if this does not exceed [P275A]
[CTP]/FilmHighEndTVchildrensTVanimationAndVideoGamesTaxRelief/Animation/TaxCreditClaimed	[P275E]	8069	If P275D equals zero then P275E must equal zero, otherwise P275E must be less than P275D	If [P275D] equals zero then [P275E] must equal zero, otherwise [P275E] must be less than [P275D]
[CTP]/FilmHighEndTVchildrensTVanimationAndVideoGamesTaxRelief/VideoGames/UKcoreExpenditure	[P280B]	8070	Box P280B must not be greater than Box P280A	[P280B] is valid only if this does not exceed [P280A]
[CTP]/FilmHighEndTVchildrensTVanimationAndVideoGamesTaxRelief/VideoGames/TaxCreditClaimed	[P280E]	8071	If P280D equals zero then P280E must equal zero, otherwise P280E must be less than P280D	If [P280D] equals zero then [P280E] must equal zero, otherwise [P280E] must be less than [P280D]
[CTP]/FilmHighEndTVchildrensTVanimationAndVideoGamesTaxRelief/TotalAudioVisualAndVideoGames/TotalCoreExpenditure	[P285A]	9914	Box P285A must equal the sum of Boxes P260A, P265A, P270A, P275A, and P280A	[P285A] is valid only if this equals ( The sum of [P260A], [P265A], [P270A], [P275A], and [P280A] )
[CTP]/FilmHighEndTVchildrensTVanimationAndVideoGamesTaxRelief/TotalAudioVisualAndVideoGames/TotalUKcoreExpenditure	[P285B]	8072	Box P285B must equal the sum of Boxes P260B, P265B, P270B, P275B, and P280B	[P285B] is valid only if this equals ( The sum of [P260B], [P265B], [P270B], [P275B], and [P280B] )
[CTP]/FilmHighEndTVchildrensTVanimationAndVideoGamesTaxRelief/TotalAudioVisualAndVideoGames/TotalAdditionalDeduction	[P285C]	9915	Box P285C must equal the sum of Boxes P260C, P265C, P270C, P275C and P280C	[P285C] is valid only if this equals ( The sum of [P260C], [P265C], [P270C], [P275C], and [P280C] )
[CTP]/FilmHighEndTVchildrensTVanimationAndVideoGamesTaxRelief/TotalAudioVisualAndVideoGames/TotalLossesSurrenderedForTaxCredit	[P285D]	9916	Box P285D must equal the sum of Boxes P260D, P265D, P270D, P275D, and P280D	[P285D] is valid only if this equals ( The sum of [P260D], [P265D], [P270D], [P275D], and [P280D] )
[CTP]/FilmHighEndTVchildrensTVanimationAndVideoGamesTaxRelief/TotalAudioVisualAndVideoGames/TotalTaxCreditClaimed	[P285E]	9917	Box P285E must equal the sum of Boxes P260E, P265E, P270E, P275E, and P280E	[P285E] is valid only if this equals ( The sum of [P260E], [P265E], [P270E], [P275E], and [P280E] )
[CTP]/CulturalReliefs	[SP123]	9918	If the 'Cultural reliefs' section on supplementary page CT600P is present then at least one of Boxes P290, P295 or P300 must be completed	If [SP123] is present at least one of [P290], [P295], [P300] should be present
[CTP]/CulturalReliefs	[SP123]	9919	The 'Cultural reliefs and film, high-end TV, children's TV, animation and video game tax relief' section on Supplementary page CT600P must be completed if the 'Cultural reliefs' section is completed	[SP144] should be present if [SP123] is present
[CTP]/CulturalReliefs/Theatre/UKcoreExpenditure	[P290B]	8073	Box P290B must not be greater than P290A	[P290B] is valid only if this does not exceed [P290A]
[CTP]/CulturalReliefs/Theatre/TaxCreditClaimed	[P290E]	8074	If P290D equals zero then P290E must equal zero, otherwise P290E must be less than P290D	If [P290D] equals zero then [P290E] must equal zero, otherwise [P290E] must be less than [P290D]
[CTP]/CulturalReliefs/Orchestra/UKcoreExpenditure	[P295B]	8075	Box P295B must not be greater than Box P295A	[P295B] is valid only if this does not exceed [P295A]
[CTP]/CulturalReliefs/Orchestra/TaxCreditClaimed	[P295E]	8076	If P295D equals zero then P295E must equal zero, otherwise P295E must be less than P295D	If [P295D] equals zero then [P295E] must equal zero, otherwise [P295E] must be less than [P295D]
[CTP]/CulturalReliefs/MuseumGalleryExhibition/UKcoreExpenditure	[P300B]	8077	Box P300B must not be greater than Box P300A	[P300B] is valid only if this does not exceed [P300A]
[CTP]/CulturalReliefs/MuseumGalleryExhibition/TaxCreditClaimed	[P300E]	8078	If P300D equals zero then P300E must equal zero, otherwise P300E must be less than P300D	If [P300D] equals zero then [P300E] must equal zero, otherwise [P300E] must be less than [P300D]
[CTP]/CulturalReliefs/TotalCulturalReliefs/TotalCoreExpenditure	[P305A]	9920	Box 305A must equal the sum of Boxes P290A, P295A and P300A	[P305A] is valid only if this equals ( The sum of [P290A], [P295A], and [P300A] )
[CTP]/CulturalReliefs/TotalCulturalReliefs/TotalUKcoreExpenditure	[P305B]	8079	Box P305B must equal the sum of Boxes P290B, P295B and P300B	[P305B] is valid only if this equals ( The sum of [P290B], [P295B], and [P300B] )
[CTP]/CulturalReliefs/TotalCulturalReliefs/TotalAdditionalDeduction	[P305C]	9921	Box P305C must equal the sum of Boxes P290C, P295C and P300C	[P305C] is valid only if this equals ( The sum of [P290C], [P295C], and [P300C] )
[CTP]/CulturalReliefs/TotalCulturalReliefs/TotalLossesSurrenderedForTaxCredit	[P305D]	9922	Box P305D must equal the sum of Boxes P290D, P295D and P300D	[P305D] is valid only if this equals ( The sum of [P290D], [P295D], and [P300D] )
[CTP]/CulturalReliefs/TotalCulturalReliefs/TotalTaxCreditClaimed	[P305E]	9923	Box P305E must equal the sum of Boxes P290E, P295E and P300E	[P305E] is valid only if this equals ( The sum of [P290E], [P295E], and [P300E] )
[CTP]/CulturalReliefsAndFilmHighEndTVchildrensTVanimationAndVideoGameTaxRelief	[SP144]	9924	The 'Cultural reliefs and film, high-end TV, children's TV, animation and video game tax relief' section on supplementary page CT600P can only be completed if the 'Film, high-end TV, children's TV, animation and video games tax relief' section or the 'Cultural reliefs' section is completed	If [SP144] is present the following should be true: [SP092] is present or [SP123] is present
[CTP]/CulturalReliefsAndFilmHighEndTVchildrensTVanimationAndVideoGameTaxRelief/TotalCoreExpenditureForThisAP	[P310]	9925	Box 663 must be completed if Box P310 is completed	[663] should be present if [P310] is present
[CTP]/CulturalReliefsAndFilmHighEndTVchildrensTVanimationAndVideoGameTaxRelief/TotalCoreExpenditureForThisAP	[P310]	9926	Box P310 must equal the sum of Boxes P285A and P305A	[P310] is valid only if this equals ( [P285A] plus [P305A] )
[CTP]/CulturalReliefsAndFilmHighEndTVchildrensTVanimationAndVideoGameTaxRelief/TotalCoreExpenditureForThisAP	[P310]	9927	Box P310 must equal Box 663	[P310] is valid only if this equals [663]
[CTP]/CulturalReliefsAndFilmHighEndTVchildrensTVanimationAndVideoGameTaxRelief/TotalAdditionalDeductionForThisAP	[P315]	9928	Box 665 must be completed if Box P315 is completed	[665] should be present if [P315] is present
[CTP]/CulturalReliefsAndFilmHighEndTVchildrensTVanimationAndVideoGameTaxRelief/TotalAdditionalDeductionForThisAP	[P315]	9929	Box P315 must equal the sum of Boxes P285C and P305C	[P315] is valid only if this equals ( [P285C] plus [P305C] )
[CTP]/CulturalReliefsAndFilmHighEndTVchildrensTVanimationAndVideoGameTaxRelief/TotalAdditionalDeductionForThisAP	[P315]	9930	Box P315 must equal Box 665	[P315] is valid only if this equals [665]
[CTP]/CulturalReliefsAndFilmHighEndTVchildrensTVanimationAndVideoGameTaxRelief/TotalTaxCreditClaimForThisAP	[P320]	9931	Box P320 must equal the sum of Boxes P285E and P305E	[P320] is valid only if this equals ( [P285E] plus [P305E] )
[CTP]/CulturalReliefsAndFilmHighEndTVchildrensTVanimationAndVideoGameTaxRelief/PayableTaxCreditSetOffAgainstOtherLiabilitiesOnThisReturn	[P325]	9932	Box 540 must be completed if Box P325 is completed	[540] should be present if [P325] is present
[CTP]/CulturalReliefsAndFilmHighEndTVchildrensTVanimationAndVideoGameTaxRelief/PayableTaxCreditSetOffAgainstOtherLiabilitiesOnThisReturn	[P325]	9933	Box P325 must not be greater than Box P320	[P325] is valid only if this does not exceed [P320]
[CTP]/CulturalReliefsAndFilmHighEndTVchildrensTVanimationAndVideoGameTaxRelief/PayableTaxCreditSetOffAgainstOtherLiabilitiesOnThisReturn	[P325]	9934	Box P325 must equal Box 540	[P325] is valid only if this equals [540]
[CTP]/CulturalReliefsAndFilmHighEndTVchildrensTVanimationAndVideoGameTaxRelief/BalancePayableTaxCredit	[P330]	9936	Box P330 must equal Box P320 minus Box P325	[P330] is valid only if this equals ( [P320] minus [P325] )
[CTP]/CulturalReliefsAndFilmHighEndTVchildrensTVanimationAndVideoGameTaxRelief/BalancePayableTaxCredit	[P330]	8080	Box 885 must be completed if Box P330 does not equal 0 (zero)	[885] should be present if [P330] does not equal '0.00'
[CT_PayeReferenceStructure]/HMRCofficeNumber	[HMRCOFFICE]	9670	The office numeral part of the PAYE reference must not equal '000'	[HMRCOFFICE] cannot equal 000
[CT_PayeReferenceStructure]/EmployerPAYEreference	[PAYEREF]	9671	The first character of your PAYE reference must not be a space	First character must not be a space
[CT_ProfitsTaxStructure]/Tax	[PTTAX]	9529	TAX should not exceed PROFITS.	[PTTAX] should not exceed [PTPROFITS].
